"Collection","Destination","Source","Bytes","SourceLastWriteUtc","SHA256"
"Canonical correctness audit","05_CANONICAL_CORRECTNESS_AUDIT\audit_package\code\audit_models.py","C:\Users\brian\Documents\Paper-Workbench\output\cm_lm_publication_20260918\runs\canonical_01\audit\code\audit_models.py","17509","2026-09-18T13:37:54.3914784Z","D84258B9199849C24C7B7654116A13FCDF110622B18F996146A343064DC2383F"
"Canonical correctness audit","05_CANONICAL_CORRECTNESS_AUDIT\audit_package\code\audit_protocols.py","C:\Users\brian\Documents\Paper-Workbench\output\cm_lm_publication_20260918\runs\canonical_01\audit\code\audit_protocols.py","16619","2026-09-18T13:37:54.3995982Z","A9E670E5D9C2184A52A88498D5A5742E578D5DF8F5C8B3764A75B2EF2CE7B05C"
"Canonical correctness audit","05_CANONICAL_CORRECTNESS_AUDIT\audit_package\code\audit_restrictions.py","C:\Users\brian\Documents\Paper-Workbench\output\cm_lm_publication_20260918\runs\canonical_01\audit\code\audit_restrictions.py","5412","2026-09-18T13:37:54.4097450Z","8F99F907606F6FAE20811E4FCE7BBE0B374848742A7112C0EB58E0BFD48B4E5F"
"Canonical correctness audit","05_CANONICAL_CORRECTNESS_AUDIT\audit_package\code\boolean_kernel.py","C:\Users\brian\Documents\Paper-Workbench\output\cm_lm_publication_20260918\runs\canonical_01\audit\code\boolean_kernel.py","4571","2026-09-18T13:37:54.4097450Z","4B9FF91F469DD72F21EF335DEF983F4A62338BEDE09CD2EF3E4592D0337F7C1A"
"Canonical correctness audit","05_CANONICAL_CORRECTNESS_AUDIT\audit_package\code\generate_report_tables.py","C:\Users\brian\Documents\Paper-Workbench\output\cm_lm_publication_20260918\runs\canonical_01\audit\code\generate_report_tables.py","8745","2026-09-18T13:37:54.4299965Z","01809C3223787027D2682F988CD21EF932DBEF763E5AA505825EFCAC4445DDDD"
"Canonical correctness audit","05_CANONICAL_CORRECTNESS_AUDIT\audit_package\code\run_historical.py","C:\Users\brian\Documents\Paper-Workbench\output\cm_lm_publication_20260918\runs\canonical_01\audit\code\run_historical.py","1056","2026-09-18T13:37:54.4404243Z","D0CE174A0D8DBE6ED807E3A0AA2210EF31125068EA74AAE455CDBD38A599F953"
"Canonical correctness audit","05_CANONICAL_CORRECTNESS_AUDIT\audit_package\code\verify_artifacts.py","C:\Users\brian\Documents\Paper-Workbench\output\cm_lm_publication_20260918\runs\canonical_01\audit\code\verify_artifacts.py","1797","2026-09-18T13:37:54.4404243Z","CC54C944F1B1C453D384E84CAED8807014839755EBC77B8C2F37F6E7FDA7C2DC"
"Canonical correctness audit","05_CANONICAL_CORRECTNESS_AUDIT\audit_package\data\all_resource_branch_rank_audit.csv","C:\Users\brian\Documents\Paper-Workbench\output\cm_lm_publication_20260918\runs\canonical_01\audit\data\all_resource_branch_rank_audit.csv","801","2026-09-18T14:09:46.0788754Z","F6AFE13CF4C66B614BD24121C72EE3D262226E13F9C8838C5C1ADCB8A83E550E"
"Canonical correctness audit","05_CANONICAL_CORRECTNESS_AUDIT\audit_package\data\artifact_validation.json","C:\Users\brian\Documents\Paper-Workbench\output\cm_lm_publication_20260918\runs\canonical_01\audit\data\artifact_validation.json","1084","2026-09-18T13:37:54.4606804Z","0163C4AD8615BCCD7765490019889F510FC8023EC1F62CF84F0D7D989A44B287"
"Canonical correctness audit","05_CANONICAL_CORRECTNESS_AUDIT\audit_package\data\audit_summary.json","C:\Users\brian\Documents\Paper-Workbench\output\cm_lm_publication_20260918\runs\canonical_01\audit\data\audit_summary.json","15791","2026-09-18T14:10:34.7497943Z","E8BA89A033152C49381EEACD0AAA5C6556EB81EF8C3CFB58444C274BDCBCBB63"
"Canonical correctness audit","05_CANONICAL_CORRECTNESS_AUDIT\audit_package\data\audit_timing.json","C:\Users\brian\Documents\Paper-Workbench\output\cm_lm_publication_20260918\runs\canonical_01\audit\data\audit_timing.json","414","2026-09-18T14:10:34.7538492Z","FF7A06BC68655285096C7D4EF4D3CEB04BF979B64FB60EE128DC8EAFA14D7623"
"Canonical correctness audit","05_CANONICAL_CORRECTNESS_AUDIT\audit_package\data\basis_permutation_entanglers.csv","C:\Users\brian\Documents\Paper-Workbench\output\cm_lm_publication_20260918\runs\canonical_01\audit\data\basis_permutation_entanglers.csv","292","2026-09-18T14:09:19.4276609Z","73A6583CD0D5CD2A027607258C5A6668AF9685FF5A73A23DE7A1E9AF9D5BE1FA"
"Canonical correctness audit","05_CANONICAL_CORRECTNESS_AUDIT\audit_package\data\bell_tables_audited.csv","C:\Users\brian\Documents\Paper-Workbench\output\cm_lm_publication_20260918\runs\canonical_01\audit\data\bell_tables_audited.csv","109","2026-09-18T14:09:19.4439724Z","66EAD329B640407AC93BE458B7B901831D1DCAB350F800318314BDC4240C2065"
"Canonical correctness audit","05_CANONICAL_CORRECTNESS_AUDIT\audit_package\data\bob_conjugation_basis_relabeling.json","C:\Users\brian\Documents\Paper-Workbench\output\cm_lm_publication_20260918\runs\canonical_01\audit\data\bob_conjugation_basis_relabeling.json","5271","2026-09-18T14:09:26.9732354Z","A632F85DE920E2790D9D983F6F20C3303E747FDDA9A8268C575E74613C641FC8"
"Canonical correctness audit","05_CANONICAL_CORRECTNESS_AUDIT\audit_package\data\canonical_bell_basis.json","C:\Users\brian\Documents\Paper-Workbench\output\cm_lm_publication_20260918\runs\canonical_01\audit\data\canonical_bell_basis.json","9914","2026-09-18T14:09:28.7609789Z","6C909575BF7299A40916B7C33FCB28E23CFD8758FD38E7F53CB499C3080FBAAE"
"Canonical correctness audit","05_CANONICAL_CORRECTNESS_AUDIT\audit_package\data\claim_ledger.csv","C:\Users\brian\Documents\Paper-Workbench\output\cm_lm_publication_20260918\runs\canonical_01\audit\data\claim_ledger.csv","4463","2026-09-18T13:37:54.5062649Z","299F9FD0C2DFD23AE947B3A1EB6CA10B526BA381718B700DC6C45B4EC6DD2F18"
"Canonical correctness audit","05_CANONICAL_CORRECTNESS_AUDIT\audit_package\data\class_inventory_audited.csv","C:\Users\brian\Documents\Paper-Workbench\output\cm_lm_publication_20260918\runs\canonical_01\audit\data\class_inventory_audited.csv","560","2026-09-18T14:09:16.3083905Z","4C481D08BD4D4EF90064338F99D119F64263ACB86CBA2C1F0B91E780E3DAEE91"
"Canonical correctness audit","05_CANONICAL_CORRECTNESS_AUDIT\audit_package\data\contextuality_audited_15_classes.csv","C:\Users\brian\Documents\Paper-Workbench\output\cm_lm_publication_20260918\runs\canonical_01\audit\data\contextuality_audited_15_classes.csv","723","2026-09-18T14:09:26.9692885Z","65611C462F6C6EB94AE80B641BDE99F801D216B651175F33B44380756093345B"
"Canonical correctness audit","05_CANONICAL_CORRECTNESS_AUDIT\audit_package\data\dense_coding_64_messages.csv","C:\Users\brian\Documents\Paper-Workbench\output\cm_lm_publication_20260918\runs\canonical_01\audit\data\dense_coding_64_messages.csv","2410","2026-09-18T14:09:46.4310777Z","E540FC7889CDFF2C5EB78F79C69262BFFD89B70BE6254B947C27FB0C96B30A59"
"Canonical correctness audit","05_CANONICAL_CORRECTNESS_AUDIT\audit_package\data\equal_rank_class_equivalence.json","C:\Users\brian\Documents\Paper-Workbench\output\cm_lm_publication_20260918\runs\canonical_01\audit\data\equal_rank_class_equivalence.json","406","2026-09-18T14:09:47.4150601Z","CEDA737DCF760462DC2C25DC82B4C145E08AF27DFE615E911B631598FB9A7101"
"Canonical correctness audit","05_CANONICAL_CORRECTNESS_AUDIT\audit_package\data\external_probability_LP.json","C:\Users\brian\Documents\Paper-Workbench\output\cm_lm_publication_20260918\runs\canonical_01\audit\data\external_probability_LP.json","15662","2026-09-18T14:09:51.8650243Z","20CD1211320CA9B871BAA706C2C7D62D9F19EE7C2ABD3C6E00B89588F10E72B0"
"Canonical correctness audit","05_CANONICAL_CORRECTNESS_AUDIT\audit_package\data\ghz_tables_audited.csv","C:\Users\brian\Documents\Paper-Workbench\output\cm_lm_publication_20260918\runs\canonical_01\audit\data\ghz_tables_audited.csv","447","2026-09-18T14:09:27.1183748Z","F866037DBA60D7FA5DD28E2CD5B868412D539A39D11E26A9BDEF4E9B2B480DDC"
"Canonical correctness audit","05_CANONICAL_CORRECTNESS_AUDIT\audit_package\data\historical_test_rerun.json","C:\Users\brian\Documents\Paper-Workbench\output\cm_lm_publication_20260918\runs\canonical_01\audit\data\historical_test_rerun.json","924","2026-09-18T13:37:54.5426437Z","F1272524ADB5D06D6B942E304BC54A728DB208301149F61AF4311B1C8D9F0EBF"
"Canonical correctness audit","05_CANONICAL_CORRECTNESS_AUDIT\audit_package\data\input_archives.json","C:\Users\brian\Documents\Paper-Workbench\output\cm_lm_publication_20260918\runs\canonical_01\audit\data\input_archives.json","658","2026-09-18T13:37:54.5557780Z","A0A016C900B758E64E167BF24BF34C3BE36CC20D067D48FAEBE35B92311C6F2F"
"Canonical correctness audit","05_CANONICAL_CORRECTNESS_AUDIT\audit_package\data\literal_activation_witness.json","C:\Users\brian\Documents\Paper-Workbench\output\cm_lm_publication_20260918\runs\canonical_01\audit\data\literal_activation_witness.json","683","2026-09-18T14:09:47.4106809Z","B2DB3E16F954608F197FD7ED7FB13A2EE47793668A6B2DF09E20B3E0B6F06BB7"
"Canonical correctness audit","05_CANONICAL_CORRECTNESS_AUDIT\audit_package\data\literal_finite_copy_activation.csv","C:\Users\brian\Documents\Paper-Workbench\output\cm_lm_publication_20260918\runs\canonical_01\audit\data\literal_finite_copy_activation.csv","259","2026-09-18T14:09:47.4067708Z","303731AB96B637DF64B6158039E6024F4ECC5EB59863D60519D8AE077B18F706"
"Canonical correctness audit","05_CANONICAL_CORRECTNESS_AUDIT\audit_package\data\literal_restricted_subspaces.csv","C:\Users\brian\Documents\Paper-Workbench\output\cm_lm_publication_20260918\runs\canonical_01\audit\data\literal_restricted_subspaces.csv","181","2026-09-18T14:09:47.5759906Z","7B43FC99092BF07410DB3F6AB989B20901B96E5FC345BA9875735A5CEE56ED64"
"Canonical correctness audit","05_CANONICAL_CORRECTNESS_AUDIT\audit_package\data\literature_inventory.json","C:\Users\brian\Documents\Paper-Workbench\output\cm_lm_publication_20260918\runs\canonical_01\audit\data\literature_inventory.json","1813","2026-09-18T13:37:54.5769540Z","4FA26858B94D675D58A218CE78E95B11C9E48F402ACB951BE255BF6165AA94D6"
"Canonical correctness audit","05_CANONICAL_CORRECTNESS_AUDIT\audit_package\data\local_stabilizers_audited.csv","C:\Users\brian\Documents\Paper-Workbench\output\cm_lm_publication_20260918\runs\canonical_01\audit\data\local_stabilizers_audited.csv","282","2026-09-18T14:09:19.2340223Z","33C76916D670EBA29EA7532FDFDA8D8933F09DD2A66319CBD23BBA6468967FD0"
"Canonical correctness audit","05_CANONICAL_CORRECTNESS_AUDIT\audit_package\data\measurement_bases_audited_192.csv","C:\Users\brian\Documents\Paper-Workbench\output\cm_lm_publication_20260918\runs\canonical_01\audit\data\measurement_bases_audited_192.csv","2518","2026-09-18T14:09:16.6401321Z","9B62B309108BC939EA166B715FC274B2BC2FAA73BC5171B78290B69B7CD6A513"
"Canonical correctness audit","05_CANONICAL_CORRECTNESS_AUDIT\audit_package\data\probability_exact_affine_constraints.json","C:\Users\brian\Documents\Paper-Workbench\output\cm_lm_publication_20260918\runs\canonical_01\audit\data\probability_exact_affine_constraints.json","838","2026-09-18T14:09:55.2790366Z","E9E774ED74E58897A573B75995258BA88CE4FAAF6DAF1620CD38C6F0AAB3AEBB"
"Canonical correctness audit","05_CANONICAL_CORRECTNESS_AUDIT\audit_package\data\release_validation.json","C:\Users\brian\Documents\Paper-Workbench\output\cm_lm_publication_20260918\runs\canonical_01\audit\data\release_validation.json","1070","2026-09-18T13:37:54.6067382Z","EB8B936336FE38A20B8EFAE5FB37BA379AAD059BF92B05A24DF4EB9C06324217"
"Canonical correctness audit","05_CANONICAL_CORRECTNESS_AUDIT\audit_package\data\resource_inventory_audited_65536.csv","C:\Users\brian\Documents\Paper-Workbench\output\cm_lm_publication_20260918\runs\canonical_01\audit\data\resource_inventory_audited_65536.csv","1365171","2026-09-18T14:09:16.6291264Z","1319F113061904BC154A45A9898C103102C9E9C1BD8A1406D9116E218CC725CF"
"Canonical correctness audit","05_CANONICAL_CORRECTNESS_AUDIT\audit_package\data\shared_restricted_and_quotient_exhaustive.csv","C:\Users\brian\Documents\Paper-Workbench\output\cm_lm_publication_20260918\runs\canonical_01\audit\data\shared_restricted_and_quotient_exhaustive.csv","539","2026-09-18T14:10:29.5257342Z","83FD285F330A26A3E37F164CF53072037173039BAD84CF6BA9ECFC056B4B955E"
"Canonical correctness audit","05_CANONICAL_CORRECTNESS_AUDIT\audit_package\data\teleportation_direct_256x64.csv","C:\Users\brian\Documents\Paper-Workbench\output\cm_lm_publication_20260918\runs\canonical_01\audit\data\teleportation_direct_256x64.csv","304049","2026-09-18T14:09:29.0256658Z","4D963464F001314B64A8320E1CB9771BC937BF601EB4091558FD46344EF163D3"
"Canonical correctness audit","05_CANONICAL_CORRECTNESS_AUDIT\audit_package\logs\corrected_cleanup_error.txt","C:\Users\brian\Documents\Paper-Workbench\output\cm_lm_publication_20260918\runs\canonical_01\audit\logs\corrected_cleanup_error.txt","1026","2026-09-18T13:37:54.6889872Z","1160B3F95E38D66EA663457620C0CB9A8DCF0A619D1BCF4B21E6482C8E44C0DB"
"Canonical correctness audit","05_CANONICAL_CORRECTNESS_AUDIT\audit_package\logs\final_artifacts.txt","C:\Users\brian\Documents\Paper-Workbench\output\cm_lm_publication_20260918\runs\canonical_01\audit\logs\final_artifacts.txt","1084","2026-09-18T13:37:54.6947693Z","0163C4AD8615BCCD7765490019889F510FC8023EC1F62CF84F0D7D989A44B287"
"Canonical correctness audit","05_CANONICAL_CORRECTNESS_AUDIT\audit_package\logs\final_models.txt","C:\Users\brian\Documents\Paper-Workbench\output\cm_lm_publication_20260918\runs\canonical_01\audit\logs\final_models.txt","57","2026-09-18T13:37:54.7098419Z","88144B295E1EC667B69E76A92BA3765514030FEA04AA9F7943D382ED7EDE010B"
"Canonical correctness audit","05_CANONICAL_CORRECTNESS_AUDIT\audit_package\logs\final_protocols.txt","C:\Users\brian\Documents\Paper-Workbench\output\cm_lm_publication_20260918\runs\canonical_01\audit\logs\final_protocols.txt","74","2026-09-18T13:37:54.7139158Z","08A5709401B793B51176D5B04A7CE63526340C04C5974E8BAD1AECD0FFBE6C36"
"Canonical correctness audit","05_CANONICAL_CORRECTNESS_AUDIT\audit_package\logs\final_restrictions.txt","C:\Users\brian\Documents\Paper-Workbench\output\cm_lm_publication_20260918\runs\canonical_01\audit\logs\final_restrictions.txt","51","2026-09-18T13:37:54.7194557Z","65685D103102CB31766208FB7D27D2DBAEDA86778E49B3DBD457F06DE2963DE7"
"Canonical correctness audit","05_CANONICAL_CORRECTNESS_AUDIT\audit_package\logs\full_reproduction.txt","C:\Users\brian\Documents\Paper-Workbench\output\cm_lm_publication_20260918\runs\canonical_01\audit\logs\full_reproduction.txt","1785","2026-09-18T13:37:54.7244185Z","B67172F94EEB65B89F8058650300B5383882C48B5111B741E916FF39AA6A57DC"
"Canonical correctness audit","05_CANONICAL_CORRECTNESS_AUDIT\audit_package\logs\historical_driver.txt","C:\Users\brian\Documents\Paper-Workbench\output\cm_lm_publication_20260918\runs\canonical_01\audit\logs\historical_driver.txt","536","2026-09-18T13:37:54.7345996Z","7EAF91D1E43971B1DA7138D87C902B87824821B192AC012520AAA3187688004E"
"Canonical correctness audit","05_CANONICAL_CORRECTNESS_AUDIT\audit_package\logs\independent_driver.txt","C:\Users\brian\Documents\Paper-Workbench\output\cm_lm_publication_20260918\runs\canonical_01\audit\logs\independent_driver.txt","57","2026-09-18T13:37:54.7389834Z","4AFF38E7FBFDCB25032FCCCAC97FD24547493D05E66535B76FA06235521D5B91"
"Canonical correctness audit","05_CANONICAL_CORRECTNESS_AUDIT\audit_package\logs\Independent_Phase_CM_Tensor_Audit_final.txt","C:\Users\brian\Documents\Paper-Workbench\output\cm_lm_publication_20260918\runs\canonical_01\audit\logs\Independent_Phase_CM_Tensor_Audit_final.txt","99","2026-09-18T13:37:54.6491461Z","FAE44FD8FB37C7AC73039B0B22E5E58EE7CB7497400B264CF98BDAADC2CB32A1"
"Canonical correctness audit","05_CANONICAL_CORRECTNESS_AUDIT\audit_package\logs\Independent_Phase_CM_Tensor_Audit_rerun.txt","C:\Users\brian\Documents\Paper-Workbench\output\cm_lm_publication_20260918\runs\canonical_01\audit\logs\Independent_Phase_CM_Tensor_Audit_rerun.txt","99","2026-09-18T13:37:54.6507201Z","C671D8270FE5ECC9E29CAC3126A3D36F7E72600CD58AACB8D451C62A77D28B17"
"Canonical correctness audit","05_CANONICAL_CORRECTNESS_AUDIT\audit_package\logs\independent_tests.txt","C:\Users\brian\Documents\Paper-Workbench\output\cm_lm_publication_20260918\runs\canonical_01\audit\logs\independent_tests.txt","99","2026-09-18T13:37:54.7415162Z","B4D99550D907524E8775F9992D9B4F8A477B12D169DBFBF5A49DFD116FD34229"
"Canonical correctness audit","05_CANONICAL_CORRECTNESS_AUDIT\audit_package\logs\interrupted_aggregate_rerun.txt","C:\Users\brian\Documents\Paper-Workbench\output\cm_lm_publication_20260918\runs\canonical_01\audit\logs\interrupted_aggregate_rerun.txt","345","2026-09-18T13:37:54.7450933Z","D8971A1EAA147C7219D5F6B1A989411910BB335606FBF563617ABC9442971724"
"Canonical correctness audit","05_CANONICAL_CORRECTNESS_AUDIT\audit_package\logs\interrupted_full_reproduction_2.txt","C:\Users\brian\Documents\Paper-Workbench\output\cm_lm_publication_20260918\runs\canonical_01\audit\logs\interrupted_full_reproduction_2.txt","345","2026-09-18T13:37:54.7556422Z","B978206B8C0E6E5D3EE882D583C4DCAB2FD5B25BCA2AE5AAC80BEAAC600E3D80"
"Canonical correctness audit","05_CANONICAL_CORRECTNESS_AUDIT\audit_package\logs\interrupted_independent_aggregate.txt","C:\Users\brian\Documents\Paper-Workbench\output\cm_lm_publication_20260918\runs\canonical_01\audit\logs\interrupted_independent_aggregate.txt","1821","2026-09-18T13:37:54.7556422Z","F38C834F622D10DCB64F65629A3A9C3C7D7713003BFA8016BA6E6429D2FF7C99"
"Canonical correctness audit","05_CANONICAL_CORRECTNESS_AUDIT\audit_package\logs\latex_build.txt","C:\Users\brian\Documents\Paper-Workbench\output\cm_lm_publication_20260918\runs\canonical_01\audit\logs\latex_build.txt","8207","2026-09-18T13:37:54.7636586Z","49ACDBCB1AC70B8443DA63E478E5C893A9E33E756BC8AA0F65B20ABD021779E8"
"Canonical correctness audit","05_CANONICAL_CORRECTNESS_AUDIT\audit_package\logs\Native_Boolean_CM_Block_Quantum_final.txt","C:\Users\brian\Documents\Paper-Workbench\output\cm_lm_publication_20260918\runs\canonical_01\audit\logs\Native_Boolean_CM_Block_Quantum_final.txt","100","2026-09-18T13:37:54.6556877Z","644ADCCE56BE8876EBCE4EBF64733B6C0A7D4AFF56B06665B7AC5CA97C4EA9DE"
"Canonical correctness audit","05_CANONICAL_CORRECTNESS_AUDIT\audit_package\logs\Native_Boolean_CM_Block_Quantum_rerun.txt","C:\Users\brian\Documents\Paper-Workbench\output\cm_lm_publication_20260918\runs\canonical_01\audit\logs\Native_Boolean_CM_Block_Quantum_rerun.txt","100","2026-09-18T13:37:54.6697998Z","5CB54729EF5C368985AA7481C177D7D5F2E34E117085F1EDAE8A87255D472AEF"
"Canonical correctness audit","05_CANONICAL_CORRECTNESS_AUDIT\audit_package\logs\Native_Boolean_CM_Rotation_Phase_rerun.txt","C:\Users\brian\Documents\Paper-Workbench\output\cm_lm_publication_20260918\runs\canonical_01\audit\logs\Native_Boolean_CM_Rotation_Phase_rerun.txt","99","2026-09-18T13:37:54.6723679Z","F95BC839FFF53087F6837DFB5F95E71B0D2ED34D90D0136334C109D14C9DECE0"
"Canonical correctness audit","05_CANONICAL_CORRECTNESS_AUDIT\audit_package\logs\protocol_driver.txt","C:\Users\brian\Documents\Paper-Workbench\output\cm_lm_publication_20260918\runs\canonical_01\audit\logs\protocol_driver.txt","74","2026-09-18T13:37:54.7719510Z","1921B3BA679D6A31FD282D907710CEB2B52E0BB8AF400FD531FD077A11A933A0"
"Canonical correctness audit","05_CANONICAL_CORRECTNESS_AUDIT\audit_package\logs\Pure_Boolean_Modal_Quantum_rerun.txt","C:\Users\brian\Documents\Paper-Workbench\output\cm_lm_publication_20260918\runs\canonical_01\audit\logs\Pure_Boolean_Modal_Quantum_rerun.txt","100","2026-09-18T13:37:54.6825931Z","153187B7F5DCC217C629F4ECEDC06BB15982D7B7BD18DF4A0DE79AED0011408F"
"Canonical correctness audit","05_CANONICAL_CORRECTNESS_AUDIT\audit_package\logs\restrictions_driver.txt","C:\Users\brian\Documents\Paper-Workbench\output\cm_lm_publication_20260918\runs\canonical_01\audit\logs\restrictions_driver.txt","51","2026-09-18T13:37:54.7719510Z","60DD1B763796F515A6AA82E8FFB66AA9DF606C56E17BDE0B1A0EE97F4F18C3F3"
"Canonical correctness audit","05_CANONICAL_CORRECTNESS_AUDIT\audit_package\logs\standalone_build.txt","C:\Users\brian\Documents\Paper-Workbench\output\cm_lm_publication_20260918\runs\canonical_01\audit\logs\standalone_build.txt","9308","2026-09-18T13:37:54.7799565Z","56925BFEEC677D6F799C26F7E7C87051ED0FDA74FF932E56B2B6F3C045E56266"
"Canonical correctness audit","05_CANONICAL_CORRECTNESS_AUDIT\audit_package\MANIFEST_SHA256.txt","C:\Users\brian\Documents\Paper-Workbench\output\cm_lm_publication_20260918\runs\canonical_01\audit\MANIFEST_SHA256.txt","20301","2026-09-18T13:37:54.3693596Z","5EFCD8F4B5180DB1A6FB3152BB13F744C2267C42D1D2A72D48F0EA3D621D36A0"
"Canonical correctness audit","05_CANONICAL_CORRECTNESS_AUDIT\audit_package\paper\CM_Correctness_Audit_Standalone.tex","C:\Users\brian\Documents\Paper-Workbench\output\cm_lm_publication_20260918\runs\canonical_01\audit\paper\CM_Correctness_Audit_Standalone.tex","77588","2026-09-18T13:37:54.8064936Z","0F1EBAB450602F9382A5564CF7C46307950685AEE7EC762C6A27862E64FBDD70"
"Canonical correctness audit","05_CANONICAL_CORRECTNESS_AUDIT\audit_package\paper\CM_Correctness_Audit.pdf","C:\Users\brian\Documents\Paper-Workbench\output\cm_lm_publication_20260918\runs\canonical_01\audit\paper\CM_Correctness_Audit.pdf","419923","2026-09-18T13:37:54.7903712Z","602C8C82B8B0F09CE5E453D36F258821901BCB0BD654714EF500CA0C3835BC68"
"Canonical correctness audit","05_CANONICAL_CORRECTNESS_AUDIT\audit_package\paper\CM_Correctness_Audit.tex","C:\Users\brian\Documents\Paper-Workbench\output\cm_lm_publication_20260918\runs\canonical_01\audit\paper\CM_Correctness_Audit.tex","69406","2026-09-18T13:37:54.7985193Z","C7C861DD4D3F49A15B89EC9A030CCAEC1FD9EFCE0C8306BD5058C5F0317560CC"
"Canonical correctness audit","05_CANONICAL_CORRECTNESS_AUDIT\audit_package\paper\generated_tables.tex","C:\Users\brian\Documents\Paper-Workbench\output\cm_lm_publication_20260918\runs\canonical_01\audit\paper\generated_tables.tex","8210","2026-09-18T13:37:54.8223269Z","0F3766E68E6B3B09D43C10C85834A2B75C00B3B26120B0473DFE69A9A126E184"
"Canonical correctness audit","05_CANONICAL_CORRECTNESS_AUDIT\audit_package\README.md","C:\Users\brian\Documents\Paper-Workbench\output\cm_lm_publication_20260918\runs\canonical_01\audit\README.md","6852","2026-09-18T13:37:54.3788354Z","EF68352AF567C0B2D3656696EAD4088C84F499B2BC7FA9FF1BB965EF81835BB5"
"Canonical correctness audit","05_CANONICAL_CORRECTNESS_AUDIT\audit_package\requirements.txt","C:\Users\brian\Documents\Paper-Workbench\output\cm_lm_publication_20260918\runs\canonical_01\audit\requirements.txt","117","2026-09-18T13:37:54.8248751Z","F7B3D5FDD27E01402A5782D12A760CA0814A770FC490C66F9F89E84DC84F5038"
"Canonical correctness audit","05_CANONICAL_CORRECTNESS_AUDIT\audit_package\RESEARCH_LOG.md","C:\Users\brian\Documents\Paper-Workbench\output\cm_lm_publication_20260918\runs\canonical_01\audit\RESEARCH_LOG.md","3458","2026-09-18T13:37:54.3788354Z","A5BCB0091AADA20C04BEA0D3F5BDC26869939B5FEA92832F25CAC526FB550BF1"
"Canonical correctness audit","05_CANONICAL_CORRECTNESS_AUDIT\audit_package\run_all.py","C:\Users\brian\Documents\Paper-Workbench\output\cm_lm_publication_20260918\runs\canonical_01\audit\run_all.py","871","2026-09-18T13:37:54.8328556Z","CE0954B816D5A820E339396499B402EDC4FA7D2DB00EC04B4D04519DD73CFB3E"
"Canonical correctness audit","05_CANONICAL_CORRECTNESS_AUDIT\audit_package\source_snapshots\Independent_Phase_CM_Tensor_Audit\code\independent_tensor_audit.py","C:\Users\brian\Documents\Paper-Workbench\output\cm_lm_publication_20260918\runs\canonical_01\audit\source_snapshots\Independent_Phase_CM_Tensor_Audit\code\independent_tensor_audit.py","30158","2026-09-18T13:37:54.8838508Z","43E785A33431FAAD41F8C2BE63E7290ED3386342C20586E71B2D303722A50E66"
"Canonical correctness audit","05_CANONICAL_CORRECTNESS_AUDIT\audit_package\source_snapshots\Independent_Phase_CM_Tensor_Audit\code\native_block.py","C:\Users\brian\Documents\Paper-Workbench\output\cm_lm_publication_20260918\runs\canonical_01\audit\source_snapshots\Independent_Phase_CM_Tensor_Audit\code\native_block.py","22964","2026-09-18T13:37:54.8898235Z","3DEE77C7DF48715E75CBADEACF8C399DA77C4C6B3D6831DABD6DC1F70E095A85"
"Canonical correctness audit","05_CANONICAL_CORRECTNESS_AUDIT\audit_package\source_snapshots\Independent_Phase_CM_Tensor_Audit\data\bell_literal_tensor_tables.csv","C:\Users\brian\Documents\Paper-Workbench\output\cm_lm_publication_20260918\runs\canonical_01\audit\source_snapshots\Independent_Phase_CM_Tensor_Audit\data\bell_literal_tensor_tables.csv","1291","2026-09-18T13:37:54.9069379Z","22E429B7F4558D479464EEAEFDA789389526CB880C49C7C7AC76B6990685ABDD"
"Canonical correctness audit","05_CANONICAL_CORRECTNESS_AUDIT\audit_package\source_snapshots\Independent_Phase_CM_Tensor_Audit\data\contextuality_literal_choi_by_rotation_class.csv","C:\Users\brian\Documents\Paper-Workbench\output\cm_lm_publication_20260918\runs\canonical_01\audit\source_snapshots\Independent_Phase_CM_Tensor_Audit\data\contextuality_literal_choi_by_rotation_class.csv","1142","2026-09-18T13:37:54.9159334Z","D4BDFAE178438EDD9F7F8C96E8EED19C5B4D18972A0C8887DDA83C3DCA32A019"
"Canonical correctness audit","05_CANONICAL_CORRECTNESS_AUDIT\audit_package\source_snapshots\Independent_Phase_CM_Tensor_Audit\data\ghz_literal_support_contexts.csv","C:\Users\brian\Documents\Paper-Workbench\output\cm_lm_publication_20260918\runs\canonical_01\audit\source_snapshots\Independent_Phase_CM_Tensor_Audit\data\ghz_literal_support_contexts.csv","3271","2026-09-18T13:37:54.9169882Z","8DEF40C822E970848309A4A77C8964BF0962008F46D8BD09557EC57026A04590"
"Canonical correctness audit","05_CANONICAL_CORRECTNESS_AUDIT\audit_package\source_snapshots\Independent_Phase_CM_Tensor_Audit\data\independent_tensor_summary.json","C:\Users\brian\Documents\Paper-Workbench\output\cm_lm_publication_20260918\runs\canonical_01\audit\source_snapshots\Independent_Phase_CM_Tensor_Audit\data\independent_tensor_summary.json","5680","2026-09-18T13:37:54.9261009Z","254FCCA20106AEFE8E73BF95D851B0B8D028FD1D62162115824935D53AD5625B"
"Canonical correctness audit","05_CANONICAL_CORRECTNESS_AUDIT\audit_package\source_snapshots\Independent_Phase_CM_Tensor_Audit\data\phase_bell_effect_basis_16.json","C:\Users\brian\Documents\Paper-Workbench\output\cm_lm_publication_20260918\runs\canonical_01\audit\source_snapshots\Independent_Phase_CM_Tensor_Audit\data\phase_bell_effect_basis_16.json","4169","2026-09-18T13:37:54.9362146Z","0E419FDCD684BB9088FA2A1F3D8CB34B38EEBABA75F2FBA7D36BDF6D52393D74"
"Canonical correctness audit","05_CANONICAL_CORRECTNESS_AUDIT\audit_package\source_snapshots\Independent_Phase_CM_Tensor_Audit\data\shared_vs_literal_context_table_differences.csv","C:\Users\brian\Documents\Paper-Workbench\output\cm_lm_publication_20260918\runs\canonical_01\audit\source_snapshots\Independent_Phase_CM_Tensor_Audit\data\shared_vs_literal_context_table_differences.csv","175","2026-09-18T13:37:54.9441870Z","A0C7732BFB06BB6789CD2D05DBE8DAD2CEA2D29F8236E67D9178328051E3D0E6"
"Canonical correctness audit","05_CANONICAL_CORRECTNESS_AUDIT\audit_package\source_snapshots\Independent_Phase_CM_Tensor_Audit\data\teleportation_literal_256x64.csv","C:\Users\brian\Documents\Paper-Workbench\output\cm_lm_publication_20260918\runs\canonical_01\audit\source_snapshots\Independent_Phase_CM_Tensor_Audit\data\teleportation_literal_256x64.csv","271293","2026-09-18T13:37:54.9562631Z","BFF93053488A698851BDF50DE23EE54A118321DE3160165E97A4D3019678A48A"
"Canonical correctness audit","05_CANONICAL_CORRECTNESS_AUDIT\audit_package\source_snapshots\Independent_Phase_CM_Tensor_Audit\data\teleportation_literal_by_rotation_class.csv","C:\Users\brian\Documents\Paper-Workbench\output\cm_lm_publication_20260918\runs\canonical_01\audit\source_snapshots\Independent_Phase_CM_Tensor_Audit\data\teleportation_literal_by_rotation_class.csv","232","2026-09-18T13:37:54.9726036Z","12327E5FEA87D1FD690762556CDDDC0EB6B8D42631685EF4F87DE93CC27BF325"
"Canonical correctness audit","05_CANONICAL_CORRECTNESS_AUDIT\audit_package\source_snapshots\Independent_Phase_CM_Tensor_Audit\INDEPENDENT_PHASE_TENSOR_AUDIT.md","C:\Users\brian\Documents\Paper-Workbench\output\cm_lm_publication_20260918\runs\canonical_01\audit\source_snapshots\Independent_Phase_CM_Tensor_Audit\INDEPENDENT_PHASE_TENSOR_AUDIT.md","15574","2026-09-18T13:37:54.8470281Z","45531F3C4CDC7B1B80676EC6D4E2DF90A5A63BBBC35DE84C08B8D9A4B0B3FD45"
"Canonical correctness audit","05_CANONICAL_CORRECTNESS_AUDIT\audit_package\source_snapshots\Independent_Phase_CM_Tensor_Audit\logs\console_output.txt","C:\Users\brian\Documents\Paper-Workbench\output\cm_lm_publication_20260918\runs\canonical_01\audit\source_snapshots\Independent_Phase_CM_Tensor_Audit\logs\console_output.txt","5680","2026-09-18T13:37:54.9796875Z","254FCCA20106AEFE8E73BF95D851B0B8D028FD1D62162115824935D53AD5625B"
"Canonical correctness audit","05_CANONICAL_CORRECTNESS_AUDIT\audit_package\source_snapshots\Independent_Phase_CM_Tensor_Audit\logs\run_summary.json","C:\Users\brian\Documents\Paper-Workbench\output\cm_lm_publication_20260918\runs\canonical_01\audit\source_snapshots\Independent_Phase_CM_Tensor_Audit\logs\run_summary.json","5680","2026-09-18T13:37:54.9802120Z","254FCCA20106AEFE8E73BF95D851B0B8D028FD1D62162115824935D53AD5625B"
"Canonical correctness audit","05_CANONICAL_CORRECTNESS_AUDIT\audit_package\source_snapshots\Independent_Phase_CM_Tensor_Audit\logs\run_timing.txt","C:\Users\brian\Documents\Paper-Workbench\output\cm_lm_publication_20260918\runs\canonical_01\audit\source_snapshots\Independent_Phase_CM_Tensor_Audit\logs\run_timing.txt","23","2026-09-18T13:37:55.0106771Z","D28124F80795F241BFDF9C4E2620B2D782DD904471A7F93DC245B393647963CE"
"Canonical correctness audit","05_CANONICAL_CORRECTNESS_AUDIT\audit_package\source_snapshots\Independent_Phase_CM_Tensor_Audit\logs\test_output.txt","C:\Users\brian\Documents\Paper-Workbench\output\cm_lm_publication_20260918\runs\canonical_01\audit\source_snapshots\Independent_Phase_CM_Tensor_Audit\logs\test_output.txt","99","2026-09-18T13:37:55.0152532Z","EAACDE15A62DD04D7AA5A5BBA2BC80CDC1BE4E2A94E55DEACF3E5D78239A3F9D"
"Canonical correctness audit","05_CANONICAL_CORRECTNESS_AUDIT\audit_package\source_snapshots\Independent_Phase_CM_Tensor_Audit\logs\validation.txt","C:\Users\brian\Documents\Paper-Workbench\output\cm_lm_publication_20260918\runs\canonical_01\audit\source_snapshots\Independent_Phase_CM_Tensor_Audit\logs\validation.txt","245","2026-09-18T13:37:55.0325564Z","3184E7CEC05DCB28E54A30B99C6E605224D3CEDE8D3C55F44AEA6B48FD4F3A01"
"Canonical correctness audit","05_CANONICAL_CORRECTNESS_AUDIT\audit_package\source_snapshots\Independent_Phase_CM_Tensor_Audit\MANIFEST_SHA256.txt","C:\Users\brian\Documents\Paper-Workbench\output\cm_lm_publication_20260918\runs\canonical_01\audit\source_snapshots\Independent_Phase_CM_Tensor_Audit\MANIFEST_SHA256.txt","1883","2026-09-18T13:37:54.8555257Z","02C9AB3C1F8EB32828F3AA0012D95DC6182403AC02115FFFB34B5E239CEEFED7"
"Canonical correctness audit","05_CANONICAL_CORRECTNESS_AUDIT\audit_package\source_snapshots\Independent_Phase_CM_Tensor_Audit\README.md","C:\Users\brian\Documents\Paper-Workbench\output\cm_lm_publication_20260918\runs\canonical_01\audit\source_snapshots\Independent_Phase_CM_Tensor_Audit\README.md","1705","2026-09-18T13:37:54.8620710Z","9FC6553AA152DB5417CFEDC33C7BB468133E2C5485045A69DC81E07D2317245D"
"Canonical correctness audit","05_CANONICAL_CORRECTNESS_AUDIT\audit_package\source_snapshots\Independent_Phase_CM_Tensor_Audit\RESULTS.md","C:\Users\brian\Documents\Paper-Workbench\output\cm_lm_publication_20260918\runs\canonical_01\audit\source_snapshots\Independent_Phase_CM_Tensor_Audit\RESULTS.md","2459","2026-09-18T13:37:54.8718005Z","87A1276930B430F8127142A020C7DC08BAA2DA020FE692DBBEAB8B2E1663C353"
"Canonical correctness audit","05_CANONICAL_CORRECTNESS_AUDIT\audit_package\source_snapshots\Independent_Phase_CM_Tensor_Audit\tests\test_independent_tensor.py","C:\Users\brian\Documents\Paper-Workbench\output\cm_lm_publication_20260918\runs\canonical_01\audit\source_snapshots\Independent_Phase_CM_Tensor_Audit\tests\test_independent_tensor.py","6303","2026-09-18T13:37:55.0415828Z","1CD6DE78ED19E922251AA447B8A8F1063965F44AEC6F9DC5C1E05DB510745A7D"
"Canonical correctness audit","05_CANONICAL_CORRECTNESS_AUDIT\audit_package\source_snapshots\Native_Boolean_CM_Block_Quantum\AUDIT_REPORT_2026-09-17.md","C:\Users\brian\Documents\Paper-Workbench\output\cm_lm_publication_20260918\runs\canonical_01\audit\source_snapshots\Native_Boolean_CM_Block_Quantum\AUDIT_REPORT_2026-09-17.md","5401","2026-09-18T13:37:55.0495308Z","BAF5BB978E608AD50B4AC5F0AEEB8A8F4278FAEDB1187531116B172D18AFF274"
"Canonical correctness audit","05_CANONICAL_CORRECTNESS_AUDIT\audit_package\source_snapshots\Native_Boolean_CM_Block_Quantum\code\native_block.py","C:\Users\brian\Documents\Paper-Workbench\output\cm_lm_publication_20260918\runs\canonical_01\audit\source_snapshots\Native_Boolean_CM_Block_Quantum\code\native_block.py","22964","2026-09-18T13:37:55.1223058Z","3DEE77C7DF48715E75CBADEACF8C399DA77C4C6B3D6831DABD6DC1F70E095A85"
"Canonical correctness audit","05_CANONICAL_CORRECTNESS_AUDIT\audit_package\source_snapshots\Native_Boolean_CM_Block_Quantum\code\rebuild_results.py","C:\Users\brian\Documents\Paper-Workbench\output\cm_lm_publication_20260918\runs\canonical_01\audit\source_snapshots\Native_Boolean_CM_Block_Quantum\code\rebuild_results.py","21315","2026-09-18T13:37:55.1440656Z","C8D3D5F5C09214E944453E15129407A8011C09BCEFBE2C14747E3FB0B7DCFF23"
"Canonical correctness audit","05_CANONICAL_CORRECTNESS_AUDIT\audit_package\source_snapshots\Native_Boolean_CM_Block_Quantum\data\bell_native_mqt_tables.csv","C:\Users\brian\Documents\Paper-Workbench\output\cm_lm_publication_20260918\runs\canonical_01\audit\source_snapshots\Native_Boolean_CM_Block_Quantum\data\bell_native_mqt_tables.csv","458","2026-09-18T13:37:55.1583916Z","AD1EE18F17DDA77C6087F91B42677938EDF434CF19C8B8DA8F81E682C5CE1BBC"
"Canonical correctness audit","05_CANONICAL_CORRECTNESS_AUDIT\audit_package\source_snapshots\Native_Boolean_CM_Block_Quantum\data\contextuality_native_by_rotation_class.csv","C:\Users\brian\Documents\Paper-Workbench\output\cm_lm_publication_20260918\runs\canonical_01\audit\source_snapshots\Native_Boolean_CM_Block_Quantum\data\contextuality_native_by_rotation_class.csv","1236","2026-09-18T13:37:55.1680300Z","7E5F69749656CDC1A789C95874DA11C15C4405E9A065AA5F5115A3C74D31DCD4"
"Canonical correctness audit","05_CANONICAL_CORRECTNESS_AUDIT\audit_package\source_snapshots\Native_Boolean_CM_Block_Quantum\data\ghz_delta_native_contexts.csv","C:\Users\brian\Documents\Paper-Workbench\output\cm_lm_publication_20260918\runs\canonical_01\audit\source_snapshots\Native_Boolean_CM_Block_Quantum\data\ghz_delta_native_contexts.csv","3271","2026-09-18T13:37:55.1722467Z","962C2E0D4FC2F0A120DEA6C5CD8F0A237D92F52A40487F1566F21C308AE529A1"
"Canonical correctness audit","05_CANONICAL_CORRECTNESS_AUDIT\audit_package\source_snapshots\Native_Boolean_CM_Block_Quantum\data\ghz_support_native_contexts.csv","C:\Users\brian\Documents\Paper-Workbench\output\cm_lm_publication_20260918\runs\canonical_01\audit\source_snapshots\Native_Boolean_CM_Block_Quantum\data\ghz_support_native_contexts.csv","3271","2026-09-18T13:37:55.2005665Z","8DEF40C822E970848309A4A77C8964BF0962008F46D8BD09557EC57026A04590"
"Canonical correctness audit","05_CANONICAL_CORRECTNESS_AUDIT\audit_package\source_snapshots\Native_Boolean_CM_Block_Quantum\data\measurement_bases_native_192.csv","C:\Users\brian\Documents\Paper-Workbench\output\cm_lm_publication_20260918\runs\canonical_01\audit\source_snapshots\Native_Boolean_CM_Block_Quantum\data\measurement_bases_native_192.csv","2566","2026-09-18T13:37:55.2157917Z","C3CAE554014F82B23063A1A77E614D557320865392F2ABDCFB0BB908B35552BA"
"Canonical correctness audit","05_CANONICAL_CORRECTNESS_AUDIT\audit_package\source_snapshots\Native_Boolean_CM_Block_Quantum\data\native_rebuild_summary.json","C:\Users\brian\Documents\Paper-Workbench\output\cm_lm_publication_20260918\runs\canonical_01\audit\source_snapshots\Native_Boolean_CM_Block_Quantum\data\native_rebuild_summary.json","6995","2026-09-18T13:37:55.2222372Z","7FFB3F3F5FD56A58EE03DE84928582A4F9A6F7C36CC089697B07524A90159670"
"Canonical correctness audit","05_CANONICAL_CORRECTNESS_AUDIT\audit_package\source_snapshots\Native_Boolean_CM_Block_Quantum\data\native_resource_inventory_65536.csv","C:\Users\brian\Documents\Paper-Workbench\output\cm_lm_publication_20260918\runs\canonical_01\audit\source_snapshots\Native_Boolean_CM_Block_Quantum\data\native_resource_inventory_65536.csv","1867877","2026-09-18T13:37:55.2415872Z","A1D460F3E966F8D68B29EB9BA1B3D112F69FED66127CE58CCFC3F66AE54D7A36"
"Canonical correctness audit","05_CANONICAL_CORRECTNESS_AUDIT\audit_package\source_snapshots\Native_Boolean_CM_Block_Quantum\data\phase_algebra_native.json","C:\Users\brian\Documents\Paper-Workbench\output\cm_lm_publication_20260918\runs\canonical_01\audit\source_snapshots\Native_Boolean_CM_Block_Quantum\data\phase_algebra_native.json","1421","2026-09-18T13:37:55.2567218Z","2310043191650BF4300A29247BCF9AD6A01CEF6FECE2F7386CBB57665962CB61"
"Canonical correctness audit","05_CANONICAL_CORRECTNESS_AUDIT\audit_package\source_snapshots\Native_Boolean_CM_Block_Quantum\data\teleportation_native_all_256_x4.csv","C:\Users\brian\Documents\Paper-Workbench\output\cm_lm_publication_20260918\runs\canonical_01\audit\source_snapshots\Native_Boolean_CM_Block_Quantum\data\teleportation_native_all_256_x4.csv","17346","2026-09-18T13:37:55.2705980Z","12EB48AE835BF9518FBE8737A674BBCAB191687B4AD6530FB1F975EADCAEA033"
"Canonical correctness audit","05_CANONICAL_CORRECTNESS_AUDIT\audit_package\source_snapshots\Native_Boolean_CM_Block_Quantum\data\teleportation_native_by_rotation_class.csv","C:\Users\brian\Documents\Paper-Workbench\output\cm_lm_publication_20260918\runs\canonical_01\audit\source_snapshots\Native_Boolean_CM_Block_Quantum\data\teleportation_native_by_rotation_class.csv","548","2026-09-18T13:37:55.2799558Z","3FDABC272452F931A2EED3A4145A07B4BBC35DD5EE40BA3D25636BE532EF70C5"
"Canonical correctness audit","05_CANONICAL_CORRECTNESS_AUDIT\audit_package\source_snapshots\Native_Boolean_CM_Block_Quantum\logs\audit_checks.txt","C:\Users\brian\Documents\Paper-Workbench\output\cm_lm_publication_20260918\runs\canonical_01\audit\source_snapshots\Native_Boolean_CM_Block_Quantum\logs\audit_checks.txt","588","2026-09-18T13:37:55.2843726Z","90492635FF4DC540913A72671A2A585AD12B26F33A0A4D34C527388491C9B192"
"Canonical correctness audit","05_CANONICAL_CORRECTNESS_AUDIT\audit_package\source_snapshots\Native_Boolean_CM_Block_Quantum\logs\audit_test_output.txt","C:\Users\brian\Documents\Paper-Workbench\output\cm_lm_publication_20260918\runs\canonical_01\audit\source_snapshots\Native_Boolean_CM_Block_Quantum\logs\audit_test_output.txt","100","2026-09-18T13:37:55.2921194Z","4999896DF3BD9B58219B1662BE0F767846F17CDB483D6F0B9FBF51BC0E3AA83A"
"Canonical correctness audit","05_CANONICAL_CORRECTNESS_AUDIT\audit_package\source_snapshots\Native_Boolean_CM_Block_Quantum\logs\console_output.txt","C:\Users\brian\Documents\Paper-Workbench\output\cm_lm_publication_20260918\runs\canonical_01\audit\source_snapshots\Native_Boolean_CM_Block_Quantum\logs\console_output.txt","6995","2026-09-18T13:37:55.3313989Z","7FFB3F3F5FD56A58EE03DE84928582A4F9A6F7C36CC089697B07524A90159670"
"Canonical correctness audit","05_CANONICAL_CORRECTNESS_AUDIT\audit_package\source_snapshots\Native_Boolean_CM_Block_Quantum\logs\run_summary.txt","C:\Users\brian\Documents\Paper-Workbench\output\cm_lm_publication_20260918\runs\canonical_01\audit\source_snapshots\Native_Boolean_CM_Block_Quantum\logs\run_summary.txt","6995","2026-09-18T13:37:55.3564253Z","7FFB3F3F5FD56A58EE03DE84928582A4F9A6F7C36CC089697B07524A90159670"
"Canonical correctness audit","05_CANONICAL_CORRECTNESS_AUDIT\audit_package\source_snapshots\Native_Boolean_CM_Block_Quantum\logs\test_output.txt","C:\Users\brian\Documents\Paper-Workbench\output\cm_lm_publication_20260918\runs\canonical_01\audit\source_snapshots\Native_Boolean_CM_Block_Quantum\logs\test_output.txt","100","2026-09-18T13:37:55.3668091Z","EA61DAA84DE88ED97A17F077755E78BEBA0A319D4B56C0B8164FD24F2C50711B"
"Canonical correctness audit","05_CANONICAL_CORRECTNESS_AUDIT\audit_package\source_snapshots\Native_Boolean_CM_Block_Quantum\logs\validation.txt","C:\Users\brian\Documents\Paper-Workbench\output\cm_lm_publication_20260918\runs\canonical_01\audit\source_snapshots\Native_Boolean_CM_Block_Quantum\logs\validation.txt","953","2026-09-18T13:37:55.3731756Z","F91CCF14775AC6E208221977074676BA14316D6DE2B7F71585124351FC968752"
"Canonical correctness audit","05_CANONICAL_CORRECTNESS_AUDIT\audit_package\source_snapshots\Native_Boolean_CM_Block_Quantum\MANIFEST_SHA256.txt","C:\Users\brian\Documents\Paper-Workbench\output\cm_lm_publication_20260918\runs\canonical_01\audit\source_snapshots\Native_Boolean_CM_Block_Quantum\MANIFEST_SHA256.txt","2419","2026-09-18T13:37:55.0644830Z","70784279EEBDCD90378F111F463DC49341E39CC6D61D943C7FB27215DF63D667"
"Canonical correctness audit","05_CANONICAL_CORRECTNESS_AUDIT\audit_package\source_snapshots\Native_Boolean_CM_Block_Quantum\MIGRATION_MAP.md","C:\Users\brian\Documents\Paper-Workbench\output\cm_lm_publication_20260918\runs\canonical_01\audit\source_snapshots\Native_Boolean_CM_Block_Quantum\MIGRATION_MAP.md","1480","2026-09-18T13:37:55.0761872Z","05BEC83396A34BFE1998C4F4F992C175F77C1350FF6B792B9A5BF65C363C95D3"
"Canonical correctness audit","05_CANONICAL_CORRECTNESS_AUDIT\audit_package\source_snapshots\Native_Boolean_CM_Block_Quantum\NATIVE_BLOCK_REBUILD.md","C:\Users\brian\Documents\Paper-Workbench\output\cm_lm_publication_20260918\runs\canonical_01\audit\source_snapshots\Native_Boolean_CM_Block_Quantum\NATIVE_BLOCK_REBUILD.md","16733","2026-09-18T13:37:55.0875677Z","33CA050E52BBFD05E91EE60FD4260625C7229C122840741B2DB5FDBF14100A4C"
"Canonical correctness audit","05_CANONICAL_CORRECTNESS_AUDIT\audit_package\source_snapshots\Native_Boolean_CM_Block_Quantum\README.md","C:\Users\brian\Documents\Paper-Workbench\output\cm_lm_publication_20260918\runs\canonical_01\audit\source_snapshots\Native_Boolean_CM_Block_Quantum\README.md","3098","2026-09-18T13:37:55.0969589Z","354090FE1ECD3D01FA1808BFC4568A2F24DF3F193D0D5D2DA4F7C07C6A5B8500"
"Canonical correctness audit","05_CANONICAL_CORRECTNESS_AUDIT\audit_package\source_snapshots\Native_Boolean_CM_Block_Quantum\RESULTS.md","C:\Users\brian\Documents\Paper-Workbench\output\cm_lm_publication_20260918\runs\canonical_01\audit\source_snapshots\Native_Boolean_CM_Block_Quantum\RESULTS.md","3936","2026-09-18T13:37:55.1069467Z","6390E61264F4B2312A1B11607371CE5C6F2F23A0A2820F0648AA0A744DD60467"
"Canonical correctness audit","05_CANONICAL_CORRECTNESS_AUDIT\audit_package\source_snapshots\Native_Boolean_CM_Block_Quantum\tests\test_native_block_quantum.py","C:\Users\brian\Documents\Paper-Workbench\output\cm_lm_publication_20260918\runs\canonical_01\audit\source_snapshots\Native_Boolean_CM_Block_Quantum\tests\test_native_block_quantum.py","5837","2026-09-18T13:37:55.3793341Z","3BBB2895D4B0A0481BA5E66480658D2158A68CB019CB0D022020444E3B89BC38"
"Canonical correctness audit","05_CANONICAL_CORRECTNESS_AUDIT\audit_package\source_snapshots\Native_Boolean_CM_Block_Quantum\tests\test_scope_boundaries.py","C:\Users\brian\Documents\Paper-Workbench\output\cm_lm_publication_20260918\runs\canonical_01\audit\source_snapshots\Native_Boolean_CM_Block_Quantum\tests\test_scope_boundaries.py","2860","2026-09-18T13:37:55.3922421Z","20986DF511A761915F4C80E961667D026E8C6A143983BDF8FB423AB5058CAFC0"
"Canonical correctness audit","05_CANONICAL_CORRECTNESS_AUDIT\audit_package\source_snapshots\Native_Boolean_CM_Rotation_Phase\code\verify_native_rotation.py","C:\Users\brian\Documents\Paper-Workbench\output\cm_lm_publication_20260918\runs\canonical_01\audit\source_snapshots\Native_Boolean_CM_Rotation_Phase\code\verify_native_rotation.py","5924","2026-09-18T13:37:55.4196094Z","536713891A074E37034C29D8C4AEEF1A322F86D20553188C94DC5986AEEA5F57"
"Canonical correctness audit","05_CANONICAL_CORRECTNESS_AUDIT\audit_package\source_snapshots\Native_Boolean_CM_Rotation_Phase\data\console_output.txt","C:\Users\brian\Documents\Paper-Workbench\output\cm_lm_publication_20260918\runs\canonical_01\audit\source_snapshots\Native_Boolean_CM_Rotation_Phase\data\console_output.txt","4625","2026-09-18T13:37:55.4299346Z","8020F212095926CADEC701FA546AC98EBD2983F1DA539D46F6776E29F34831CC"
"Canonical correctness audit","05_CANONICAL_CORRECTNESS_AUDIT\audit_package\source_snapshots\Native_Boolean_CM_Rotation_Phase\data\native_rotation_results.json","C:\Users\brian\Documents\Paper-Workbench\output\cm_lm_publication_20260918\runs\canonical_01\audit\source_snapshots\Native_Boolean_CM_Rotation_Phase\data\native_rotation_results.json","5030","2026-09-18T14:08:27.9549229Z","58889CAF3EB66E6A306FBFD22D8A1E2128BDA1E77B7452FEB14CDEEFB273753A"
"Canonical correctness audit","05_CANONICAL_CORRECTNESS_AUDIT\audit_package\source_snapshots\Native_Boolean_CM_Rotation_Phase\data\test_output.txt","C:\Users\brian\Documents\Paper-Workbench\output\cm_lm_publication_20260918\runs\canonical_01\audit\source_snapshots\Native_Boolean_CM_Rotation_Phase\data\test_output.txt","99","2026-09-18T13:37:55.4435702Z","0324E48F941794371649ADDA93DB948840056D0D818D5A18CF340C4A132FA198"
"Canonical correctness audit","05_CANONICAL_CORRECTNESS_AUDIT\audit_package\source_snapshots\Native_Boolean_CM_Rotation_Phase\NATIVE_ROTATION_PHASE_INVESTIGATION.md","C:\Users\brian\Documents\Paper-Workbench\output\cm_lm_publication_20260918\runs\canonical_01\audit\source_snapshots\Native_Boolean_CM_Rotation_Phase\NATIVE_ROTATION_PHASE_INVESTIGATION.md","13621","2026-09-18T13:37:55.3999741Z","892B0D37DED268D95E5F22C75860C237116BE011850A4B79BB9103D172FC4CF1"
"Canonical correctness audit","05_CANONICAL_CORRECTNESS_AUDIT\audit_package\source_snapshots\Native_Boolean_CM_Rotation_Phase\README.md","C:\Users\brian\Documents\Paper-Workbench\output\cm_lm_publication_20260918\runs\canonical_01\audit\source_snapshots\Native_Boolean_CM_Rotation_Phase\README.md","815","2026-09-18T13:37:55.4136428Z","C99CC3856B483AFECCC92109EE0C4B85053D6A19CFCE04ABBD0BB425CF32FB77"
"Canonical correctness audit","05_CANONICAL_CORRECTNESS_AUDIT\audit_package\source_snapshots\Native_Boolean_CM_Rotation_Phase\tests\test_native_rotation_phase.py","C:\Users\brian\Documents\Paper-Workbench\output\cm_lm_publication_20260918\runs\canonical_01\audit\source_snapshots\Native_Boolean_CM_Rotation_Phase\tests\test_native_rotation_phase.py","1935","2026-09-18T13:37:55.4511694Z","0D61F036FFC56C3D771938F4B58F858882A8D4FA38E65FCFFB2D06A6BDCC7A4D"
"Canonical correctness audit","05_CANONICAL_CORRECTNESS_AUDIT\audit_package\source_snapshots\Pure_Boolean_Modal_Quantum\data\bell_bstar_complete_reversible_basis_sat.json","C:\Users\brian\Documents\Paper-Workbench\output\cm_lm_publication_20260918\runs\canonical_01\audit\source_snapshots\Pure_Boolean_Modal_Quantum\data\bell_bstar_complete_reversible_basis_sat.json","3113","2026-09-18T13:37:55.5381938Z","41645FE47F6FFD54E00EEB4230909EBF94A910EAB0C7C41D5197EDB79B8102CE"
"Canonical correctness audit","05_CANONICAL_CORRECTNESS_AUDIT\audit_package\source_snapshots\Pure_Boolean_Modal_Quantum\data\bell_contextuality_by_smith_class.csv","C:\Users\brian\Documents\Paper-Workbench\output\cm_lm_publication_20260918\runs\canonical_01\audit\source_snapshots\Pure_Boolean_Modal_Quantum\data\bell_contextuality_by_smith_class.csv","1100","2026-09-18T13:37:55.5431925Z","7827352F08DDE9C3C51579D822F6B5A402A853DBDFFD66EAB1E25AED57D71465"
"Canonical correctness audit","05_CANONICAL_CORRECTNESS_AUDIT\audit_package\source_snapshots\Pure_Boolean_Modal_Quantum\data\bstar_teleportation_failure.json","C:\Users\brian\Documents\Paper-Workbench\output\cm_lm_publication_20260918\runs\canonical_01\audit\source_snapshots\Pure_Boolean_Modal_Quantum\data\bstar_teleportation_failure.json","636","2026-09-18T13:37:55.5491964Z","220F97927AC7E1246D42AC979B0DD85C993B93A546A260762DDF16D25FE7836E"
"Canonical correctness audit","05_CANONICAL_CORRECTNESS_AUDIT\audit_package\source_snapshots\Pure_Boolean_Modal_Quantum\data\gate_inventory_65536.csv","C:\Users\brian\Documents\Paper-Workbench\output\cm_lm_publication_20260918\runs\canonical_01\audit\source_snapshots\Pure_Boolean_Modal_Quantum\data\gate_inventory_65536.csv","1630717","2026-09-18T13:37:55.5581944Z","0D20B179CE8FAC0148E202B11CA39BB58F43AC2C4234CA9F7FC86F7067956CAC"
"Canonical correctness audit","05_CANONICAL_CORRECTNESS_AUDIT\audit_package\source_snapshots\Pure_Boolean_Modal_Quantum\data\ghz_delta_mqt_contexts.csv","C:\Users\brian\Documents\Paper-Workbench\output\cm_lm_publication_20260918\runs\canonical_01\audit\source_snapshots\Pure_Boolean_Modal_Quantum\data\ghz_delta_mqt_contexts.csv","3271","2026-09-18T13:37:55.5731957Z","962C2E0D4FC2F0A120DEA6C5CD8F0A237D92F52A40487F1566F21C308AE529A1"
"Canonical correctness audit","05_CANONICAL_CORRECTNESS_AUDIT\audit_package\source_snapshots\Pure_Boolean_Modal_Quantum\data\ghz_hidden_variable_search.json","C:\Users\brian\Documents\Paper-Workbench\output\cm_lm_publication_20260918\runs\canonical_01\audit\source_snapshots\Pure_Boolean_Modal_Quantum\data\ghz_hidden_variable_search.json","1974","2026-09-18T13:37:55.5778903Z","7C1D868000AFFBAADEA2E778F08EBA3971AD53AB9FE5EB2E9D2C01FA9585962D"
"Canonical correctness audit","05_CANONICAL_CORRECTNESS_AUDIT\audit_package\source_snapshots\Pure_Boolean_Modal_Quantum\data\ghz_support_mqt_contexts.csv","C:\Users\brian\Documents\Paper-Workbench\output\cm_lm_publication_20260918\runs\canonical_01\audit\source_snapshots\Pure_Boolean_Modal_Quantum\data\ghz_support_mqt_contexts.csv","3271","2026-09-18T13:37:55.5818195Z","8DEF40C822E970848309A4A77C8964BF0962008F46D8BD09557EC57026A04590"
"Canonical correctness audit","05_CANONICAL_CORRECTNESS_AUDIT\audit_package\source_snapshots\Pure_Boolean_Modal_Quantum\data\local_equivalence_classes.csv","C:\Users\brian\Documents\Paper-Workbench\output\cm_lm_publication_20260918\runs\canonical_01\audit\source_snapshots\Pure_Boolean_Modal_Quantum\data\local_equivalence_classes.csv","402","2026-09-18T13:37:55.5848157Z","CFB71E1EE04DD7390E94E10FB75D8FD899D425CBE82D954546EC3904F01CEFAF"
"Canonical correctness audit","05_CANONICAL_CORRECTNESS_AUDIT\audit_package\source_snapshots\Pure_Boolean_Modal_Quantum\data\measurement_bases_192.csv","C:\Users\brian\Documents\Paper-Workbench\output\cm_lm_publication_20260918\runs\canonical_01\audit\source_snapshots\Pure_Boolean_Modal_Quantum\data\measurement_bases_192.csv","2967","2026-09-18T13:37:55.5888195Z","F9C01C289D83DA36CE54D95338A9F2E9A40B9A6F1988C7EFF70ADAFCCE6BFC98"
"Canonical correctness audit","05_CANONICAL_CORRECTNESS_AUDIT\audit_package\source_snapshots\Pure_Boolean_Modal_Quantum\data\modal_bell_mqt_tables.csv","C:\Users\brian\Documents\Paper-Workbench\output\cm_lm_publication_20260918\runs\canonical_01\audit\source_snapshots\Pure_Boolean_Modal_Quantum\data\modal_bell_mqt_tables.csv","458","2026-09-18T13:37:55.5948166Z","AD1EE18F17DDA77C6087F91B42677938EDF434CF19C8B8DA8F81E682C5CE1BBC"
"Canonical correctness audit","05_CANONICAL_CORRECTNESS_AUDIT\audit_package\source_snapshots\Pure_Boolean_Modal_Quantum\data\offdiagonal_hardy_witnesses.json","C:\Users\brian\Documents\Paper-Workbench\output\cm_lm_publication_20260918\runs\canonical_01\audit\source_snapshots\Pure_Boolean_Modal_Quantum\data\offdiagonal_hardy_witnesses.json","5977","2026-09-18T13:37:55.5978168Z","9D2E45CCBB24EB2BE5D35B4024AC8E6D88AA3B50416AC37B0761061B1F7E44F4"
"Canonical correctness audit","05_CANONICAL_CORRECTNESS_AUDIT\audit_package\source_snapshots\Pure_Boolean_Modal_Quantum\data\singular_teleportation_hierarchy_by_smith_class.csv","C:\Users\brian\Documents\Paper-Workbench\output\cm_lm_publication_20260918\runs\canonical_01\audit\source_snapshots\Pure_Boolean_Modal_Quantum\data\singular_teleportation_hierarchy_by_smith_class.csv","1290","2026-09-18T13:37:55.6188168Z","DA87FB2E167D63F3677B151AA0D2A8C2FBEA73109DB6722E7E922C1951B6D12F"
"Canonical correctness audit","05_CANONICAL_CORRECTNESS_AUDIT\audit_package\source_snapshots\Pure_Boolean_Modal_Quantum\data\singular_teleportation_hierarchy.json","C:\Users\brian\Documents\Paper-Workbench\output\cm_lm_publication_20260918\runs\canonical_01\audit\source_snapshots\Pure_Boolean_Modal_Quantum\data\singular_teleportation_hierarchy.json","24180","2026-09-18T13:37:55.6068183Z","8024C4F8B2B77E15936CFADDF8551BA5F8B3C2E89A415A403BB8EDC5E148179C"
"Canonical correctness audit","05_CANONICAL_CORRECTNESS_AUDIT\audit_package\source_snapshots\Pure_Boolean_Modal_Quantum\data\state_local_class_inventory_65536.csv","C:\Users\brian\Documents\Paper-Workbench\output\cm_lm_publication_20260918\runs\canonical_01\audit\source_snapshots\Pure_Boolean_Modal_Quantum\data\state_local_class_inventory_65536.csv","1081393","2026-09-18T13:37:55.6263410Z","C2E357B51EDE0ECB2AFF4F97AA3F4C547C7950F7DFE3613AB5576C3A5690B994"
"Canonical correctness audit","05_CANONICAL_CORRECTNESS_AUDIT\audit_package\source_snapshots\Pure_Boolean_Modal_Quantum\data\teleportation_all_256_states_x4_outcomes.csv","C:\Users\brian\Documents\Paper-Workbench\output\cm_lm_publication_20260918\runs\canonical_01\audit\source_snapshots\Pure_Boolean_Modal_Quantum\data\teleportation_all_256_states_x4_outcomes.csv","21855","2026-09-18T13:37:55.6283414Z","A0720270072CAEDB8E784D8FCAE41048221107A8D6D7072A111695A79DAC6477"
"Canonical correctness audit","05_CANONICAL_CORRECTNESS_AUDIT\audit_package\source_snapshots\Pure_Boolean_Modal_Quantum\data\teleportation_protocol.json","C:\Users\brian\Documents\Paper-Workbench\output\cm_lm_publication_20260918\runs\canonical_01\audit\source_snapshots\Pure_Boolean_Modal_Quantum\data\teleportation_protocol.json","979","2026-09-18T13:37:55.6303417Z","6EDA3700309CD9B803B5DE03E4D4D52D072BC3DE4E00D5ECB17867B3719BC4A7"
"Canonical correctness audit","05_CANONICAL_CORRECTNESS_AUDIT\audit_package\source_snapshots\Pure_Boolean_Modal_Quantum\data\teleportation_resource_by_smith_class.csv","C:\Users\brian\Documents\Paper-Workbench\output\cm_lm_publication_20260918\runs\canonical_01\audit\source_snapshots\Pure_Boolean_Modal_Quantum\data\teleportation_resource_by_smith_class.csv","359","2026-09-18T13:37:55.6323417Z","2AEDA947A741EE6445AFD50DBBE34A013A1566B89B3CFA09ACDF0C178654F879"
"Canonical correctness audit","05_CANONICAL_CORRECTNESS_AUDIT\audit_package\source_snapshots\Pure_Boolean_Modal_Quantum\data\teleportation_resource_inventory_65536.csv","C:\Users\brian\Documents\Paper-Workbench\output\cm_lm_publication_20260918\runs\canonical_01\audit\source_snapshots\Pure_Boolean_Modal_Quantum\data\teleportation_resource_inventory_65536.csv","1499652","2026-09-18T13:37:55.6383437Z","6946EF29F7D40064505C71F6EA8EC5D952E549D0A6E5CA830DB3E47EE85233BB"
"Canonical correctness audit","05_CANONICAL_CORRECTNESS_AUDIT\audit_package\source_snapshots\Pure_Boolean_Modal_Quantum\data\teleportation_resource_theorem.json","C:\Users\brian\Documents\Paper-Workbench\output\cm_lm_publication_20260918\runs\canonical_01\audit\source_snapshots\Pure_Boolean_Modal_Quantum\data\teleportation_resource_theorem.json","715","2026-09-18T13:37:55.6413446Z","89AE9F065135E692CD1F0E46B02FB42904D22D93C846546C85D0DF4140F7BD2E"
"Canonical correctness audit","05_CANONICAL_CORRECTNESS_AUDIT\audit_package\source_snapshots\Pure_Boolean_Modal_Quantum\data\two_party_basis_permutation_gates.csv","C:\Users\brian\Documents\Paper-Workbench\output\cm_lm_publication_20260918\runs\canonical_01\audit\source_snapshots\Pure_Boolean_Modal_Quantum\data\two_party_basis_permutation_gates.csv","940","2026-09-18T13:37:55.6423433Z","749CE610EDEA70F7BAE88B827F3C6AAC21B468D713EBB1E64F52AE56E5076CD6"
"Canonical correctness audit","05_CANONICAL_CORRECTNESS_AUDIT\audit_package\source_snapshots\Pure_Boolean_Modal_Quantum\DEFINITIONS_AND_NOTATION.md","C:\Users\brian\Documents\Paper-Workbench\output\cm_lm_publication_20260918\runs\canonical_01\audit\source_snapshots\Pure_Boolean_Modal_Quantum\DEFINITIONS_AND_NOTATION.md","7117","2026-09-18T13:37:55.4554932Z","90B2C64203E2797F680115401325FF2FD4A1ED2746DC0A002CBDE4C7DA614248"
"Canonical correctness audit","05_CANONICAL_CORRECTNESS_AUDIT\audit_package\source_snapshots\Pure_Boolean_Modal_Quantum\EVIDENCE_INDEX.json","C:\Users\brian\Documents\Paper-Workbench\output\cm_lm_publication_20260918\runs\canonical_01\audit\source_snapshots\Pure_Boolean_Modal_Quantum\EVIDENCE_INDEX.json","7721","2026-09-18T13:37:55.4613547Z","DA2DCA6EF4908744E4F6F2DABC70C67F508D5DC30874C513C1F8CF89E1AEC6D0"
"Canonical correctness audit","05_CANONICAL_CORRECTNESS_AUDIT\audit_package\source_snapshots\Pure_Boolean_Modal_Quantum\LITERATURE.md","C:\Users\brian\Documents\Paper-Workbench\output\cm_lm_publication_20260918\runs\canonical_01\audit\source_snapshots\Pure_Boolean_Modal_Quantum\LITERATURE.md","16870","2026-09-18T13:37:55.4613547Z","61BDFFBB284D72FC83299DC145D8E91F26A039267854676473559A58001E0F51"
"Canonical correctness audit","05_CANONICAL_CORRECTNESS_AUDIT\audit_package\source_snapshots\Pure_Boolean_Modal_Quantum\logs\chktex.txt","C:\Users\brian\Documents\Paper-Workbench\output\cm_lm_publication_20260918\runs\canonical_01\audit\source_snapshots\Pure_Boolean_Modal_Quantum\logs\chktex.txt","777","2026-09-18T13:37:55.6493426Z","DA3D8A346F03429076BA50A359A52927E2DE4FDEC8337FABBA8A60CD657073C3"
"Canonical correctness audit","05_CANONICAL_CORRECTNESS_AUDIT\audit_package\source_snapshots\Pure_Boolean_Modal_Quantum\logs\console_output.txt","C:\Users\brian\Documents\Paper-Workbench\output\cm_lm_publication_20260918\runs\canonical_01\audit\source_snapshots\Pure_Boolean_Modal_Quantum\logs\console_output.txt","59098","2026-09-18T13:37:55.6513429Z","5F3C811422BD22591677124209674E52EBDE1FBB985CA68B2C36E0BCFC4C9724"
"Canonical correctness audit","05_CANONICAL_CORRECTNESS_AUDIT\audit_package\source_snapshots\Pure_Boolean_Modal_Quantum\logs\run_summary.json","C:\Users\brian\Documents\Paper-Workbench\output\cm_lm_publication_20260918\runs\canonical_01\audit\source_snapshots\Pure_Boolean_Modal_Quantum\logs\run_summary.json","59097","2026-09-18T13:37:55.6543443Z","7EE9E7C6B08236D011B494FE1563337A4F29D55DFAF949D42897B183375DCACE"
"Canonical correctness audit","05_CANONICAL_CORRECTNESS_AUDIT\audit_package\source_snapshots\Pure_Boolean_Modal_Quantum\logs\run_timing.txt","C:\Users\brian\Documents\Paper-Workbench\output\cm_lm_publication_20260918\runs\canonical_01\audit\source_snapshots\Pure_Boolean_Modal_Quantum\logs\run_timing.txt","6","2026-09-18T13:37:55.6613420Z","ED9884AFDE3ED4EC123BFA35D589C24907DD4B2CD6EE5298A7430B86B5F30582"
"Canonical correctness audit","05_CANONICAL_CORRECTNESS_AUDIT\audit_package\source_snapshots\Pure_Boolean_Modal_Quantum\logs\test_output.txt","C:\Users\brian\Documents\Paper-Workbench\output\cm_lm_publication_20260918\runs\canonical_01\audit\source_snapshots\Pure_Boolean_Modal_Quantum\logs\test_output.txt","2753","2026-09-18T13:37:55.6633437Z","B63F015266ED7AD969292B566D36A609BAD697E6F9A93906F47BDF6E97A9CF5A"
"Canonical correctness audit","05_CANONICAL_CORRECTNESS_AUDIT\audit_package\source_snapshots\Pure_Boolean_Modal_Quantum\logs\validation.txt","C:\Users\brian\Documents\Paper-Workbench\output\cm_lm_publication_20260918\runs\canonical_01\audit\source_snapshots\Pure_Boolean_Modal_Quantum\logs\validation.txt","1209","2026-09-18T13:37:55.6653406Z","3D0FF141D0DBC7F3E27EB7ECAA94FADF75747DCCD01FCE7929D3EF312BD1483A"
"Canonical correctness audit","05_CANONICAL_CORRECTNESS_AUDIT\audit_package\source_snapshots\Pure_Boolean_Modal_Quantum\MANIFEST_SHA256.txt","C:\Users\brian\Documents\Paper-Workbench\output\cm_lm_publication_20260918\runs\canonical_01\audit\source_snapshots\Pure_Boolean_Modal_Quantum\MANIFEST_SHA256.txt","4212","2026-09-18T13:37:55.4721427Z","249E9032AAECF22BB729EB930B3F8D865F5EECFC7544DDA1390D087B64B3D705"
"Canonical correctness audit","05_CANONICAL_CORRECTNESS_AUDIT\audit_package\source_snapshots\Pure_Boolean_Modal_Quantum\MODAL_CM_RESEARCH_SUMMARY.md","C:\Users\brian\Documents\Paper-Workbench\output\cm_lm_publication_20260918\runs\canonical_01\audit\source_snapshots\Pure_Boolean_Modal_Quantum\MODAL_CM_RESEARCH_SUMMARY.md","12358","2026-09-18T13:37:55.4721427Z","3851D171A1CFFAB7A31B9C0DEE6C6D56BFBC0FBB7399CAD5CBE4A25A57A2325B"
"Canonical correctness audit","05_CANONICAL_CORRECTNESS_AUDIT\audit_package\source_snapshots\Pure_Boolean_Modal_Quantum\NEGATIVE_RESULTS.md","C:\Users\brian\Documents\Paper-Workbench\output\cm_lm_publication_20260918\runs\canonical_01\audit\source_snapshots\Pure_Boolean_Modal_Quantum\NEGATIVE_RESULTS.md","7989","2026-09-18T13:37:55.4886199Z","FC8B16E65C241AB9649844F33416CA95179CD695B19D3976FF23206E52515E82"
"Canonical correctness audit","05_CANONICAL_CORRECTNESS_AUDIT\audit_package\source_snapshots\Pure_Boolean_Modal_Quantum\paper\PURE_BOOLEAN_MODAL_CM_ADDENDUM.tex","C:\Users\brian\Documents\Paper-Workbench\output\cm_lm_publication_20260918\runs\canonical_01\audit\source_snapshots\Pure_Boolean_Modal_Quantum\paper\PURE_BOOLEAN_MODAL_CM_ADDENDUM.tex","25380","2026-09-18T13:37:55.6733425Z","1A58DF56A9EBB04D413A62C0F900AAA32FCC627DB9C4B26A639C1A9FE07C0FF1"
"Canonical correctness audit","05_CANONICAL_CORRECTNESS_AUDIT\audit_package\source_snapshots\Pure_Boolean_Modal_Quantum\README.md","C:\Users\brian\Documents\Paper-Workbench\output\cm_lm_publication_20260918\runs\canonical_01\audit\source_snapshots\Pure_Boolean_Modal_Quantum\README.md","10279","2026-09-18T13:37:55.4886199Z","69D02DB202CDE38AA2C3AF27FAFA9441E9CAF546A13C66454CC5315A08510A00"
"Canonical correctness audit","05_CANONICAL_CORRECTNESS_AUDIT\audit_package\source_snapshots\Pure_Boolean_Modal_Quantum\references.bib","C:\Users\brian\Documents\Paper-Workbench\output\cm_lm_publication_20260918\runs\canonical_01\audit\source_snapshots\Pure_Boolean_Modal_Quantum\references.bib","6294","2026-09-18T13:37:55.6753433Z","4358E5349709CD14E8D2CB6B47802742CF7E8282E9C5D9A4294AD7D2F670955F"
"Canonical correctness audit","05_CANONICAL_CORRECTNESS_AUDIT\audit_package\source_snapshots\Pure_Boolean_Modal_Quantum\RESEARCH_LOG.md","C:\Users\brian\Documents\Paper-Workbench\output\cm_lm_publication_20260918\runs\canonical_01\audit\source_snapshots\Pure_Boolean_Modal_Quantum\RESEARCH_LOG.md","13523","2026-09-18T13:37:55.5001935Z","3BE83496FF235192EEF379B3F2C9A033A9A77E233DD41854644846068EAE4AC5"
"Canonical correctness audit","05_CANONICAL_CORRECTNESS_AUDIT\audit_package\source_snapshots\Pure_Boolean_Modal_Quantum\RESULTS.md","C:\Users\brian\Documents\Paper-Workbench\output\cm_lm_publication_20260918\runs\canonical_01\audit\source_snapshots\Pure_Boolean_Modal_Quantum\RESULTS.md","31636","2026-09-18T13:37:55.5061922Z","77FA117FA0FDC5F206F428000B3DA5F535D6FB50CB9387F9BF4BB04D10DD86A9"
"Canonical correctness audit","05_CANONICAL_CORRECTNESS_AUDIT\audit_package\source_snapshots\Pure_Boolean_Modal_Quantum\run_all.py","C:\Users\brian\Documents\Paper-Workbench\output\cm_lm_publication_20260918\runs\canonical_01\audit\source_snapshots\Pure_Boolean_Modal_Quantum\run_all.py","8631","2026-09-18T13:37:55.6783410Z","CCCD2B5A926863238A6276B81AC570DC1866DA185D349440C8AB8682565BBD76"
"Canonical correctness audit","05_CANONICAL_CORRECTNESS_AUDIT\audit_package\source_snapshots\Pure_Boolean_Modal_Quantum\SINGULAR_TELEPORTATION_HIERARCHY.md","C:\Users\brian\Documents\Paper-Workbench\output\cm_lm_publication_20260918\runs\canonical_01\audit\source_snapshots\Pure_Boolean_Modal_Quantum\SINGULAR_TELEPORTATION_HIERARCHY.md","14870","2026-09-18T13:37:55.5221931Z","9E0A2906701DC60628B63DE997A35AA8C3204E08334CEFEE2035660538BC49FA"
"Canonical correctness audit","05_CANONICAL_CORRECTNESS_AUDIT\audit_package\source_snapshots\Pure_Boolean_Modal_Quantum\src\__init__.py","C:\Users\brian\Documents\Paper-Workbench\output\cm_lm_publication_20260918\runs\canonical_01\audit\source_snapshots\Pure_Boolean_Modal_Quantum\src\__init__.py","0","2026-09-18T13:37:55.6803423Z","E3B0C44298FC1C149AFBF4C8996FB92427AE41E4649B934CA495991B7852B855"
"Canonical correctness audit","05_CANONICAL_CORRECTNESS_AUDIT\audit_package\source_snapshots\Pure_Boolean_Modal_Quantum\src\analysis_core.py","C:\Users\brian\Documents\Paper-Workbench\output\cm_lm_publication_20260918\runs\canonical_01\audit\source_snapshots\Pure_Boolean_Modal_Quantum\src\analysis_core.py","41250","2026-09-18T13:37:55.6823405Z","B9BA5DC13559CBE5FA888D2366985A22C9CA059CED28C040A26CDD6D0408E743"
"Canonical correctness audit","05_CANONICAL_CORRECTNESS_AUDIT\audit_package\source_snapshots\Pure_Boolean_Modal_Quantum\src\cm_ring.py","C:\Users\brian\Documents\Paper-Workbench\output\cm_lm_publication_20260918\runs\canonical_01\audit\source_snapshots\Pure_Boolean_Modal_Quantum\src\cm_ring.py","6998","2026-09-18T13:37:55.6843451Z","16D69D2BC3515566039F5B57A3B60DA06803489B52E86E05A063116A72F732EE"
"Canonical correctness audit","05_CANONICAL_CORRECTNESS_AUDIT\audit_package\source_snapshots\Pure_Boolean_Modal_Quantum\TELEPORTATION_RESOURCE_THEOREM.md","C:\Users\brian\Documents\Paper-Workbench\output\cm_lm_publication_20260918\runs\canonical_01\audit\source_snapshots\Pure_Boolean_Modal_Quantum\TELEPORTATION_RESOURCE_THEOREM.md","7126","2026-09-18T13:37:55.5301910Z","5AA9D42E239595CE00ACF0DE73CC21498921AE35482450961B8D2A24F77D5219"
"Canonical correctness audit","05_CANONICAL_CORRECTNESS_AUDIT\audit_package\source_snapshots\Pure_Boolean_Modal_Quantum\tests\test_cm_modal.py","C:\Users\brian\Documents\Paper-Workbench\output\cm_lm_publication_20260918\runs\canonical_01\audit\source_snapshots\Pure_Boolean_Modal_Quantum\tests\test_cm_modal.py","10725","2026-09-18T13:37:55.6903430Z","3E3CC4C6ABDF6220EAFB28DA490890AF4997A5EAC44CB7AA8002277EA3995A11"
"Canonical correctness audit","05_CANONICAL_CORRECTNESS_AUDIT\audit_package\tests\test_independent_audit.py","C:\Users\brian\Documents\Paper-Workbench\output\cm_lm_publication_20260918\runs\canonical_01\audit\tests\test_independent_audit.py","8069","2026-09-18T13:37:55.6923428Z","63A809093A2D19456FF381484AB4EECDFCFF6289DA379294F165D76801468AD8"
"Legacy root PDF","07_LEGACY_AND_PRECONSOLIDATION_MATERIAL\root_pdfs\CM_Phase_Calculus_Verified.pdf","C:\Users\brian\Documents\CM Quantum\CM_Phase_Calculus_Verified.pdf","377327","2026-09-16T19:11:26.3329532Z","2A9AA28CAA59DA4E08F2705D3D3E08DF05E1F6C155FD107C9E8CA11BA8740B01"
"Legacy root PDF","07_LEGACY_AND_PRECONSOLIDATION_MATERIAL\root_pdfs\operator-level-boolean-computation-with-correspondence-matrices.pdf","C:\Users\brian\Documents\CM Quantum\operator-level-boolean-computation-with-correspondence-matrices.pdf","977390","2026-09-15T06:47:28.3080058Z","6D726F96EBD446AC9228860CD1BD52E61BD49E2D3B1BE7092F6310269A260136"
"Legacy root PDF","07_LEGACY_AND_PRECONSOLIDATION_MATERIAL\root_pdfs\propositional-logical-topology-core-v0.6.pdf","C:\Users\brian\Documents\CM Quantum\propositional-logical-topology-core-v0.6.pdf","321991","2026-09-20T10:11:09.9570096Z","47EFC49EE760778D0F6D01ABF60F9638D3A0695672E973130A85A0373800924E"
"P01 current manuscript package","01_P01_CHAIN_RING_CONTEXTUALITY_AND_RESOURCES\source_package\ADVERSARIAL_REVIEW.md","C:\Users\brian\Documents\CM Quantum\CM_LM_RESEARCH_CONSOLIDATION_2026-09-18\CM_LM_RESEARCH_CONSOLIDATION\publication_writer_run_20260918\P01\ADVERSARIAL_REVIEW.md","2890","2026-09-19T06:44:47.7756161Z","17A84C26D1206005B3FF761A3DA3EF293090CB3618261148762D305D73120996"
"P01 current manuscript package","01_P01_CHAIN_RING_CONTEXTUALITY_AND_RESOURCES\source_package\ANALYZER_CHECK.json","C:\Users\brian\Documents\CM Quantum\CM_LM_RESEARCH_CONSOLIDATION_2026-09-18\CM_LM_RESEARCH_CONSOLIDATION\publication_writer_run_20260918\P01\ANALYZER_CHECK.json","28780","2026-09-19T06:44:47.7816203Z","D9B930CA47F824D944FB4831E1397423A06BB701279026C184166EC791B1C3BF"
"P01 current manuscript package","01_P01_CHAIN_RING_CONTEXTUALITY_AND_RESOURCES\source_package\BUILD_MANIFEST.json","C:\Users\brian\Documents\CM Quantum\CM_LM_RESEARCH_CONSOLIDATION_2026-09-18\CM_LM_RESEARCH_CONSOLIDATION\publication_writer_run_20260918\P01\BUILD_MANIFEST.json","1544","2026-09-19T06:44:47.7941399Z","8622E7FF2E52F4F087A0FB9832F4310E40D5C999261F282622077111DB500DF7"
"P01 current manuscript package","01_P01_CHAIN_RING_CONTEXTUALITY_AND_RESOURCES\source_package\build_stage_1.txt","C:\Users\brian\Documents\CM Quantum\CM_LM_RESEARCH_CONSOLIDATION_2026-09-18\CM_LM_RESEARCH_CONSOLIDATION\publication_writer_run_20260918\P01\build_stage_1.txt","8503","2026-09-19T06:44:47.8051403Z","B3E61FFB7FFC352C46085B12E43EF0E0B986087096A1A7033E3421E17310A185"
"P01 current manuscript package","01_P01_CHAIN_RING_CONTEXTUALITY_AND_RESOURCES\source_package\build_stage_2.txt","C:\Users\brian\Documents\CM Quantum\CM_LM_RESEARCH_CONSOLIDATION_2026-09-18\CM_LM_RESEARCH_CONSOLIDATION\publication_writer_run_20260918\P01\build_stage_2.txt","146","2026-09-19T06:44:47.8111417Z","1D6714BE9F90642D85189892DBC63E3F3FF5E2E11537345932748A2F0B74AB69"
"P01 current manuscript package","01_P01_CHAIN_RING_CONTEXTUALITY_AND_RESOURCES\source_package\build_stage_3.txt","C:\Users\brian\Documents\CM Quantum\CM_LM_RESEARCH_CONSOLIDATION_2026-09-18\CM_LM_RESEARCH_CONSOLIDATION\publication_writer_run_20260918\P01\build_stage_3.txt","8417","2026-09-19T06:44:47.8221466Z","F15EB6F7A3176479E9E826CC55B55DCCE25F0297D6ED361A0806655D6D81A046"
"P01 current manuscript package","01_P01_CHAIN_RING_CONTEXTUALITY_AND_RESOURCES\source_package\build_stage_4.txt","C:\Users\brian\Documents\CM Quantum\CM_LM_RESEARCH_CONSOLIDATION_2026-09-18\CM_LM_RESEARCH_CONSOLIDATION\publication_writer_run_20260918\P01\build_stage_4.txt","8417","2026-09-19T06:44:47.8348087Z","F15EB6F7A3176479E9E826CC55B55DCCE25F0297D6ED361A0806655D6D81A046"
"P01 current manuscript package","01_P01_CHAIN_RING_CONTEXTUALITY_AND_RESOURCES\source_package\CHANGED_CLAIMS.md","C:\Users\brian\Documents\CM Quantum\CM_LM_RESEARCH_CONSOLIDATION_2026-09-18\CM_LM_RESEARCH_CONSOLIDATION\publication_writer_run_20260918\P01\CHANGED_CLAIMS.md","1667","2026-09-19T06:44:47.8388077Z","0A54545BEDC57049C75EBEC51F1BCEC94A10E4016E3FD2D98060C1AC6C4681C2"
"P01 current manuscript package","01_P01_CHAIN_RING_CONTEXTUALITY_AND_RESOURCES\source_package\FINAL_CLAIMS.md","C:\Users\brian\Documents\CM Quantum\CM_LM_RESEARCH_CONSOLIDATION_2026-09-18\CM_LM_RESEARCH_CONSOLIDATION\publication_writer_run_20260918\P01\FINAL_CLAIMS.md","1728","2026-09-19T06:44:47.8448098Z","27879BB7F33C2445F9DBDD1BB887F4D8F50EC829569B8C6B58EB08AD5C730774"
"P01 current manuscript package","01_P01_CHAIN_RING_CONTEXTUALITY_AND_RESOURCES\source_package\GATE_2_PRIORITY_PROOF_REPORT.md","C:\Users\brian\Documents\CM Quantum\CM_LM_RESEARCH_CONSOLIDATION_2026-09-18\CM_LM_RESEARCH_CONSOLIDATION\publication_writer_run_20260918\P01\GATE_2_PRIORITY_PROOF_REPORT.md","3119","2026-09-19T06:44:47.8538106Z","E8C5F13CD900F2FBF5FB9C6F3013F540B1FBF741CA557CEBD29CC0543E59961B"
"P01 current manuscript package","01_P01_CHAIN_RING_CONTEXTUALITY_AND_RESOURCES\source_package\generate_assets.py","C:\Users\brian\Documents\CM Quantum\CM_LM_RESEARCH_CONSOLIDATION_2026-09-18\CM_LM_RESEARCH_CONSOLIDATION\publication_writer_run_20260918\P01\generate_assets.py","3276","2026-09-19T06:44:47.8588125Z","6F83291EBB0A518AC9FAE855E596384878BD34945EFF522CAE0BB5E7E56B4424"
"P01 current manuscript package","01_P01_CHAIN_RING_CONTEXTUALITY_AND_RESOURCES\source_package\main.pdf","C:\Users\brian\Documents\CM Quantum\CM_LM_RESEARCH_CONSOLIDATION_2026-09-18\CM_LM_RESEARCH_CONSOLIDATION\publication_writer_run_20260918\P01\main.pdf","407843","2026-09-19T06:44:47.8738159Z","F85A140CE21A2FF1E74B6B9F965D473F1430FEE2C2464F867386F8F82720BA08"
"P01 current manuscript package","01_P01_CHAIN_RING_CONTEXTUALITY_AND_RESOURCES\source_package\main.tex","C:\Users\brian\Documents\CM Quantum\CM_LM_RESEARCH_CONSOLIDATION_2026-09-18\CM_LM_RESEARCH_CONSOLIDATION\publication_writer_run_20260918\P01\main.tex","31990","2026-09-19T06:44:47.8869793Z","31F623FC8572D0D7CB2141D7971196176979DBD56FF40BD6A4D5CA318C3AC46F"
"P01 current manuscript package","01_P01_CHAIN_RING_CONTEXTUALITY_AND_RESOURCES\source_package\PRIMARY_SOURCE_REVIEW.csv","C:\Users\brian\Documents\CM Quantum\CM_LM_RESEARCH_CONSOLIDATION_2026-09-18\CM_LM_RESEARCH_CONSOLIDATION\publication_writer_run_20260918\P01\PRIMARY_SOURCE_REVIEW.csv","2501","2026-09-19T06:44:47.8970841Z","47E0231D65EB1F0E1A869F61F8293586C9D9C2E31857C20DA76DDF59FEA55739"
"P01 current manuscript package","01_P01_CHAIN_RING_CONTEXTUALITY_AND_RESOURCES\source_package\PRIORITY_AND_NOVELTY_LEDGER.csv","C:\Users\brian\Documents\CM Quantum\CM_LM_RESEARCH_CONSOLIDATION_2026-09-18\CM_LM_RESEARCH_CONSOLIDATION\publication_writer_run_20260918\P01\PRIORITY_AND_NOVELTY_LEDGER.csv","3635","2026-09-19T06:44:47.9052466Z","F685C234843A6E3E061133D4D93F794B31940187DA041B1673C534CEAA8B5241"
"P01 current manuscript package","01_P01_CHAIN_RING_CONTEXTUALITY_AND_RESOURCES\source_package\references.bib","C:\Users\brian\Documents\CM Quantum\CM_LM_RESEARCH_CONSOLIDATION_2026-09-18\CM_LM_RESEARCH_CONSOLIDATION\publication_writer_run_20260918\P01\references.bib","2273","2026-09-19T06:44:47.9200832Z","B66BDA163E9B73CD670D2A03E341EF97B3042562AE96069B1035ED9B3F61400B"
"P01 current manuscript package","01_P01_CHAIN_RING_CONTEXTUALITY_AND_RESOURCES\source_package\REPRODUCIBILITY.md","C:\Users\brian\Documents\CM Quantum\CM_LM_RESEARCH_CONSOLIDATION_2026-09-18\CM_LM_RESEARCH_CONSOLIDATION\publication_writer_run_20260918\P01\REPRODUCIBILITY.md","1709","2026-09-19T06:44:47.9398844Z","3F536B49A3972227EA8E63523AB9ED90AC5A7538C6CE38EF6C5316862B3A3520"
"P01 current manuscript package","01_P01_CHAIN_RING_CONTEXTUALITY_AND_RESOURCES\source_package\SEARCH_LOG.csv","C:\Users\brian\Documents\CM Quantum\CM_LM_RESEARCH_CONSOLIDATION_2026-09-18\CM_LM_RESEARCH_CONSOLIDATION\publication_writer_run_20260918\P01\SEARCH_LOG.csv","2955","2026-09-19T06:44:47.9479988Z","8ED518C2E7F9AE58BC8819523F3E2CB8E5A941B9E6928ADAE277CC05B1CEA2E5"
"P01 current manuscript package","01_P01_CHAIN_RING_CONTEXTUALITY_AND_RESOURCES\source_package\smith_table.tex","C:\Users\brian\Documents\CM Quantum\CM_LM_RESEARCH_CONSOLIDATION_2026-09-18\CM_LM_RESEARCH_CONSOLIDATION\publication_writer_run_20260918\P01\smith_table.tex","1153","2026-09-19T06:44:47.9564017Z","96A4FCF96B5CAA14208DF4F84A8481DCCCBF86E01C5C69D7E484131CFDE9AA8D"
"P01 current manuscript package","01_P01_CHAIN_RING_CONTEXTUALITY_AND_RESOURCES\source_package\THEOREM_PROOF_SOURCE_CROSSWALK.csv","C:\Users\brian\Documents\CM Quantum\CM_LM_RESEARCH_CONSOLIDATION_2026-09-18\CM_LM_RESEARCH_CONSOLIDATION\publication_writer_run_20260918\P01\THEOREM_PROOF_SOURCE_CROSSWALK.csv","2602","2026-09-19T06:44:47.9564017Z","4BDCAAAE7AD3A5C36587033947A639E4A740BD6F05FDE0A9BA3F35D0D1163E78"
"P01 current manuscript package","01_P01_CHAIN_RING_CONTEXTUALITY_AND_RESOURCES\source_package\UNRESOLVED_PRIORITY_AND_ISSUES.md","C:\Users\brian\Documents\CM Quantum\CM_LM_RESEARCH_CONSOLIDATION_2026-09-18\CM_LM_RESEARCH_CONSOLIDATION\publication_writer_run_20260918\P01\UNRESOLVED_PRIORITY_AND_ISSUES.md","1313","2026-09-19T06:44:47.9707662Z","76D408AEEA3C63A3E51685131CE6AEB130D09FF40DAC64CDB975A89A8275CFB3"
"P01 current manuscript package","01_P01_CHAIN_RING_CONTEXTUALITY_AND_RESOURCES\source_package\VISUAL_QA.json","C:\Users\brian\Documents\CM Quantum\CM_LM_RESEARCH_CONSOLIDATION_2026-09-18\CM_LM_RESEARCH_CONSOLIDATION\publication_writer_run_20260918\P01\VISUAL_QA.json","390","2026-09-19T06:44:47.9748566Z","BC85A204D98CB196F7733B6DA127EA83A2D42E27E8BF3A3F54C89F6F652EC434"
"P02 current manuscript package","02_P02_CHARACTERISTIC_TWO_QUERY_OBSTRUCTIONS\source_package\ADVERSARIAL_REVIEW.md","C:\Users\brian\Documents\CM Quantum\CM_LM_RESEARCH_CONSOLIDATION_2026-09-18\CM_LM_RESEARCH_CONSOLIDATION\publication_writer_run_20260918\P02\ADVERSARIAL_REVIEW.md","2163","2026-09-19T06:44:49.5172279Z","A9091667BE2CA84FB0822FFAD7501B0BC940BB8F9A46D790DB4E38038EEB9C82"
"P02 current manuscript package","02_P02_CHARACTERISTIC_TWO_QUERY_OBSTRUCTIONS\source_package\BUILD_MANIFEST.json","C:\Users\brian\Documents\CM Quantum\CM_LM_RESEARCH_CONSOLIDATION_2026-09-18\CM_LM_RESEARCH_CONSOLIDATION\publication_writer_run_20260918\P02\BUILD_MANIFEST.json","1543","2026-09-19T06:44:49.5217913Z","4F20E5808526A0DAF1EC1AAB2E00D3CCCA5FE87A359BB115CF49BCEAF6DFE151"
"P02 current manuscript package","02_P02_CHARACTERISTIC_TWO_QUERY_OBSTRUCTIONS\source_package\build_stage_1.txt","C:\Users\brian\Documents\CM Quantum\CM_LM_RESEARCH_CONSOLIDATION_2026-09-18\CM_LM_RESEARCH_CONSOLIDATION\publication_writer_run_20260918\P02\build_stage_1.txt","8492","2026-09-19T06:44:49.5217913Z","F759AE39AB878F2E5362436CF8F5E2C7D0A6B02069C74B58925BB4D7142713AF"
"P02 current manuscript package","02_P02_CHARACTERISTIC_TWO_QUERY_OBSTRUCTIONS\source_package\build_stage_2.txt","C:\Users\brian\Documents\CM Quantum\CM_LM_RESEARCH_CONSOLIDATION_2026-09-18\CM_LM_RESEARCH_CONSOLIDATION\publication_writer_run_20260918\P02\build_stage_2.txt","146","2026-09-19T06:44:49.5298518Z","1D6714BE9F90642D85189892DBC63E3F3FF5E2E11537345932748A2F0B74AB69"
"P02 current manuscript package","02_P02_CHARACTERISTIC_TWO_QUERY_OBSTRUCTIONS\source_package\build_stage_3.txt","C:\Users\brian\Documents\CM Quantum\CM_LM_RESEARCH_CONSOLIDATION_2026-09-18\CM_LM_RESEARCH_CONSOLIDATION\publication_writer_run_20260918\P02\build_stage_3.txt","8408","2026-09-19T06:44:49.5329416Z","38381EBF17EA9C966755E0EFC91096267841200F2244D94898B9FBBB74407299"
"P02 current manuscript package","02_P02_CHARACTERISTIC_TWO_QUERY_OBSTRUCTIONS\source_package\build_stage_4.txt","C:\Users\brian\Documents\CM Quantum\CM_LM_RESEARCH_CONSOLIDATION_2026-09-18\CM_LM_RESEARCH_CONSOLIDATION\publication_writer_run_20260918\P02\build_stage_4.txt","8408","2026-09-19T06:44:49.5365348Z","38381EBF17EA9C966755E0EFC91096267841200F2244D94898B9FBBB74407299"
"P02 current manuscript package","02_P02_CHARACTERISTIC_TWO_QUERY_OBSTRUCTIONS\source_package\CHANGED_CLAIMS.md","C:\Users\brian\Documents\CM Quantum\CM_LM_RESEARCH_CONSOLIDATION_2026-09-18\CM_LM_RESEARCH_CONSOLIDATION\publication_writer_run_20260918\P02\CHANGED_CLAIMS.md","1215","2026-09-19T06:44:49.5400886Z","6421E375CBB0111900ECD721E5CB533F9FAFBA828F1B53D494302096A2CE8B46"
"P02 current manuscript package","02_P02_CHARACTERISTIC_TWO_QUERY_OBSTRUCTIONS\source_package\FINAL_CLAIMS.md","C:\Users\brian\Documents\CM Quantum\CM_LM_RESEARCH_CONSOLIDATION_2026-09-18\CM_LM_RESEARCH_CONSOLIDATION\publication_writer_run_20260918\P02\FINAL_CLAIMS.md","1010","2026-09-19T06:44:49.5400886Z","42217E3CBB7515DB3646E54961384AF09732D1BC335D41FA016037B31B655011"
"P02 current manuscript package","02_P02_CHARACTERISTIC_TWO_QUERY_OBSTRUCTIONS\source_package\GATE_4_PRIORITY_PROOF_REPORT.md","C:\Users\brian\Documents\CM Quantum\CM_LM_RESEARCH_CONSOLIDATION_2026-09-18\CM_LM_RESEARCH_CONSOLIDATION\publication_writer_run_20260918\P02\GATE_4_PRIORITY_PROOF_REPORT.md","2435","2026-09-19T06:44:49.5503987Z","D8561C14B7474CBCA10F0C59F4D9918839CD11848439D51600D28A612D1F4B65"
"P02 current manuscript package","02_P02_CHARACTERISTIC_TWO_QUERY_OBSTRUCTIONS\source_package\main.pdf","C:\Users\brian\Documents\CM Quantum\CM_LM_RESEARCH_CONSOLIDATION_2026-09-18\CM_LM_RESEARCH_CONSOLIDATION\publication_writer_run_20260918\P02\main.pdf","405543","2026-09-19T06:44:49.5503987Z","AB8EE57575C186B86768B1EF2D6F42B62D1BE15A3E33137710210363EE6DC89E"
"P02 current manuscript package","02_P02_CHARACTERISTIC_TWO_QUERY_OBSTRUCTIONS\source_package\main.tex","C:\Users\brian\Documents\CM Quantum\CM_LM_RESEARCH_CONSOLIDATION_2026-09-18\CM_LM_RESEARCH_CONSOLIDATION\publication_writer_run_20260918\P02\main.tex","25633","2026-09-19T06:44:49.5604795Z","B07A5D6C247A479811F01D419C03D416DC86A3058898DE2CBAA036D32046273F"
"P02 current manuscript package","02_P02_CHARACTERISTIC_TWO_QUERY_OBSTRUCTIONS\source_package\phase_table.tex","C:\Users\brian\Documents\CM Quantum\CM_LM_RESEARCH_CONSOLIDATION_2026-09-18\CM_LM_RESEARCH_CONSOLIDATION\publication_writer_run_20260918\P02\phase_table.tex","504","2026-09-19T06:44:49.5708953Z","E04C8A738B2317F930978D065A1C5EB25CD70C9E68DD345B51459B43F355DB5F"
"P02 current manuscript package","02_P02_CHARACTERISTIC_TWO_QUERY_OBSTRUCTIONS\source_package\PRIMARY_SOURCE_REVIEW.csv","C:\Users\brian\Documents\CM Quantum\CM_LM_RESEARCH_CONSOLIDATION_2026-09-18\CM_LM_RESEARCH_CONSOLIDATION\publication_writer_run_20260918\P02\PRIMARY_SOURCE_REVIEW.csv","2240","2026-09-19T06:44:49.5739281Z","EC7A1D1BACC2EC8BB910DB5968B0EEC3164C9BE51524D898148A17F11A65B485"
"P02 current manuscript package","02_P02_CHARACTERISTIC_TWO_QUERY_OBSTRUCTIONS\source_package\PRIORITY_AND_NOVELTY_LEDGER.csv","C:\Users\brian\Documents\CM Quantum\CM_LM_RESEARCH_CONSOLIDATION_2026-09-18\CM_LM_RESEARCH_CONSOLIDATION\publication_writer_run_20260918\P02\PRIORITY_AND_NOVELTY_LEDGER.csv","2410","2026-09-19T06:44:49.5813250Z","E15D3879BFCFDE1A1BC832DE8E84772951717A95871A912D513BF298C14EA38F"
"P02 current manuscript package","02_P02_CHARACTERISTIC_TWO_QUERY_OBSTRUCTIONS\source_package\references.bib","C:\Users\brian\Documents\CM Quantum\CM_LM_RESEARCH_CONSOLIDATION_2026-09-18\CM_LM_RESEARCH_CONSOLIDATION\publication_writer_run_20260918\P02\references.bib","2009","2026-09-19T06:44:49.5893324Z","464C3C1704B9DFF753A427CFADA306D33BC5EF5FCF9A6AD51102815E324091F0"
"P02 current manuscript package","02_P02_CHARACTERISTIC_TWO_QUERY_OBSTRUCTIONS\source_package\REPRODUCIBILITY.md","C:\Users\brian\Documents\CM Quantum\CM_LM_RESEARCH_CONSOLIDATION_2026-09-18\CM_LM_RESEARCH_CONSOLIDATION\publication_writer_run_20260918\P02\REPRODUCIBILITY.md","1173","2026-09-19T06:44:49.5973329Z","6C346B623F6F0261279FC987ADC4ABCCBEE390E925A071AEF79D808778651535"
"P02 current manuscript package","02_P02_CHARACTERISTIC_TWO_QUERY_OBSTRUCTIONS\source_package\SEARCH_LOG.csv","C:\Users\brian\Documents\CM Quantum\CM_LM_RESEARCH_CONSOLIDATION_2026-09-18\CM_LM_RESEARCH_CONSOLIDATION\publication_writer_run_20260918\P02\SEARCH_LOG.csv","2813","2026-09-19T06:44:49.6029080Z","AD5613278E07267416C614328B624263B85B819806F801048CCEDDA6BD279467"
"P02 current manuscript package","02_P02_CHARACTERISTIC_TWO_QUERY_OBSTRUCTIONS\source_package\TABLE_PROVENANCE.json","C:\Users\brian\Documents\CM Quantum\CM_LM_RESEARCH_CONSOLIDATION_2026-09-18\CM_LM_RESEARCH_CONSOLIDATION\publication_writer_run_20260918\P02\TABLE_PROVENANCE.json","331","2026-09-19T06:44:49.6075088Z","82390D9B03AE399B8043261979C1B96CF765EBDB7C546C63F766B9EC9EB1DD7E"
"P02 current manuscript package","02_P02_CHARACTERISTIC_TWO_QUERY_OBSTRUCTIONS\source_package\THEOREM_PROOF_SOURCE_CROSSWALK.csv","C:\Users\brian\Documents\CM Quantum\CM_LM_RESEARCH_CONSOLIDATION_2026-09-18\CM_LM_RESEARCH_CONSOLIDATION\publication_writer_run_20260918\P02\THEOREM_PROOF_SOURCE_CROSSWALK.csv","1624","2026-09-19T06:44:49.6147168Z","4F9BEFE240EEFE4886CA7003462C9BF8AD61ADB2251344052A6BFD5E92939DAC"
"P02 current manuscript package","02_P02_CHARACTERISTIC_TWO_QUERY_OBSTRUCTIONS\source_package\UNRESOLVED_PRIORITY_AND_ISSUES.md","C:\Users\brian\Documents\CM Quantum\CM_LM_RESEARCH_CONSOLIDATION_2026-09-18\CM_LM_RESEARCH_CONSOLIDATION\publication_writer_run_20260918\P02\UNRESOLVED_PRIORITY_AND_ISSUES.md","755","2026-09-19T06:44:49.6218418Z","E05895F777BE2AD7C74CD5014DD585390540EDF7B264E9A2158A321CC5DF8681"
"P02 current manuscript package","02_P02_CHARACTERISTIC_TWO_QUERY_OBSTRUCTIONS\source_package\VISUAL_QA.json","C:\Users\brian\Documents\CM Quantum\CM_LM_RESEARCH_CONSOLIDATION_2026-09-18\CM_LM_RESEARCH_CONSOLIDATION\publication_writer_run_20260918\P02\VISUAL_QA.json","389","2026-09-19T06:44:49.6283776Z","8C28D87E3BD88BE99C4B6D0A28E46871CE83F0336532B5527CE3237C2239A759"
"Paper B current manuscript","03_PAPER_B_OPERATOR_LEVEL_BOOLEAN_COMPUTATION\manuscript\appendix_proofs.tex","C:\Users\brian\Documents\CM Quantum\CM_LM_RESEARCH_CONSOLIDATION_2026-09-18\CM_LM_RESEARCH_CONSOLIDATION\publication_writer_run_20260918\Paper_B\05_manuscript\appendix_proofs.tex","9926","2026-09-19T06:44:52.1348041Z","228A7E7FB69FED8ACF311563C788A24F4381DBFF1C53C9BAEB34DF4C53AEE532"
"Paper B current manuscript","03_PAPER_B_OPERATOR_LEVEL_BOOLEAN_COMPUTATION\manuscript\BUILD_MANIFEST.json","C:\Users\brian\Documents\CM Quantum\CM_LM_RESEARCH_CONSOLIDATION_2026-09-18\CM_LM_RESEARCH_CONSOLIDATION\publication_writer_run_20260918\Paper_B\05_manuscript\BUILD_MANIFEST.json","1583","2026-09-19T06:44:52.1388045Z","E6891C442F2508FFE198B637F4CA54FE84C3B5105629E6E9BF5E0727DF9E7723"
"Paper B current manuscript","03_PAPER_B_OPERATOR_LEVEL_BOOLEAN_COMPUTATION\manuscript\build_stage_1.txt","C:\Users\brian\Documents\CM Quantum\CM_LM_RESEARCH_CONSOLIDATION_2026-09-18\CM_LM_RESEARCH_CONSOLIDATION\publication_writer_run_20260918\Paper_B\05_manuscript\build_stage_1.txt","9924","2026-09-19T06:44:52.1428057Z","1FB96D053D9FC29DE535A96940726FF9B47FAA1CEB2717531F8A0AD6EB02D5DB"
"Paper B current manuscript","03_PAPER_B_OPERATOR_LEVEL_BOOLEAN_COMPUTATION\manuscript\build_stage_2.txt","C:\Users\brian\Documents\CM Quantum\CM_LM_RESEARCH_CONSOLIDATION_2026-09-18\CM_LM_RESEARCH_CONSOLIDATION\publication_writer_run_20260918\Paper_B\05_manuscript\build_stage_2.txt","149","2026-09-19T06:44:52.1458074Z","4F59FF7DAEF0DC0FB6DFA8304ACFA756B26043E79BFEA846844EA781EAF4817B"
"Paper B current manuscript","03_PAPER_B_OPERATOR_LEVEL_BOOLEAN_COMPUTATION\manuscript\build_stage_3.txt","C:\Users\brian\Documents\CM Quantum\CM_LM_RESEARCH_CONSOLIDATION_2026-09-18\CM_LM_RESEARCH_CONSOLIDATION\publication_writer_run_20260918\Paper_B\05_manuscript\build_stage_3.txt","9924","2026-09-19T06:44:52.1488082Z","1FB96D053D9FC29DE535A96940726FF9B47FAA1CEB2717531F8A0AD6EB02D5DB"
"Paper B current manuscript","03_PAPER_B_OPERATOR_LEVEL_BOOLEAN_COMPUTATION\manuscript\build_stage_4.txt","C:\Users\brian\Documents\CM Quantum\CM_LM_RESEARCH_CONSOLIDATION_2026-09-18\CM_LM_RESEARCH_CONSOLIDATION\publication_writer_run_20260918\Paper_B\05_manuscript\build_stage_4.txt","9924","2026-09-19T06:44:52.1528079Z","1FB96D053D9FC29DE535A96940726FF9B47FAA1CEB2717531F8A0AD6EB02D5DB"
"Paper B current manuscript","03_PAPER_B_OPERATOR_LEVEL_BOOLEAN_COMPUTATION\manuscript\check_manuscript.py","C:\Users\brian\Documents\CM Quantum\CM_LM_RESEARCH_CONSOLIDATION_2026-09-18\CM_LM_RESEARCH_CONSOLIDATION\publication_writer_run_20260918\Paper_B\05_manuscript\check_manuscript.py","5774","2026-09-19T06:44:52.1568102Z","BAB92AF7BA9CD4761A849299A0CE754E41E9F8378421A78134641E8A886F3A6F"
"Paper B current manuscript","03_PAPER_B_OPERATOR_LEVEL_BOOLEAN_COMPUTATION\manuscript\DRAFT_STATUS.md","C:\Users\brian\Documents\CM Quantum\CM_LM_RESEARCH_CONSOLIDATION_2026-09-18\CM_LM_RESEARCH_CONSOLIDATION\publication_writer_run_20260918\Paper_B\05_manuscript\DRAFT_STATUS.md","2826","2026-09-19T06:44:52.1618114Z","045FE937473A8A26E2633ABE504582D7D037ABF5018562DE6787DDD87981F1EF"
"Paper B current manuscript","03_PAPER_B_OPERATOR_LEVEL_BOOLEAN_COMPUTATION\manuscript\main.pdf","C:\Users\brian\Documents\CM Quantum\CM_LM_RESEARCH_CONSOLIDATION_2026-09-18\CM_LM_RESEARCH_CONSOLIDATION\publication_writer_run_20260918\Paper_B\05_manuscript\main.pdf","992801","2026-09-19T06:44:52.1658142Z","A02BA8ADED23EDD94B5F816BBF6B5F8AFEE881576762EB89371EB884613C4133"
"Paper B current manuscript","03_PAPER_B_OPERATOR_LEVEL_BOOLEAN_COMPUTATION\manuscript\main.tex","C:\Users\brian\Documents\CM Quantum\CM_LM_RESEARCH_CONSOLIDATION_2026-09-18\CM_LM_RESEARCH_CONSOLIDATION\publication_writer_run_20260918\Paper_B\05_manuscript\main.tex","64995","2026-09-19T06:44:52.1848197Z","70F302DE93F2D42D698EC0D9B1D54EA983350264B04016E395062C0A2ED8CCDF"
"Paper B current manuscript","03_PAPER_B_OPERATOR_LEVEL_BOOLEAN_COMPUTATION\manuscript\MATHEMATICAL_QA_AGENT_PROMPT.md","C:\Users\brian\Documents\CM Quantum\CM_LM_RESEARCH_CONSOLIDATION_2026-09-18\CM_LM_RESEARCH_CONSOLIDATION\publication_writer_run_20260918\Paper_B\05_manuscript\MATHEMATICAL_QA_AGENT_PROMPT.md","7639","2026-09-19T06:44:52.1898185Z","6317BCFF8C7362BAF4AD8325E4524EAF0CF36B359E530ED52C053F0CB652287E"
"Paper B current manuscript","03_PAPER_B_OPERATOR_LEVEL_BOOLEAN_COMPUTATION\manuscript\p14_rows.tex","C:\Users\brian\Documents\CM Quantum\CM_LM_RESEARCH_CONSOLIDATION_2026-09-18\CM_LM_RESEARCH_CONSOLIDATION\publication_writer_run_20260918\Paper_B\05_manuscript\p14_rows.tex","184","2026-09-19T06:44:52.1948299Z","ED6B1FC266956C9450F05ADF370241A561CB49F8476608CFA80C0DC2D008ADD6"
"Paper B current manuscript","03_PAPER_B_OPERATOR_LEVEL_BOOLEAN_COMPUTATION\manuscript\PANEL_FINDINGS_RESPONSE_R2.md","C:\Users\brian\Documents\CM Quantum\CM_LM_RESEARCH_CONSOLIDATION_2026-09-18\CM_LM_RESEARCH_CONSOLIDATION\publication_writer_run_20260918\Paper_B\05_manuscript\PANEL_FINDINGS_RESPONSE_R2.md","6695","2026-09-19T06:44:52.1978190Z","6696E42E3CDC6766627D101EF70339C7930CDE6122E043787868EE3226C4410C"
"Paper B current manuscript","03_PAPER_B_OPERATOR_LEVEL_BOOLEAN_COMPUTATION\manuscript\references.bib","C:\Users\brian\Documents\CM Quantum\CM_LM_RESEARCH_CONSOLIDATION_2026-09-18\CM_LM_RESEARCH_CONSOLIDATION\publication_writer_run_20260918\Paper_B\05_manuscript\references.bib","5549","2026-09-19T06:44:52.2028222Z","04EF86A0BF38A1AF8F8659C3E6D30ECA9AD871F131860B8B731CC05F4E0D6491"
"Paper B current manuscript","03_PAPER_B_OPERATOR_LEVEL_BOOLEAN_COMPUTATION\manuscript\REVIEW_PANEL_REPORT_R2.md","C:\Users\brian\Documents\CM Quantum\CM_LM_RESEARCH_CONSOLIDATION_2026-09-18\CM_LM_RESEARCH_CONSOLIDATION\publication_writer_run_20260918\Paper_B\05_manuscript\REVIEW_PANEL_REPORT_R2.md","9706","2026-09-19T06:44:52.2158357Z","7657C85DDC40EC337D0A1008492A77489F8FDDB35673CE410265BF20505C063F"
"Paper B current manuscript","03_PAPER_B_OPERATOR_LEVEL_BOOLEAN_COMPUTATION\manuscript\REVIEW_PANEL_REPORT.md","C:\Users\brian\Documents\CM Quantum\CM_LM_RESEARCH_CONSOLIDATION_2026-09-18\CM_LM_RESEARCH_CONSOLIDATION\publication_writer_run_20260918\Paper_B\05_manuscript\REVIEW_PANEL_REPORT.md","13847","2026-09-19T06:44:52.2108341Z","80C5DDB2E37FEAA40F455AD3B578DDE9318FC2AA2CBD26A0B499C3D6474B6ED7"
"Paper B research and review package","03_PAPER_B_OPERATOR_LEVEL_BOOLEAN_COMPUTATION\research_and_review\ADVERSARIAL_REVIEW.md","C:\Users\brian\Documents\CM Quantum\CM_LM_RESEARCH_CONSOLIDATION_2026-09-18\CM_LM_RESEARCH_CONSOLIDATION\publication_writer_run_20260918\Paper_B\ADVERSARIAL_REVIEW.md","1722","2026-09-19T06:44:51.9143551Z","992B194871B52D7420BC3F6640610441B121FE4191D5C095DEE1240B1A4C23A3"
"Paper B research and review package","03_PAPER_B_OPERATOR_LEVEL_BOOLEAN_COMPUTATION\research_and_review\CHANGED_CLAIMS.md","C:\Users\brian\Documents\CM Quantum\CM_LM_RESEARCH_CONSOLIDATION_2026-09-18\CM_LM_RESEARCH_CONSOLIDATION\publication_writer_run_20260918\Paper_B\CHANGED_CLAIMS.md","1522","2026-09-19T06:44:51.9183568Z","5A9D6EDBD5B0BB827B88F68D69DFD57F083BBAD579AF244E1DC2D4D046A61B4D"
"Paper B research and review package","03_PAPER_B_OPERATOR_LEVEL_BOOLEAN_COMPUTATION\research_and_review\evidence_update.tex","C:\Users\brian\Documents\CM Quantum\CM_LM_RESEARCH_CONSOLIDATION_2026-09-18\CM_LM_RESEARCH_CONSOLIDATION\publication_writer_run_20260918\Paper_B\evidence_update.tex","6042","2026-09-19T06:44:51.9213569Z","5DF3C633726CA0F1F3EFDB6EC34FA09C2EE214E239907470F333646EEA750F96"
"Paper B research and review package","03_PAPER_B_OPERATOR_LEVEL_BOOLEAN_COMPUTATION\research_and_review\FINAL_CLAIMS.md","C:\Users\brian\Documents\CM Quantum\CM_LM_RESEARCH_CONSOLIDATION_2026-09-18\CM_LM_RESEARCH_CONSOLIDATION\publication_writer_run_20260918\Paper_B\FINAL_CLAIMS.md","803","2026-09-19T06:44:51.9253584Z","FB7F19487C9A6F45C8D56A0E0AF0DC06C11E9CFCD7DE6CE703D3C1CA20B1C12D"
"Paper B research and review package","03_PAPER_B_OPERATOR_LEVEL_BOOLEAN_COMPUTATION\research_and_review\GATE_6_EMPIRICAL_DECISION.md","C:\Users\brian\Documents\CM Quantum\CM_LM_RESEARCH_CONSOLIDATION_2026-09-18\CM_LM_RESEARCH_CONSOLIDATION\publication_writer_run_20260918\Paper_B\GATE_6_EMPIRICAL_DECISION.md","1792","2026-09-19T06:44:51.9273588Z","BCEC35CE3C4E7465A379B3ED0CB18EC621A27C187A54B7E26AAC8D7A7C3759B2"
"Paper B research and review package","03_PAPER_B_OPERATOR_LEVEL_BOOLEAN_COMPUTATION\research_and_review\PRIMARY_SOURCE_REVIEW.csv","C:\Users\brian\Documents\CM Quantum\CM_LM_RESEARCH_CONSOLIDATION_2026-09-18\CM_LM_RESEARCH_CONSOLIDATION\publication_writer_run_20260918\Paper_B\PRIMARY_SOURCE_REVIEW.csv","1804","2026-09-19T06:44:51.9303595Z","68A2B1FC4602A2566C89E35B88F606CE8BBE604EA2E06D5A01ECF2EA2DD90129"
"Paper B research and review package","03_PAPER_B_OPERATOR_LEVEL_BOOLEAN_COMPUTATION\research_and_review\PRIORITY_AND_NOVELTY_LEDGER.csv","C:\Users\brian\Documents\CM Quantum\CM_LM_RESEARCH_CONSOLIDATION_2026-09-18\CM_LM_RESEARCH_CONSOLIDATION\publication_writer_run_20260918\Paper_B\PRIORITY_AND_NOVELTY_LEDGER.csv","1943","2026-09-19T06:44:51.9353605Z","BEAFBDECEA9994A09BD66C20B3F7749AD6BF42D037F721E50CA9716DD4673E0D"
"Paper B research and review package","03_PAPER_B_OPERATOR_LEVEL_BOOLEAN_COMPUTATION\research_and_review\REPRODUCIBILITY.md","C:\Users\brian\Documents\CM Quantum\CM_LM_RESEARCH_CONSOLIDATION_2026-09-18\CM_LM_RESEARCH_CONSOLIDATION\publication_writer_run_20260918\Paper_B\REPRODUCIBILITY.md","1969","2026-09-19T06:44:51.9383616Z","5980BB1AEC0F96F057D758638B1C74557CDDC1B4112E25353BC80A5999E7AC8F"
"Paper B research and review package","03_PAPER_B_OPERATOR_LEVEL_BOOLEAN_COMPUTATION\research_and_review\REVISION.diff","C:\Users\brian\Documents\CM Quantum\CM_LM_RESEARCH_CONSOLIDATION_2026-09-18\CM_LM_RESEARCH_CONSOLIDATION\publication_writer_run_20260918\Paper_B\REVISION.diff","13943","2026-09-19T06:44:51.9423642Z","FF8A0D745AF4A5AEAA968592F9A914E57D2EE1D851483FE82414B2B5DA7C9AFD"
"Paper B research and review package","03_PAPER_B_OPERATOR_LEVEL_BOOLEAN_COMPUTATION\research_and_review\SEARCH_LOG.csv","C:\Users\brian\Documents\CM Quantum\CM_LM_RESEARCH_CONSOLIDATION_2026-09-18\CM_LM_RESEARCH_CONSOLIDATION\publication_writer_run_20260918\Paper_B\SEARCH_LOG.csv","557","2026-09-19T06:44:51.9463631Z","52845472A3132258329F3BB19C433FA38C61AB047140DCE52BA65A752D86F1A1"
"Paper B research and review package","03_PAPER_B_OPERATOR_LEVEL_BOOLEAN_COMPUTATION\research_and_review\SOURCE_LINEAGE.json","C:\Users\brian\Documents\CM Quantum\CM_LM_RESEARCH_CONSOLIDATION_2026-09-18\CM_LM_RESEARCH_CONSOLIDATION\publication_writer_run_20260918\Paper_B\SOURCE_LINEAGE.json","610","2026-09-19T06:44:51.9503648Z","5A8B575A1F9341F7EB109432D96FF79456429FB94597FAA1F4BFC155B82B8D23"
"Paper B research and review package","03_PAPER_B_OPERATOR_LEVEL_BOOLEAN_COMPUTATION\research_and_review\TABLE_PROVENANCE.json","C:\Users\brian\Documents\CM Quantum\CM_LM_RESEARCH_CONSOLIDATION_2026-09-18\CM_LM_RESEARCH_CONSOLIDATION\publication_writer_run_20260918\Paper_B\TABLE_PROVENANCE.json","377","2026-09-19T06:44:51.9533652Z","584C45E83242AD9223C8235B8A3E2B8938197A772574FA0E35FA226C09987921"
"Paper B research and review package","03_PAPER_B_OPERATOR_LEVEL_BOOLEAN_COMPUTATION\research_and_review\THEOREM_PROOF_SOURCE_CROSSWALK.csv","C:\Users\brian\Documents\CM Quantum\CM_LM_RESEARCH_CONSOLIDATION_2026-09-18\CM_LM_RESEARCH_CONSOLIDATION\publication_writer_run_20260918\Paper_B\THEOREM_PROOF_SOURCE_CROSSWALK.csv","1600","2026-09-19T06:44:51.9613660Z","359CAF9DF17D63086024CBA789FED93C869B2FAC22EF3B19959B424D0A154519"
"Paper B research and review package","03_PAPER_B_OPERATOR_LEVEL_BOOLEAN_COMPUTATION\research_and_review\UNRESOLVED_PRIORITY_AND_ISSUES.md","C:\Users\brian\Documents\CM Quantum\CM_LM_RESEARCH_CONSOLIDATION_2026-09-18\CM_LM_RESEARCH_CONSOLIDATION\publication_writer_run_20260918\Paper_B\UNRESOLVED_PRIORITY_AND_ISSUES.md","992","2026-09-19T06:44:51.9643673Z","B1AACEB3A9AFFF68C6A7AD74B0CEAD4A0EC54EEA4C27B3F2B1B13574619D211C"
"Paper B research and review package","03_PAPER_B_OPERATOR_LEVEL_BOOLEAN_COMPUTATION\research_and_review\VISUAL_QA.json","C:\Users\brian\Documents\CM Quantum\CM_LM_RESEARCH_CONSOLIDATION_2026-09-18\CM_LM_RESEARCH_CONSOLIDATION\publication_writer_run_20260918\Paper_B\VISUAL_QA.json","390","2026-09-19T06:44:51.9683698Z","5882E67BDED0CC0B00C9B42107E7989C6C4935DF0A71F2D6BF11091741564B7F"
"Pre-consolidation handoff paper","07_LEGACY_AND_PRECONSOLIDATION_MATERIAL\handoff_20260917_papers\CM_Phase_Calculus_References.bib","C:\Users\brian\Documents\CM Quantum\CM_Quantum_Handoff_2026-09-17\CM_Quantum_Handoff_2026-09-17\papers\CM_Phase_Calculus_References.bib","6458","2026-09-17T10:31:44.7824860Z","7E36F7CBE0016E9FE2F336EFD6D89324B9EF67283A1FAC9B6E4A4E3E4368B5B4"
"Pre-consolidation handoff paper","07_LEGACY_AND_PRECONSOLIDATION_MATERIAL\handoff_20260917_papers\CM_Phase_Calculus_Source_and_Verification.zip","C:\Users\brian\Documents\CM Quantum\CM_Quantum_Handoff_2026-09-17\CM_Quantum_Handoff_2026-09-17\papers\CM_Phase_Calculus_Source_and_Verification.zip","543708","2026-09-17T10:31:44.7981114Z","DBC0DB5D35D61FB90AE6CCB83D0FF5DD4EEE34C79C8617906C7A7204A559CCAA"
"Pre-consolidation handoff paper","07_LEGACY_AND_PRECONSOLIDATION_MATERIAL\handoff_20260917_papers\CM_Phase_Calculus_Verified.pdf","C:\Users\brian\Documents\CM Quantum\CM_Quantum_Handoff_2026-09-17\CM_Quantum_Handoff_2026-09-17\papers\CM_Phase_Calculus_Verified.pdf","377327","2026-09-17T10:31:44.7356108Z","2A9AA28CAA59DA4E08F2705D3D3E08DF05E1F6C155FD107C9E8CA11BA8740B01"
"Pre-consolidation handoff paper","07_LEGACY_AND_PRECONSOLIDATION_MATERIAL\handoff_20260917_papers\CM_Phase_Calculus_Verified.tex","C:\Users\brian\Documents\CM Quantum\CM_Quantum_Handoff_2026-09-17\CM_Quantum_Handoff_2026-09-17\papers\CM_Phase_Calculus_Verified.tex","102663","2026-09-17T10:31:44.7512402Z","CA00B5154E52493BDA80E07CA573567ADA9F9AFCDEAEC9C047E99BAB5D43AED9"
"Pre-consolidation handoff paper","07_LEGACY_AND_PRECONSOLIDATION_MATERIAL\handoff_20260917_papers\Intrinsic_Boolean_CM_Phase_Algebra.pdf","C:\Users\brian\Documents\CM Quantum\CM_Quantum_Handoff_2026-09-17\CM_Quantum_Handoff_2026-09-17\papers\Intrinsic_Boolean_CM_Phase_Algebra.pdf","331753","2026-09-17T10:31:44.7512402Z","E228FEC6E98C9324CAE30EBAAE2E425E65AC8808C766D763AFACF4FF86FA0C27"
"Pre-consolidation handoff paper","07_LEGACY_AND_PRECONSOLIDATION_MATERIAL\handoff_20260917_papers\Intrinsic_Boolean_CM_Phase_Algebra.tex","C:\Users\brian\Documents\CM Quantum\CM_Quantum_Handoff_2026-09-17\CM_Quantum_Handoff_2026-09-17\papers\Intrinsic_Boolean_CM_Phase_Algebra.tex","80980","2026-09-17T10:31:44.8202713Z","3EA1B66845AC42B8DD0AF22EF92E014B649D809FE080EC2338A52760915CA850"
"Pre-consolidation handoff paper","07_LEGACY_AND_PRECONSOLIDATION_MATERIAL\handoff_20260917_papers\Intrinsic_Boolean_CM_Phase_References.bib","C:\Users\brian\Documents\CM Quantum\CM_Quantum_Handoff_2026-09-17\CM_Quantum_Handoff_2026-09-17\papers\Intrinsic_Boolean_CM_Phase_References.bib","7128","2026-09-17T10:31:44.7199745Z","586261CF36A5ACEC7F850EFA547056523CD9421C667601EEDD9E4583D2E1EDCA"
"Pre-consolidation handoff paper","07_LEGACY_AND_PRECONSOLIDATION_MATERIAL\handoff_20260917_papers\Intrinsic_Boolean_CM_Phase_Source_and_Verification.zip","C:\Users\brian\Documents\CM Quantum\CM_Quantum_Handoff_2026-09-17\CM_Quantum_Handoff_2026-09-17\papers\Intrinsic_Boolean_CM_Phase_Source_and_Verification.zip","622621","2026-09-17T10:31:44.7668624Z","F05EBC31240876B1AC968B9D565FBA698EA84768CA3BC7A012524C0B0C45C630"
"Pre-consolidation handoff record","07_LEGACY_AND_PRECONSOLIDATION_MATERIAL\handoff_20260917\CURRENT_STATE.md","C:\Users\brian\Documents\CM Quantum\CM_Quantum_Handoff_2026-09-17\CM_Quantum_Handoff_2026-09-17\CURRENT_STATE.md","9321","2026-09-17T10:31:44.6600648Z","2B1C9D575F5FB0841539FEEE34F6620CAB4A7900F53A3C44E5FB04E622D948A5"
"Pre-consolidation handoff record","07_LEGACY_AND_PRECONSOLIDATION_MATERIAL\handoff_20260917\README.md","C:\Users\brian\Documents\CM Quantum\CM_Quantum_Handoff_2026-09-17\CM_Quantum_Handoff_2026-09-17\README.md","1806","2026-09-17T10:31:44.6444277Z","4716F6CE947EF4F4071117511747410ABD792305DE7D73AD13562C85E495B403"
"Process semantics newest verification snapshot","04_PROCESS_SEMANTICS_COMPANION_AND_VERIFICATION\research_verification_20260921\ARTIFACT_INVENTORY.txt","C:\Users\brian\Documents\CM Quantum\CM_LM_RESEARCH_CONSOLIDATION_2026-09-18\CM_LM_RESEARCH_CONSOLIDATION\publication_writer_run_20260918\Process_Semantics_Research\Research_Verification_20260921\ARTIFACT_INVENTORY.txt","1358","2026-09-21T06:10:23.8188916Z","9BDE069E10123D96AB4EC8F1BBE63667034824B2F497017AF765CC5CCB4CD7DC"
"Process semantics newest verification snapshot","04_PROCESS_SEMANTICS_COMPANION_AND_VERIFICATION\research_verification_20260921\code\capture_provenance.py","C:\Users\brian\Documents\CM Quantum\CM_LM_RESEARCH_CONSOLIDATION_2026-09-18\CM_LM_RESEARCH_CONSOLIDATION\publication_writer_run_20260918\Process_Semantics_Research\Research_Verification_20260921\code\capture_provenance.py","2744","2026-09-21T06:06:22.8850930Z","74E6E0F96EE66F60E5ED17CA8D81115F9F03D78C1640D20F27C8A40114E1BF5F"
"Process semantics newest verification snapshot","04_PROCESS_SEMANTICS_COMPANION_AND_VERIFICATION\research_verification_20260921\code\copy_release.ps1","C:\Users\brian\Documents\CM Quantum\CM_LM_RESEARCH_CONSOLIDATION_2026-09-18\CM_LM_RESEARCH_CONSOLIDATION\publication_writer_run_20260918\Process_Semantics_Research\Research_Verification_20260921\code\copy_release.ps1","1857","2026-09-21T06:10:17.8091276Z","78AAD4C3E1170F6E836D1330E112B98D58F984489C231A246FEC7606C384C55F"
"Process semantics newest verification snapshot","04_PROCESS_SEMANTICS_COMPANION_AND_VERIFICATION\research_verification_20260921\code\finalize_release.py","C:\Users\brian\Documents\CM Quantum\CM_LM_RESEARCH_CONSOLIDATION_2026-09-18\CM_LM_RESEARCH_CONSOLIDATION\publication_writer_run_20260918\Process_Semantics_Research\Research_Verification_20260921\code\finalize_release.py","2644","2026-09-21T06:10:20.1842103Z","C0CEFF505A0BA3256FFA86B3675776FC013BDB3FD3706E80D410C4C7501025AD"
"Process semantics newest verification snapshot","04_PROCESS_SEMANTICS_COMPANION_AND_VERIFICATION\research_verification_20260921\code\prior_review_checks.py","C:\Users\brian\Documents\CM Quantum\CM_LM_RESEARCH_CONSOLIDATION_2026-09-18\CM_LM_RESEARCH_CONSOLIDATION\publication_writer_run_20260918\Process_Semantics_Research\Research_Verification_20260921\code\prior_review_checks.py","10292","2026-09-20T10:03:06.7341251Z","6C68EE032B227AF316634457ECE3547862758DB583615C30F6BD4C22B0873260"
"Process semantics newest verification snapshot","04_PROCESS_SEMANTICS_COMPANION_AND_VERIFICATION\research_verification_20260921\code\run_verification.py","C:\Users\brian\Documents\CM Quantum\CM_LM_RESEARCH_CONSOLIDATION_2026-09-18\CM_LM_RESEARCH_CONSOLIDATION\publication_writer_run_20260918\Process_Semantics_Research\Research_Verification_20260921\code\run_verification.py","2514","2026-09-21T06:06:25.5888175Z","D71B9A42F85776DA683BBE12638E44F53CAB4B01AED948AA711099AC27C2A305"
"Process semantics newest verification snapshot","04_PROCESS_SEMANTICS_COMPANION_AND_VERIFICATION\research_verification_20260921\code\test_semantics.py","C:\Users\brian\Documents\CM Quantum\CM_LM_RESEARCH_CONSOLIDATION_2026-09-18\CM_LM_RESEARCH_CONSOLIDATION\publication_writer_run_20260918\Process_Semantics_Research\Research_Verification_20260921\code\test_semantics.py","2758","2026-09-21T05:52:45.0492268Z","8CE4022A5ACF833E24116AC412EFE2C99EAC0E8C5AAF05434CF996BA81E54232"
"Process semantics newest verification snapshot","04_PROCESS_SEMANTICS_COMPANION_AND_VERIFICATION\research_verification_20260921\code\verify_semantics.py","C:\Users\brian\Documents\CM Quantum\CM_LM_RESEARCH_CONSOLIDATION_2026-09-18\CM_LM_RESEARCH_CONSOLIDATION\publication_writer_run_20260918\Process_Semantics_Research\Research_Verification_20260921\code\verify_semantics.py","7962","2026-09-21T05:44:32.0558850Z","A96D2860F4A78D724EC8639D1A51DFBB7F9F46359BCB1D2B12B5A3546B8D8E95"
"Process semantics newest verification snapshot","04_PROCESS_SEMANTICS_COMPANION_AND_VERIFICATION\research_verification_20260921\data\canonical_pdf_extract.txt","C:\Users\brian\Documents\CM Quantum\CM_LM_RESEARCH_CONSOLIDATION_2026-09-18\CM_LM_RESEARCH_CONSOLIDATION\publication_writer_run_20260918\Process_Semantics_Research\Research_Verification_20260921\data\canonical_pdf_extract.txt","10946","2026-09-21T05:52:53.9559035Z","DC98B7E02AF129DE74F69C4B920804D7E28FD39FB7DDE6B5792C7FCFE50CDC3C"
"Process semantics newest verification snapshot","04_PROCESS_SEMANTICS_COMPANION_AND_VERIFICATION\research_verification_20260921\data\filter_preorder.csv","C:\Users\brian\Documents\CM Quantum\CM_LM_RESEARCH_CONSOLIDATION_2026-09-18\CM_LM_RESEARCH_CONSOLIDATION\publication_writer_run_20260918\Process_Semantics_Research\Research_Verification_20260921\data\filter_preorder.csv","2522","2026-09-21T06:06:36.3214993Z","E03513C7BF694866F0DD126BB9C701C31082193C6930C4F2A82E585DB6E6B36E"
"Process semantics newest verification snapshot","04_PROCESS_SEMANTICS_COMPANION_AND_VERIFICATION\research_verification_20260921\data\multicopy_residue_checks.json","C:\Users\brian\Documents\CM Quantum\CM_LM_RESEARCH_CONSOLIDATION_2026-09-18\CM_LM_RESEARCH_CONSOLIDATION\publication_writer_run_20260918\Process_Semantics_Research\Research_Verification_20260921\data\multicopy_residue_checks.json","5706","2026-09-21T06:06:36.3214993Z","204CC2340B93F9B2460B81324D7AB5C20A8985090EF8DA6605E52B45120CF6DD"
"Process semantics newest verification snapshot","04_PROCESS_SEMANTICS_COMPANION_AND_VERIFICATION\research_verification_20260921\data\release_validation.json","C:\Users\brian\Documents\CM Quantum\CM_LM_RESEARCH_CONSOLIDATION_2026-09-18\CM_LM_RESEARCH_CONSOLIDATION\publication_writer_run_20260918\Process_Semantics_Research\Research_Verification_20260921\data\release_validation.json","315","2026-09-21T06:10:23.8086762Z","A27DEE3863348347D6A511C75E98EBEC47DD0F26CE5D4D189C4D15868DBFF206"
"Process semantics newest verification snapshot","04_PROCESS_SEMANTICS_COMPANION_AND_VERIFICATION\research_verification_20260921\data\resolved_disposal_witness.json","C:\Users\brian\Documents\CM Quantum\CM_LM_RESEARCH_CONSOLIDATION_2026-09-18\CM_LM_RESEARCH_CONSOLIDATION\publication_writer_run_20260918\Process_Semantics_Research\Research_Verification_20260921\data\resolved_disposal_witness.json","1426","2026-09-21T06:06:40.9696651Z","923343A8B750ACBF6E44682172092F282BCB02E944C297318530DCA2BD7B10EE"
"Process semantics newest verification snapshot","04_PROCESS_SEMANTICS_COMPANION_AND_VERIFICATION\research_verification_20260921\data\run_record.json","C:\Users\brian\Documents\CM Quantum\CM_LM_RESEARCH_CONSOLIDATION_2026-09-18\CM_LM_RESEARCH_CONSOLIDATION\publication_writer_run_20260918\Process_Semantics_Research\Research_Verification_20260921\data\run_record.json","2873","2026-09-21T06:06:41.0096681Z","C1CB997FE1BD8695F415C3DC3D8941E0626A9C5BB628D31C9652544A363D5AB6"
"Process semantics newest verification snapshot","04_PROCESS_SEMANTICS_COMPANION_AND_VERIFICATION\research_verification_20260921\data\smith_classes.csv","C:\Users\brian\Documents\CM Quantum\CM_LM_RESEARCH_CONSOLIDATION_2026-09-18\CM_LM_RESEARCH_CONSOLIDATION\publication_writer_run_20260918\Process_Semantics_Research\Research_Verification_20260921\data\smith_classes.csv","479","2026-09-21T06:06:36.3214993Z","4AE78327F5E5FFEC8F0648F8AC18EC620ECFB204ADB8C5BDF733F4F7D53D1E19"
"Process semantics newest verification snapshot","04_PROCESS_SEMANTICS_COMPANION_AND_VERIFICATION\research_verification_20260921\data\source_integrity.json","C:\Users\brian\Documents\CM Quantum\CM_LM_RESEARCH_CONSOLIDATION_2026-09-18\CM_LM_RESEARCH_CONSOLIDATION\publication_writer_run_20260918\Process_Semantics_Research\Research_Verification_20260921\data\source_integrity.json","2946","2026-09-21T06:06:27.8224341Z","7F7E83D85805C30BC62820A6AF648DB7FF1617C56E6D0C7361561E11B06CBE04"
"Process semantics newest verification snapshot","04_PROCESS_SEMANTICS_COMPANION_AND_VERIFICATION\research_verification_20260921\data\source_inventory.json","C:\Users\brian\Documents\CM Quantum\CM_LM_RESEARCH_CONSOLIDATION_2026-09-18\CM_LM_RESEARCH_CONSOLIDATION\publication_writer_run_20260918\Process_Semantics_Research\Research_Verification_20260921\data\source_inventory.json","43883","2026-09-21T06:06:27.6271550Z","95633A7D18E7C365D349FA8A59338F15A3B5C9AFF1CC14967AB1B0735EF16D33"
"Process semantics newest verification snapshot","04_PROCESS_SEMANTICS_COMPANION_AND_VERIFICATION\research_verification_20260921\data\verification_results.json","C:\Users\brian\Documents\CM Quantum\CM_LM_RESEARCH_CONSOLIDATION_2026-09-18\CM_LM_RESEARCH_CONSOLIDATION\publication_writer_run_20260918\Process_Semantics_Research\Research_Verification_20260921\data\verification_results.json","764","2026-09-21T06:06:36.4220598Z","408A8036D5D300F610E688FAF02B2083011477F7B648FADFBB3AB58C6987CD7C"
"Process semantics newest verification snapshot","04_PROCESS_SEMANTICS_COMPANION_AND_VERIFICATION\research_verification_20260921\GO_NO_GO_MEMO.md","C:\Users\brian\Documents\CM Quantum\CM_LM_RESEARCH_CONSOLIDATION_2026-09-18\CM_LM_RESEARCH_CONSOLIDATION\publication_writer_run_20260918\Process_Semantics_Research\Research_Verification_20260921\GO_NO_GO_MEMO.md","4684","2026-09-21T06:01:37.4190860Z","0304623A718D9EADB6D232D0C10052D5F67E7E94268D2F11750B8EB91FA96C53"
"Process semantics newest verification snapshot","04_PROCESS_SEMANTICS_COMPANION_AND_VERIFICATION\research_verification_20260921\LITERATURE_LEDGER.csv","C:\Users\brian\Documents\CM Quantum\CM_LM_RESEARCH_CONSOLIDATION_2026-09-18\CM_LM_RESEARCH_CONSOLIDATION\publication_writer_run_20260918\Process_Semantics_Research\Research_Verification_20260921\LITERATURE_LEDGER.csv","12796","2026-09-21T05:59:13.6273727Z","1A1F8B2D7203D573151B1138163302CD51432F77DAF0EECCD6E85C86A6295695"
"Process semantics newest verification snapshot","04_PROCESS_SEMANTICS_COMPANION_AND_VERIFICATION\research_verification_20260921\logs\canonical_tests.stderr.txt","C:\Users\brian\Documents\CM Quantum\CM_LM_RESEARCH_CONSOLIDATION_2026-09-18\CM_LM_RESEARCH_CONSOLIDATION\publication_writer_run_20260918\Process_Semantics_Research\Research_Verification_20260921\logs\canonical_tests.stderr.txt","0","2026-09-21T06:06:40.8653630Z","E3B0C44298FC1C149AFBF4C8996FB92427AE41E4649B934CA495991B7852B855"
"Process semantics newest verification snapshot","04_PROCESS_SEMANTICS_COMPANION_AND_VERIFICATION\research_verification_20260921\logs\canonical_tests.stdout.txt","C:\Users\brian\Documents\CM Quantum\CM_LM_RESEARCH_CONSOLIDATION_2026-09-18\CM_LM_RESEARCH_CONSOLIDATION\publication_writer_run_20260918\Process_Semantics_Research\Research_Verification_20260921\logs\canonical_tests.stdout.txt","101","2026-09-21T06:06:40.8653630Z","F708EC6E1DF102685B2C27D62FDFE0B76984129C79ED463786AAB2D22E721711"
"Process semantics newest verification snapshot","04_PROCESS_SEMANTICS_COMPANION_AND_VERIFICATION\research_verification_20260921\logs\disposal_witness.stderr.txt","C:\Users\brian\Documents\CM Quantum\CM_LM_RESEARCH_CONSOLIDATION_2026-09-18\CM_LM_RESEARCH_CONSOLIDATION\publication_writer_run_20260918\Process_Semantics_Research\Research_Verification_20260921\logs\disposal_witness.stderr.txt","0","2026-09-21T06:06:40.9786644Z","E3B0C44298FC1C149AFBF4C8996FB92427AE41E4649B934CA495991B7852B855"
"Process semantics newest verification snapshot","04_PROCESS_SEMANTICS_COMPANION_AND_VERIFICATION\research_verification_20260921\logs\disposal_witness.stdout.txt","C:\Users\brian\Documents\CM Quantum\CM_LM_RESEARCH_CONSOLIDATION_2026-09-18\CM_LM_RESEARCH_CONSOLIDATION\publication_writer_run_20260918\Process_Semantics_Research\Research_Verification_20260921\logs\disposal_witness.stdout.txt","1426","2026-09-21T06:06:40.9786644Z","923343A8B750ACBF6E44682172092F282BCB02E944C297318530DCA2BD7B10EE"
"Process semantics newest verification snapshot","04_PROCESS_SEMANTICS_COMPANION_AND_VERIFICATION\research_verification_20260921\logs\exhaustive.stderr.txt","C:\Users\brian\Documents\CM Quantum\CM_LM_RESEARCH_CONSOLIDATION_2026-09-18\CM_LM_RESEARCH_CONSOLIDATION\publication_writer_run_20260918\Process_Semantics_Research\Research_Verification_20260921\logs\exhaustive.stderr.txt","0","2026-09-21T06:06:36.4426703Z","E3B0C44298FC1C149AFBF4C8996FB92427AE41E4649B934CA495991B7852B855"
"Process semantics newest verification snapshot","04_PROCESS_SEMANTICS_COMPANION_AND_VERIFICATION\research_verification_20260921\logs\exhaustive.stdout.txt","C:\Users\brian\Documents\CM Quantum\CM_LM_RESEARCH_CONSOLIDATION_2026-09-18\CM_LM_RESEARCH_CONSOLIDATION\publication_writer_run_20260918\Process_Semantics_Research\Research_Verification_20260921\logs\exhaustive.stdout.txt","764","2026-09-21T06:06:36.4426703Z","408A8036D5D300F610E688FAF02B2083011477F7B648FADFBB3AB58C6987CD7C"
"Process semantics newest verification snapshot","04_PROCESS_SEMANTICS_COMPANION_AND_VERIFICATION\research_verification_20260921\logs\source_capture.stderr.txt","C:\Users\brian\Documents\CM Quantum\CM_LM_RESEARCH_CONSOLIDATION_2026-09-18\CM_LM_RESEARCH_CONSOLIDATION\publication_writer_run_20260918\Process_Semantics_Research\Research_Verification_20260921\logs\source_capture.stderr.txt","0","2026-09-21T06:06:27.8305910Z","E3B0C44298FC1C149AFBF4C8996FB92427AE41E4649B934CA495991B7852B855"
"Process semantics newest verification snapshot","04_PROCESS_SEMANTICS_COMPANION_AND_VERIFICATION\research_verification_20260921\logs\source_capture.stdout.txt","C:\Users\brian\Documents\CM Quantum\CM_LM_RESEARCH_CONSOLIDATION_2026-09-18\CM_LM_RESEARCH_CONSOLIDATION\publication_writer_run_20260918\Process_Semantics_Research\Research_Verification_20260921\logs\source_capture.stdout.txt","2946","2026-09-21T06:06:27.8305910Z","7F7E83D85805C30BC62820A6AF648DB7FF1617C56E6D0C7361561E11B06CBE04"
"Process semantics newest verification snapshot","04_PROCESS_SEMANTICS_COMPANION_AND_VERIFICATION\research_verification_20260921\logs\unit_tests.stderr.txt","C:\Users\brian\Documents\CM Quantum\CM_LM_RESEARCH_CONSOLIDATION_2026-09-18\CM_LM_RESEARCH_CONSOLIDATION\publication_writer_run_20260918\Process_Semantics_Research\Research_Verification_20260921\logs\unit_tests.stderr.txt","825","2026-09-21T06:06:36.6390028Z","3CE696CA5DBBCF85F260B309F01169DF26AE377E9C06F4BEDA95785BFDB819A1"
"Process semantics newest verification snapshot","04_PROCESS_SEMANTICS_COMPANION_AND_VERIFICATION\research_verification_20260921\logs\unit_tests.stdout.txt","C:\Users\brian\Documents\CM Quantum\CM_LM_RESEARCH_CONSOLIDATION_2026-09-18\CM_LM_RESEARCH_CONSOLIDATION\publication_writer_run_20260918\Process_Semantics_Research\Research_Verification_20260921\logs\unit_tests.stdout.txt","0","2026-09-21T06:06:36.6390028Z","E3B0C44298FC1C149AFBF4C8996FB92427AE41E4649B934CA495991B7852B855"
"Process semantics newest verification snapshot","04_PROCESS_SEMANTICS_COMPANION_AND_VERIFICATION\research_verification_20260921\MANIFEST_SHA256.txt","C:\Users\brian\Documents\CM Quantum\CM_LM_RESEARCH_CONSOLIDATION_2026-09-18\CM_LM_RESEARCH_CONSOLIDATION\publication_writer_run_20260918\Process_Semantics_Research\Research_Verification_20260921\MANIFEST_SHA256.txt","4571","2026-09-21T06:10:23.8319724Z","76AA5053795AE434B23CCDE3749E5722800F7A6EBD80A4C26A7B5BE2F4ED469C"
"Process semantics newest verification snapshot","04_PROCESS_SEMANTICS_COMPANION_AND_VERIFICATION\research_verification_20260921\MODEL_CANDIDATE_COMPARISON.md","C:\Users\brian\Documents\CM Quantum\CM_LM_RESEARCH_CONSOLIDATION_2026-09-18\CM_LM_RESEARCH_CONSOLIDATION\publication_writer_run_20260918\Process_Semantics_Research\Research_Verification_20260921\MODEL_CANDIDATE_COMPARISON.md","7609","2026-09-21T05:47:51.7748896Z","FC775FEF8112C60618E0F8D3DD7CF344E5D41E0F1080038DF02C8BAF3C3CD2E4"
"Process semantics newest verification snapshot","04_PROCESS_SEMANTICS_COMPANION_AND_VERIFICATION\research_verification_20260921\P03_STUB\FINAL_CLAIMS.md","C:\Users\brian\Documents\CM Quantum\CM_LM_RESEARCH_CONSOLIDATION_2026-09-18\CM_LM_RESEARCH_CONSOLIDATION\publication_writer_run_20260918\Process_Semantics_Research\Research_Verification_20260921\P03_STUB\FINAL_CLAIMS.md","1182","2026-09-21T06:04:24.8048511Z","1C4EF52FC01C743B9FAD85170C25E4D457C831B42A1C20BBC545802152727986"
"Process semantics newest verification snapshot","04_PROCESS_SEMANTICS_COMPANION_AND_VERIFICATION\research_verification_20260921\P03_STUB\main.tex","C:\Users\brian\Documents\CM Quantum\CM_LM_RESEARCH_CONSOLIDATION_2026-09-18\CM_LM_RESEARCH_CONSOLIDATION\publication_writer_run_20260918\Process_Semantics_Research\Research_Verification_20260921\P03_STUB\main.tex","11423","2026-09-21T06:04:20.1986649Z","5B93D19DABB2D663440F7196FDA8D905860F4485FFE757FFBAC64810F5CA49F0"
"Process semantics newest verification snapshot","04_PROCESS_SEMANTICS_COMPANION_AND_VERIFICATION\research_verification_20260921\P03_STUB\references.bib","C:\Users\brian\Documents\CM Quantum\CM_LM_RESEARCH_CONSOLIDATION_2026-09-18\CM_LM_RESEARCH_CONSOLIDATION\publication_writer_run_20260918\Process_Semantics_Research\Research_Verification_20260921\P03_STUB\references.bib","1684","2026-09-21T06:05:22.1284232Z","80BA92975F053869D4F68B440C77F31F62CD167A05E2EA2752E0C80712C07890"
"Process semantics newest verification snapshot","04_PROCESS_SEMANTICS_COMPANION_AND_VERIFICATION\research_verification_20260921\P03_STUB\UNRESOLVED_PRIORITY_AND_ISSUES.md","C:\Users\brian\Documents\CM Quantum\CM_LM_RESEARCH_CONSOLIDATION_2026-09-18\CM_LM_RESEARCH_CONSOLIDATION\publication_writer_run_20260918\Process_Semantics_Research\Research_Verification_20260921\P03_STUB\UNRESOLVED_PRIORITY_AND_ISSUES.md","1024","2026-09-21T06:04:27.5370804Z","503599E497FFE0290AC0BC78A74AE9741FD7D1D131D8E97E219214B8F6B71937"
"Process semantics newest verification snapshot","04_PROCESS_SEMANTICS_COMPANION_AND_VERIFICATION\research_verification_20260921\PRIOR_WORK_RECONCILIATION.md","C:\Users\brian\Documents\CM Quantum\CM_LM_RESEARCH_CONSOLIDATION_2026-09-18\CM_LM_RESEARCH_CONSOLIDATION\publication_writer_run_20260918\Process_Semantics_Research\Research_Verification_20260921\PRIOR_WORK_RECONCILIATION.md","3827","2026-09-21T06:01:34.9980424Z","04D2F36AC41D4DF73F6A04A8AFB7D3E5D3498A959D32E00BB5507FC40A71FD22"
"Process semantics newest verification snapshot","04_PROCESS_SEMANTICS_COMPANION_AND_VERIFICATION\research_verification_20260921\PROCESS_SEMANTICS_SPECIFICATION.md","C:\Users\brian\Documents\CM Quantum\CM_LM_RESEARCH_CONSOLIDATION_2026-09-18\CM_LM_RESEARCH_CONSOLIDATION\publication_writer_run_20260918\Process_Semantics_Research\Research_Verification_20260921\PROCESS_SEMANTICS_SPECIFICATION.md","11774","2026-09-21T05:57:00.4779241Z","64C73A52028F2675E2BA39E4E80783628AA519284EDDECB4F0875258CFE5D96D"
"Process semantics newest verification snapshot","04_PROCESS_SEMANTICS_COMPANION_AND_VERIFICATION\research_verification_20260921\REPRODUCIBILITY.md","C:\Users\brian\Documents\CM Quantum\CM_LM_RESEARCH_CONSOLIDATION_2026-09-18\CM_LM_RESEARCH_CONSOLIDATION\publication_writer_run_20260918\Process_Semantics_Research\Research_Verification_20260921\REPRODUCIBILITY.md","5792","2026-09-21T06:10:13.0920204Z","95FC07CCEA452BA61FF50E2EAB2B2CC30172227EBB352FAE77498CE09457DCED"
"Process semantics newest verification snapshot","04_PROCESS_SEMANTICS_COMPANION_AND_VERIFICATION\research_verification_20260921\RESEARCH_STUB.md","C:\Users\brian\Documents\CM Quantum\CM_LM_RESEARCH_CONSOLIDATION_2026-09-18\CM_LM_RESEARCH_CONSOLIDATION\publication_writer_run_20260918\Process_Semantics_Research\Research_Verification_20260921\RESEARCH_STUB.md","2001","2026-09-21T06:01:39.6995984Z","A8C646731C0A302A95BD72AA7A1AA77B94138867C76A6D4656347B6413AEA989"
"Process semantics newest verification snapshot","04_PROCESS_SEMANTICS_COMPANION_AND_VERIFICATION\research_verification_20260921\RESOURCE_RESULTS_REASSESSMENT.md","C:\Users\brian\Documents\CM Quantum\CM_LM_RESEARCH_CONSOLIDATION_2026-09-18\CM_LM_RESEARCH_CONSOLIDATION\publication_writer_run_20260918\Process_Semantics_Research\Research_Verification_20260921\RESOURCE_RESULTS_REASSESSMENT.md","5578","2026-09-21T06:01:32.7353655Z","7D8A12713017954E3659B969BD588024CCD024256923C04D7177B5E069536B38"
"Process semantics newest verification snapshot","04_PROCESS_SEMANTICS_COMPANION_AND_VERIFICATION\research_verification_20260921\SEARCH_LOG.csv","C:\Users\brian\Documents\CM Quantum\CM_LM_RESEARCH_CONSOLIDATION_2026-09-18\CM_LM_RESEARCH_CONSOLIDATION\publication_writer_run_20260918\Process_Semantics_Research\Research_Verification_20260921\SEARCH_LOG.csv","6688","2026-09-21T05:59:16.0041784Z","94CFD1F5567AB6023194F8CA3F87432DE9E0122FFACD772098CD8C4D109FAB1E"
"Process semantics newest verification snapshot","04_PROCESS_SEMANTICS_COMPANION_AND_VERIFICATION\research_verification_20260921\SELF_REVIEW.md","C:\Users\brian\Documents\CM Quantum\CM_LM_RESEARCH_CONSOLIDATION_2026-09-18\CM_LM_RESEARCH_CONSOLIDATION\publication_writer_run_20260918\Process_Semantics_Research\Research_Verification_20260921\SELF_REVIEW.md","1943","2026-09-21T06:10:15.5012373Z","4167893E7D563B6C6D2027298AC7F102C7E9579EF82CA97EA8BB743BD41EF05F"
"Process semantics newest verification snapshot","04_PROCESS_SEMANTICS_COMPANION_AND_VERIFICATION\research_verification_20260921\STATUS.md","C:\Users\brian\Documents\CM Quantum\CM_LM_RESEARCH_CONSOLIDATION_2026-09-18\CM_LM_RESEARCH_CONSOLIDATION\publication_writer_run_20260918\Process_Semantics_Research\Research_Verification_20260921\STATUS.md","5249","2026-09-21T06:10:23.8188916Z","4A6D3751D8F99FE3D5903E44385235E9D8D26F5B6A627DE97A5BD87E844524E4"
"Process semantics newest verification snapshot","04_PROCESS_SEMANTICS_COMPANION_AND_VERIFICATION\research_verification_20260921\THEOREM_COUNTEREXAMPLE_LEDGER.md","C:\Users\brian\Documents\CM Quantum\CM_LM_RESEARCH_CONSOLIDATION_2026-09-18\CM_LM_RESEARCH_CONSOLIDATION\publication_writer_run_20260918\Process_Semantics_Research\Research_Verification_20260921\THEOREM_COUNTEREXAMPLE_LEDGER.md","19587","2026-09-21T05:56:55.6567258Z","73B2C6B08C799A8EE7820E31867D9C03924A37033445AF645A0DF335470F5ADD"
"Process semantics prior review supporting the verification snapshot","04_PROCESS_SEMANTICS_COMPANION_AND_VERIFICATION\restricted_conversion_review_20260920\ARTIFACT_INVENTORY.txt","C:\Users\brian\Documents\CM Quantum\CM_LM_RESEARCH_CONSOLIDATION_2026-09-18\CM_LM_RESEARCH_CONSOLIDATION\publication_writer_run_20260918\Process_Semantics_Research\Restricted_Conversion_Review_20260920\ARTIFACT_INVENTORY.txt","802","2026-09-20T10:12:25.2669047Z","D9830DFEED7CA38A0D4C47A47369D9C0C3CA3F14F176AF86995CD4CA6D590055"
"Process semantics prior review supporting the verification snapshot","04_PROCESS_SEMANTICS_COMPANION_AND_VERIFICATION\restricted_conversion_review_20260920\baseline_regression\code\verify_process_semantics.py","C:\Users\brian\Documents\CM Quantum\CM_LM_RESEARCH_CONSOLIDATION_2026-09-18\CM_LM_RESEARCH_CONSOLIDATION\publication_writer_run_20260918\Process_Semantics_Research\Restricted_Conversion_Review_20260920\baseline_regression\code\verify_process_semantics.py","9474","2026-09-20T10:04:17.1961312Z","E892E9362864F299416BF9197F05A3F8068FA5B514A55E42861C14EF0A2780DA"
"Process semantics prior review supporting the verification snapshot","04_PROCESS_SEMANTICS_COMPANION_AND_VERIFICATION\restricted_conversion_review_20260920\baseline_regression\data\filter_transitions.csv","C:\Users\brian\Documents\CM Quantum\CM_LM_RESEARCH_CONSOLIDATION_2026-09-18\CM_LM_RESEARCH_CONSOLIDATION\publication_writer_run_20260918\Process_Semantics_Research\Restricted_Conversion_Review_20260920\baseline_regression\data\filter_transitions.csv","2531","2026-09-20T10:04:33.7909529Z","A7AD6BF7FE59CAD0021D86414C435D4B194F43CF59B379C4E9C8CF877D8083DC"
"Process semantics prior review supporting the verification snapshot","04_PROCESS_SEMANTICS_COMPANION_AND_VERIFICATION\restricted_conversion_review_20260920\baseline_regression\data\smith_classes.csv","C:\Users\brian\Documents\CM Quantum\CM_LM_RESEARCH_CONSOLIDATION_2026-09-18\CM_LM_RESEARCH_CONSOLIDATION\publication_writer_run_20260918\Process_Semantics_Research\Restricted_Conversion_Review_20260920\baseline_regression\data\smith_classes.csv","775","2026-09-20T10:04:33.7898927Z","C8CCA5FB7936D85B084DBFF039E6D8876E3F18F9D942BD4EAB04DD87488F0497"
"Process semantics prior review supporting the verification snapshot","04_PROCESS_SEMANTICS_COMPANION_AND_VERIFICATION\restricted_conversion_review_20260920\baseline_regression\data\verification_results.json","C:\Users\brian\Documents\CM Quantum\CM_LM_RESEARCH_CONSOLIDATION_2026-09-18\CM_LM_RESEARCH_CONSOLIDATION\publication_writer_run_20260918\Process_Semantics_Research\Restricted_Conversion_Review_20260920\baseline_regression\data\verification_results.json","1049","2026-09-20T10:04:33.8808224Z","5D905474A4372902117F51603CEC16AC4467C5762F90F7D9E1D7227634F6DFB7"
"Process semantics prior review supporting the verification snapshot","04_PROCESS_SEMANTICS_COMPANION_AND_VERIFICATION\restricted_conversion_review_20260920\baseline_regression\tests\test_process_contract.py","C:\Users\brian\Documents\CM Quantum\CM_LM_RESEARCH_CONSOLIDATION_2026-09-18\CM_LM_RESEARCH_CONSOLIDATION\publication_writer_run_20260918\Process_Semantics_Research\Restricted_Conversion_Review_20260920\baseline_regression\tests\test_process_contract.py","4252","2026-09-20T10:04:17.1981308Z","6BC6626703E90118972F71FF7632819C1A39E1B26D01F4A60D05513D45290D07"
"Process semantics prior review supporting the verification snapshot","04_PROCESS_SEMANTICS_COMPANION_AND_VERIFICATION\restricted_conversion_review_20260920\code\copy_review.ps1","C:\Users\brian\Documents\CM Quantum\CM_LM_RESEARCH_CONSOLIDATION_2026-09-18\CM_LM_RESEARCH_CONSOLIDATION\publication_writer_run_20260918\Process_Semantics_Research\Restricted_Conversion_Review_20260920\code\copy_review.ps1","2710","2026-09-20T10:11:59.0710128Z","65347A597B317067AA365DAD5CD0168915CAAEE81439F95D6C055D0CCD8D63AA"
"Process semantics prior review supporting the verification snapshot","04_PROCESS_SEMANTICS_COMPANION_AND_VERIFICATION\restricted_conversion_review_20260920\code\finalize_review.py","C:\Users\brian\Documents\CM Quantum\CM_LM_RESEARCH_CONSOLIDATION_2026-09-18\CM_LM_RESEARCH_CONSOLIDATION\publication_writer_run_20260918\Process_Semantics_Research\Restricted_Conversion_Review_20260920\code\finalize_review.py","4825","2026-09-20T10:12:01.3818252Z","9545C279DBDCEBC262DAD4F0F9076A1C1638F02B6F4F43F17321F399C2CAC95C"
"Process semantics prior review supporting the verification snapshot","04_PROCESS_SEMANTICS_COMPANION_AND_VERIFICATION\restricted_conversion_review_20260920\code\review_checks.py","C:\Users\brian\Documents\CM Quantum\CM_LM_RESEARCH_CONSOLIDATION_2026-09-18\CM_LM_RESEARCH_CONSOLIDATION\publication_writer_run_20260918\Process_Semantics_Research\Restricted_Conversion_Review_20260920\code\review_checks.py","10292","2026-09-20T10:03:06.7341251Z","6C68EE032B227AF316634457ECE3547862758DB583615C30F6BD4C22B0873260"
"Process semantics prior review supporting the verification snapshot","04_PROCESS_SEMANTICS_COMPANION_AND_VERIFICATION\restricted_conversion_review_20260920\code\run_review.py","C:\Users\brian\Documents\CM Quantum\CM_LM_RESEARCH_CONSOLIDATION_2026-09-18\CM_LM_RESEARCH_CONSOLIDATION\publication_writer_run_20260918\Process_Semantics_Research\Restricted_Conversion_Review_20260920\code\run_review.py","2891","2026-09-20T10:04:09.1048635Z","BC2F249C04404BC38E32575806F80FD320B8AC39D881F79CD069D991019A6C88"
"Process semantics prior review supporting the verification snapshot","04_PROCESS_SEMANTICS_COMPANION_AND_VERIFICATION\restricted_conversion_review_20260920\code\write_ledgers.py","C:\Users\brian\Documents\CM Quantum\CM_LM_RESEARCH_CONSOLIDATION_2026-09-18\CM_LM_RESEARCH_CONSOLIDATION\publication_writer_run_20260918\Process_Semantics_Research\Restricted_Conversion_Review_20260920\code\write_ledgers.py","9667","2026-09-20T10:10:19.7786732Z","33851479BA392CDD40C11968767D0ADAFEA079C534D208FFAD43C3FF7A9A0FF1"
"Process semantics prior review supporting the verification snapshot","04_PROCESS_SEMANTICS_COMPANION_AND_VERIFICATION\restricted_conversion_review_20260920\data\review_checks.json","C:\Users\brian\Documents\CM Quantum\CM_LM_RESEARCH_CONSOLIDATION_2026-09-18\CM_LM_RESEARCH_CONSOLIDATION\publication_writer_run_20260918\Process_Semantics_Research\Restricted_Conversion_Review_20260920\data\review_checks.json","2925","2026-09-20T10:04:23.6775500Z","543B82CAC29DD8D0EF3B05F10BA6907A3B2630A5F42C51A11592AF12A8D0CC68"
"Process semantics prior review supporting the verification snapshot","04_PROCESS_SEMANTICS_COMPANION_AND_VERIFICATION\restricted_conversion_review_20260920\data\run_record.json","C:\Users\brian\Documents\CM Quantum\CM_LM_RESEARCH_CONSOLIDATION_2026-09-18\CM_LM_RESEARCH_CONSOLIDATION\publication_writer_run_20260918\Process_Semantics_Research\Restricted_Conversion_Review_20260920\data\run_record.json","6829","2026-09-20T10:04:34.4682229Z","511CC194A5B2E74E08B1012CD2F31DD5F06BB1D4A7104FCFFADFC833BF8FD4E5"
"Process semantics prior review supporting the verification snapshot","04_PROCESS_SEMANTICS_COMPANION_AND_VERIFICATION\restricted_conversion_review_20260920\LITERATURE_LEDGER.csv","C:\Users\brian\Documents\CM Quantum\CM_LM_RESEARCH_CONSOLIDATION_2026-09-18\CM_LM_RESEARCH_CONSOLIDATION\publication_writer_run_20260918\Process_Semantics_Research\Restricted_Conversion_Review_20260920\LITERATURE_LEDGER.csv","5065","2026-09-20T10:11:55.9806318Z","91F862B1D9DE64E9CABA5F861ECEAB9EC9907C561660556EA530A6388CF43016"
"Process semantics prior review supporting the verification snapshot","04_PROCESS_SEMANTICS_COMPANION_AND_VERIFICATION\restricted_conversion_review_20260920\logs\baseline_exhaustive.stderr.txt","C:\Users\brian\Documents\CM Quantum\CM_LM_RESEARCH_CONSOLIDATION_2026-09-18\CM_LM_RESEARCH_CONSOLIDATION\publication_writer_run_20260918\Process_Semantics_Research\Restricted_Conversion_Review_20260920\logs\baseline_exhaustive.stderr.txt","0","2026-09-20T10:04:33.9038348Z","E3B0C44298FC1C149AFBF4C8996FB92427AE41E4649B934CA495991B7852B855"
"Process semantics prior review supporting the verification snapshot","04_PROCESS_SEMANTICS_COMPANION_AND_VERIFICATION\restricted_conversion_review_20260920\logs\baseline_exhaustive.stdout.txt","C:\Users\brian\Documents\CM Quantum\CM_LM_RESEARCH_CONSOLIDATION_2026-09-18\CM_LM_RESEARCH_CONSOLIDATION\publication_writer_run_20260918\Process_Semantics_Research\Restricted_Conversion_Review_20260920\logs\baseline_exhaustive.stdout.txt","1049","2026-09-20T10:04:33.9038348Z","5D905474A4372902117F51603CEC16AC4467C5762F90F7D9E1D7227634F6DFB7"
"Process semantics prior review supporting the verification snapshot","04_PROCESS_SEMANTICS_COMPANION_AND_VERIFICATION\restricted_conversion_review_20260920\logs\baseline_unit_tests.stderr.txt","C:\Users\brian\Documents\CM Quantum\CM_LM_RESEARCH_CONSOLIDATION_2026-09-18\CM_LM_RESEARCH_CONSOLIDATION\publication_writer_run_20260918\Process_Semantics_Research\Restricted_Conversion_Review_20260920\logs\baseline_unit_tests.stderr.txt","1072","2026-09-20T10:04:34.4604960Z","5754DA91AF08657EDE5D0038C8622F8F05FA4A67807662D00A24170C66A2CA92"
"Process semantics prior review supporting the verification snapshot","04_PROCESS_SEMANTICS_COMPANION_AND_VERIFICATION\restricted_conversion_review_20260920\logs\baseline_unit_tests.stdout.txt","C:\Users\brian\Documents\CM Quantum\CM_LM_RESEARCH_CONSOLIDATION_2026-09-18\CM_LM_RESEARCH_CONSOLIDATION\publication_writer_run_20260918\Process_Semantics_Research\Restricted_Conversion_Review_20260920\logs\baseline_unit_tests.stdout.txt","0","2026-09-20T10:04:34.4599772Z","E3B0C44298FC1C149AFBF4C8996FB92427AE41E4649B934CA495991B7852B855"
"Process semantics prior review supporting the verification snapshot","04_PROCESS_SEMANTICS_COMPANION_AND_VERIFICATION\restricted_conversion_review_20260920\logs\review_checks.stderr.txt","C:\Users\brian\Documents\CM Quantum\CM_LM_RESEARCH_CONSOLIDATION_2026-09-18\CM_LM_RESEARCH_CONSOLIDATION\publication_writer_run_20260918\Process_Semantics_Research\Restricted_Conversion_Review_20260920\logs\review_checks.stderr.txt","0","2026-09-20T10:04:23.6901213Z","E3B0C44298FC1C149AFBF4C8996FB92427AE41E4649B934CA495991B7852B855"
"Process semantics prior review supporting the verification snapshot","04_PROCESS_SEMANTICS_COMPANION_AND_VERIFICATION\restricted_conversion_review_20260920\logs\review_checks.stdout.txt","C:\Users\brian\Documents\CM Quantum\CM_LM_RESEARCH_CONSOLIDATION_2026-09-18\CM_LM_RESEARCH_CONSOLIDATION\publication_writer_run_20260918\Process_Semantics_Research\Restricted_Conversion_Review_20260920\logs\review_checks.stdout.txt","2925","2026-09-20T10:04:23.6901213Z","543B82CAC29DD8D0EF3B05F10BA6907A3B2630A5F42C51A11592AF12A8D0CC68"
"Process semantics prior review supporting the verification snapshot","04_PROCESS_SEMANTICS_COMPANION_AND_VERIFICATION\restricted_conversion_review_20260920\MANIFEST_SHA256.txt","C:\Users\brian\Documents\CM Quantum\CM_LM_RESEARCH_CONSOLIDATION_2026-09-18\CM_LM_RESEARCH_CONSOLIDATION\publication_writer_run_20260918\Process_Semantics_Research\Restricted_Conversion_Review_20260920\MANIFEST_SHA256.txt","2497","2026-09-20T10:12:25.2749046Z","A4C147FF3DE66394C121F6B0689FA0393AFC05B37819F2562D24EA641477C40E"
"Process semantics prior review supporting the verification snapshot","04_PROCESS_SEMANTICS_COMPANION_AND_VERIFICATION\restricted_conversion_review_20260920\MANUSCRIPT_AMENDMENTS.md","C:\Users\brian\Documents\CM Quantum\CM_LM_RESEARCH_CONSOLIDATION_2026-09-18\CM_LM_RESEARCH_CONSOLIDATION\publication_writer_run_20260918\Process_Semantics_Research\Restricted_Conversion_Review_20260920\MANUSCRIPT_AMENDMENTS.md","2395","2026-09-20T10:10:24.6863290Z","0E9E506ADC70AD9FBBA257B427E2F3D7B3CC910084C3DCE247FF99B846808B41"
"Process semantics prior review supporting the verification snapshot","04_PROCESS_SEMANTICS_COMPANION_AND_VERIFICATION\restricted_conversion_review_20260920\REPRODUCIBILITY.md","C:\Users\brian\Documents\CM Quantum\CM_LM_RESEARCH_CONSOLIDATION_2026-09-18\CM_LM_RESEARCH_CONSOLIDATION\publication_writer_run_20260918\Process_Semantics_Research\Restricted_Conversion_Review_20260920\REPRODUCIBILITY.md","4104","2026-09-20T10:10:22.2497463Z","9F72FC512642ED3484A70C3AE222D503F79BBD34AED1EEE271D2BEB20FDC2E00"
"Process semantics prior review supporting the verification snapshot","04_PROCESS_SEMANTICS_COMPANION_AND_VERIFICATION\restricted_conversion_review_20260920\REVIEW_REPORT.md","C:\Users\brian\Documents\CM Quantum\CM_LM_RESEARCH_CONSOLIDATION_2026-09-18\CM_LM_RESEARCH_CONSOLIDATION\publication_writer_run_20260918\Process_Semantics_Research\Restricted_Conversion_Review_20260920\REVIEW_REPORT.md","10213","2026-09-20T10:07:48.0234799Z","7DB057814CABAA0E504A8389F5F43FA1F9405A9E29B13B8995134F21C2773122"
"Process semantics prior review supporting the verification snapshot","04_PROCESS_SEMANTICS_COMPANION_AND_VERIFICATION\restricted_conversion_review_20260920\REVIEWED_THEOREMS.md","C:\Users\brian\Documents\CM Quantum\CM_LM_RESEARCH_CONSOLIDATION_2026-09-18\CM_LM_RESEARCH_CONSOLIDATION\publication_writer_run_20260918\Process_Semantics_Research\Restricted_Conversion_Review_20260920\REVIEWED_THEOREMS.md","13797","2026-09-20T10:07:50.3996355Z","911C2D9EDE6704376F750EC1D31FBFD411DCEA3CC9540C2486986A3B1579D208"
"Process semantics prior review supporting the verification snapshot","04_PROCESS_SEMANTICS_COMPANION_AND_VERIFICATION\restricted_conversion_review_20260920\SEARCH_LOG.csv","C:\Users\brian\Documents\CM Quantum\CM_LM_RESEARCH_CONSOLIDATION_2026-09-18\CM_LM_RESEARCH_CONSOLIDATION\publication_writer_run_20260918\Process_Semantics_Research\Restricted_Conversion_Review_20260920\SEARCH_LOG.csv","3988","2026-09-20T10:11:55.9806318Z","5C3A1098CBEA819E670CD3CAC0EEC5B375BA9BA70FB00D8F9B0DD695F05558B9"
"Process semantics prior review supporting the verification snapshot","04_PROCESS_SEMANTICS_COMPANION_AND_VERIFICATION\restricted_conversion_review_20260920\STATUS.md","C:\Users\brian\Documents\CM Quantum\CM_LM_RESEARCH_CONSOLIDATION_2026-09-18\CM_LM_RESEARCH_CONSOLIDATION\publication_writer_run_20260918\Process_Semantics_Research\Restricted_Conversion_Review_20260920\STATUS.md","3394","2026-09-20T10:12:25.2659045Z","35AE126ED897E67782E2A27D061BC5D6CD1CBC381DEB495370C8924A7E1BA998"
"Process semantics technical companion","04_PROCESS_SEMANTICS_COMPANION_AND_VERIFICATION\technical_companion_20260920\BUILD_AND_VALIDATION.md","C:\Users\brian\Documents\CM Quantum\CM_LM_RESEARCH_CONSOLIDATION_2026-09-18\CM_LM_RESEARCH_CONSOLIDATION\publication_writer_run_20260918\Process_Semantics_Research\Technical_Companion_20260920\BUILD_AND_VALIDATION.md","1073","2026-09-20T10:28:29.1339937Z","F975B14929CBE9886E7CED7B7C7CCE83075BF15B166BE56A6EF9110EDD15AEB0"
"Process semantics technical companion","04_PROCESS_SEMANTICS_COMPANION_AND_VERIFICATION\technical_companion_20260920\CM_LM_Technical_Companion_20260920.pdf","C:\Users\brian\Documents\CM Quantum\CM_LM_RESEARCH_CONSOLIDATION_2026-09-18\CM_LM_RESEARCH_CONSOLIDATION\publication_writer_run_20260918\Process_Semantics_Research\Technical_Companion_20260920\CM_LM_Technical_Companion_20260920.pdf","360562","2026-09-20T10:25:58.1261680Z","4FC0E6227A0F4532DE126C6FB3DC0D033FE278031D253C4715B15FAF56B81E80"
"Process semantics technical companion","04_PROCESS_SEMANTICS_COMPANION_AND_VERIFICATION\technical_companion_20260920\copy_companion.ps1","C:\Users\brian\Documents\CM Quantum\CM_LM_RESEARCH_CONSOLIDATION_2026-09-18\CM_LM_RESEARCH_CONSOLIDATION\publication_writer_run_20260918\Process_Semantics_Research\Technical_Companion_20260920\copy_companion.ps1","2355","2026-09-20T10:28:32.3699775Z","0FC7712DC4C00C65840E7007E08A187364224623C0B9185B203FE0AFB7D81C51"
"Process semantics technical companion","04_PROCESS_SEMANTICS_COMPANION_AND_VERIFICATION\technical_companion_20260920\main.tex","C:\Users\brian\Documents\CM Quantum\CM_LM_RESEARCH_CONSOLIDATION_2026-09-18\CM_LM_RESEARCH_CONSOLIDATION\publication_writer_run_20260918\Process_Semantics_Research\Technical_Companion_20260920\main.tex","28272","2026-09-20T10:25:23.6072664Z","B31F05D96415B11DF98F6E2C0A5673210D70672172C1F2AF49202D637CEFEBEE"
"Process semantics technical companion","04_PROCESS_SEMANTICS_COMPANION_AND_VERIFICATION\technical_companion_20260920\MANIFEST_SHA256.txt","C:\Users\brian\Documents\CM Quantum\CM_LM_RESEARCH_CONSOLIDATION_2026-09-18\CM_LM_RESEARCH_CONSOLIDATION\publication_writer_run_20260918\Process_Semantics_Research\Technical_Companion_20260920\MANIFEST_SHA256.txt","598","2026-09-20T10:28:52.7097518Z","B051C1901C3899E540F066DEE18AE9130EE8A12B226E85776FEE0F692FA63CCA"
"Process semantics technical companion","04_PROCESS_SEMANTICS_COMPANION_AND_VERIFICATION\technical_companion_20260920\references.bib","C:\Users\brian\Documents\CM Quantum\CM_LM_RESEARCH_CONSOLIDATION_2026-09-18\CM_LM_RESEARCH_CONSOLIDATION\publication_writer_run_20260918\Process_Semantics_Research\Technical_Companion_20260920\references.bib","2881","2026-09-20T10:23:32.9177384Z","12FFF48ECE074743062BD69A3055E99DFE0E827D22756C3E40367568043A11EB"
"Program-level report or reproduction archive","06_PROGRAM_LEVEL_REPORTS\ADDITIONAL_PUBLICATION_OPPORTUNITIES.md","C:\Users\brian\Documents\CM Quantum\CM_LM_RESEARCH_CONSOLIDATION_2026-09-18\CM_LM_RESEARCH_CONSOLIDATION\publication_writer_run_20260918\ADDITIONAL_PUBLICATION_OPPORTUNITIES.md","11762","2026-09-20T08:35:24.1678866Z","03A93EFE93411A6D10A648AB170433BCA1B3E78DB6B0732EDE4AC0B078D420B0"
"Program-level report or reproduction archive","06_PROGRAM_LEVEL_REPORTS\CROSS_PAPER_ARCHITECTURE.md","C:\Users\brian\Documents\CM Quantum\CM_LM_RESEARCH_CONSOLIDATION_2026-09-18\CM_LM_RESEARCH_CONSOLIDATION\publication_writer_run_20260918\CROSS_PAPER_ARCHITECTURE.md","2424","2026-09-19T02:54:56.5265653Z","2E08EFDEE505C44AD680AD93AB45687344FFF5F85ED0E5D22E449B05E3583F31"
"Program-level report or reproduction archive","06_PROGRAM_LEVEL_REPORTS\CROSS_PAPER_CITATION_PLAN.md","C:\Users\brian\Documents\CM Quantum\CM_LM_RESEARCH_CONSOLIDATION_2026-09-18\CM_LM_RESEARCH_CONSOLIDATION\publication_writer_run_20260918\CROSS_PAPER_CITATION_PLAN.md","1395","2026-09-19T02:54:56.5265653Z","8A74C46B94DD67EED3D8F61E27FD8E654E0FC7D19E9679825838FDF001049224"
"Program-level report or reproduction archive","06_PROGRAM_LEVEL_REPORTS\FINAL_DELIVERY_CHECK.json","C:\Users\brian\Documents\CM Quantum\CM_LM_RESEARCH_CONSOLIDATION_2026-09-18\CM_LM_RESEARCH_CONSOLIDATION\publication_writer_run_20260918\FINAL_DELIVERY_CHECK.json","2205","2026-09-19T06:48:18.8226878Z","05BE7E5F82B0E08E575B3009BDB734BD3ECD7F119CAAB8A46A9700F36BCAC341"
"Program-level report or reproduction archive","06_PROGRAM_LEVEL_REPORTS\FINAL_QA.json","C:\Users\brian\Documents\CM Quantum\CM_LM_RESEARCH_CONSOLIDATION_2026-09-18\CM_LM_RESEARCH_CONSOLIDATION\publication_writer_run_20260918\FINAL_QA.json","1250","2026-09-19T02:54:56.6452334Z","8020A1B016E097AB41E583C24B7DCA17CF08D971BD8DA44A0671112634AE1CFC"
"Program-level report or reproduction archive","06_PROGRAM_LEVEL_REPORTS\GATE_7_COHERENCE_REVIEW.md","C:\Users\brian\Documents\CM Quantum\CM_LM_RESEARCH_CONSOLIDATION_2026-09-18\CM_LM_RESEARCH_CONSOLIDATION\publication_writer_run_20260918\GATE_7_COHERENCE_REVIEW.md","2465","2026-09-19T06:48:18.2348851Z","D29D49A266FE186E644E837C269DC76A5792133CB0F842560633FADCBC83F58B"
"Program-level report or reproduction archive","06_PROGRAM_LEVEL_REPORTS\GLOBAL_CHANGED_CLAIMS.md","C:\Users\brian\Documents\CM Quantum\CM_LM_RESEARCH_CONSOLIDATION_2026-09-18\CM_LM_RESEARCH_CONSOLIDATION\publication_writer_run_20260918\GLOBAL_CHANGED_CLAIMS.md","5841","2026-09-18T23:22:54.4754691Z","E88E5F5A4FBCC9B18E89C71C218992C6E11995E818350C69082AC111BE90E810"
"Program-level report or reproduction archive","06_PROGRAM_LEVEL_REPORTS\GLOBAL_PRIORITY_LEDGER.csv","C:\Users\brian\Documents\CM Quantum\CM_LM_RESEARCH_CONSOLIDATION_2026-09-18\CM_LM_RESEARCH_CONSOLIDATION\publication_writer_run_20260918\GLOBAL_PRIORITY_LEDGER.csv","7910","2026-09-19T02:54:56.5951897Z","E88D701674B71CEFAD3F02BAF6BE0BB7D1904315788B80046DE6B7DD7891E914"
"Program-level report or reproduction archive","06_PROGRAM_LEVEL_REPORTS\LOCAL_CLAIM_UPDATES.json","C:\Users\brian\Documents\CM Quantum\CM_LM_RESEARCH_CONSOLIDATION_2026-09-18\CM_LM_RESEARCH_CONSOLIDATION\publication_writer_run_20260918\LOCAL_CLAIM_UPDATES.json","4550","2026-09-18T23:22:54.4770479Z","059ED7EBA6EBE9456CA960212017EE680F8CB7654BE26A60F651493CDBC9656F"
"Program-level report or reproduction archive","06_PROGRAM_LEVEL_REPORTS\REPRODUCTION_SUPPLEMENT_MANIFEST.json","C:\Users\brian\Documents\CM Quantum\CM_LM_RESEARCH_CONSOLIDATION_2026-09-18\CM_LM_RESEARCH_CONSOLIDATION\publication_writer_run_20260918\REPRODUCTION_SUPPLEMENT_MANIFEST.json","369","2026-09-19T06:46:11.6295088Z","060086ED70EA1AF0C66D61017528464F182750DBE5E4B4D3447118401734C9D0"
"Program-level report or reproduction archive","06_PROGRAM_LEVEL_REPORTS\REPRODUCTION_SUPPLEMENT.zip","C:\Users\brian\Documents\CM Quantum\CM_LM_RESEARCH_CONSOLIDATION_2026-09-18\CM_LM_RESEARCH_CONSOLIDATION\publication_writer_run_20260918\REPRODUCTION_SUPPLEMENT.zip","46360038","2026-09-19T06:46:10.8581727Z","C2E273AFC531FDB71DD483263C7A20112062D64A9B6A1D9FC0E745315B981780"
"Program-level report or reproduction archive","06_PROGRAM_LEVEL_REPORTS\RESEARCH_GAPS_AFTER_DEEP_DIVE.md","C:\Users\brian\Documents\CM Quantum\CM_LM_RESEARCH_CONSOLIDATION_2026-09-18\CM_LM_RESEARCH_CONSOLIDATION\publication_writer_run_20260918\RESEARCH_GAPS_AFTER_DEEP_DIVE.md","3460","2026-09-19T06:48:18.2348851Z","929F416DB327F2F375F4454BA4F5715BF103C85CA55EA886FF26042AFBACBAB2"
"Program-level report or reproduction archive","06_PROGRAM_LEVEL_REPORTS\RESEARCH_TO_PUBLICATION_INITIALIZATION_REPORT.md","C:\Users\brian\Documents\CM Quantum\CM_LM_RESEARCH_CONSOLIDATION_2026-09-18\CM_LM_RESEARCH_CONSOLIDATION\publication_writer_run_20260918\RESEARCH_TO_PUBLICATION_INITIALIZATION_REPORT.md","9083","2026-09-19T02:54:56.5426227Z","152851297CC7B696D41C3F070B30E1E40EBD179D3431182BE85D7098EC65BC42"
"Program-level report or reproduction archive","06_PROGRAM_LEVEL_REPORTS\STATUS.md","C:\Users\brian\Documents\CM Quantum\CM_LM_RESEARCH_CONSOLIDATION_2026-09-18\CM_LM_RESEARCH_CONSOLIDATION\publication_writer_run_20260918\STATUS.md","2300","2026-09-19T06:48:18.2293369Z","B8EDF434B32E3999B134C7EAD36F5816BCE1613E34853EF877A7FD27A9B4522B"
