source_topology_id,source_T0,event_id,source_num_opens,target_num_opens,class,source_partition_blocks,target_partition_blocks
0,False,0,2,2,redundant,1,1
0,False,1,2,3,splits_indiscernibility_class,1,2
0,False,2,2,3,splits_indiscernibility_class,1,2
0,False,3,2,3,splits_indiscernibility_class,1,2
0,False,4,2,3,splits_indiscernibility_class,1,2
0,False,5,2,3,splits_indiscernibility_class,1,2
0,False,6,2,3,splits_indiscernibility_class,1,2
0,False,7,2,3,splits_indiscernibility_class,1,2
0,False,8,2,3,splits_indiscernibility_class,1,2
0,False,9,2,3,splits_indiscernibility_class,1,2
0,False,10,2,3,splits_indiscernibility_class,1,2
0,False,11,2,3,splits_indiscernibility_class,1,2
0,False,12,2,3,splits_indiscernibility_class,1,2
0,False,13,2,3,splits_indiscernibility_class,1,2
0,False,14,2,3,splits_indiscernibility_class,1,2
0,False,15,2,2,redundant,1,1
1,False,0,3,3,redundant,2,2
1,False,1,3,3,redundant,2,2
1,False,2,3,5,splits_indiscernibility_class,2,3
1,False,3,3,4,splits_indiscernibility_class,2,3
1,False,4,3,5,splits_indiscernibility_class,2,3
1,False,5,3,4,splits_indiscernibility_class,2,3
1,False,6,3,5,splits_indiscernibility_class,2,3
1,False,7,3,4,splits_indiscernibility_class,2,3
1,False,8,3,5,splits_indiscernibility_class,2,3
1,False,9,3,4,splits_indiscernibility_class,2,3
1,False,10,3,5,splits_indiscernibility_class,2,3
1,False,11,3,4,splits_indiscernibility_class,2,3
1,False,12,3,5,splits_indiscernibility_class,2,3
1,False,13,3,4,splits_indiscernibility_class,2,3
1,False,14,3,4,same_carrier_order_thinning,2,2
1,False,15,3,3,redundant,2,2
2,False,0,3,3,redundant,2,2
2,False,1,3,5,splits_indiscernibility_class,2,3
2,False,2,3,3,redundant,2,2
2,False,3,3,4,splits_indiscernibility_class,2,3
2,False,4,3,5,splits_indiscernibility_class,2,3
2,False,5,3,5,splits_indiscernibility_class,2,3
2,False,6,3,4,splits_indiscernibility_class,2,3
2,False,7,3,4,splits_indiscernibility_class,2,3
2,False,8,3,5,splits_indiscernibility_class,2,3
2,False,9,3,5,splits_indiscernibility_class,2,3
2,False,10,3,4,splits_indiscernibility_class,2,3
2,False,11,3,4,splits_indiscernibility_class,2,3
2,False,12,3,5,splits_indiscernibility_class,2,3
2,False,13,3,4,same_carrier_order_thinning,2,2
2,False,14,3,4,splits_indiscernibility_class,2,3
2,False,15,3,3,redundant,2,2
3,False,0,5,5,redundant,3,3
3,False,1,5,5,redundant,3,3
3,False,2,5,5,redundant,3,3
3,False,3,5,5,redundant,3,3
3,False,4,5,9,splits_indiscernibility_class,3,4
3,False,5,5,7,splits_indiscernibility_class,3,4
3,False,6,5,7,splits_indiscernibility_class,3,4
3,False,7,5,6,splits_indiscernibility_class,3,4
3,False,8,5,9,splits_indiscernibility_class,3,4
3,False,9,5,7,splits_indiscernibility_class,3,4
3,False,10,5,7,splits_indiscernibility_class,3,4
3,False,11,5,6,splits_indiscernibility_class,3,4
3,False,12,5,8,same_carrier_order_thinning,3,3
3,False,13,5,6,same_carrier_order_thinning,3,3
3,False,14,5,6,same_carrier_order_thinning,3,3
3,False,15,5,5,redundant,3,3
4,False,0,3,3,redundant,2,2
4,False,1,3,4,splits_indiscernibility_class,2,3
4,False,2,3,4,splits_indiscernibility_class,2,3
4,False,3,3,3,redundant,2,2
4,False,4,3,5,splits_indiscernibility_class,2,3
4,False,5,3,6,splits_indiscernibility_class,2,4
4,False,6,3,6,splits_indiscernibility_class,2,4
4,False,7,3,4,splits_indiscernibility_class,2,3
4,False,8,3,5,splits_indiscernibility_class,2,3
4,False,9,3,6,splits_indiscernibility_class,2,4
4,False,10,3,6,splits_indiscernibility_class,2,4
4,False,11,3,4,splits_indiscernibility_class,2,3
4,False,12,3,4,same_carrier_order_thinning,2,2
4,False,13,3,5,splits_indiscernibility_class,2,3
4,False,14,3,5,splits_indiscernibility_class,2,3
4,False,15,3,3,redundant,2,2
5,False,0,4,4,redundant,3,3
5,False,1,4,4,redundant,3,3
5,False,2,4,5,same_carrier_order_thinning,3,3
5,False,3,4,4,redundant,3,3
5,False,4,4,7,splits_indiscernibility_class,3,4
5,False,5,4,6,splits_indiscernibility_class,3,4
5,False,6,4,7,splits_indiscernibility_class,3,4
5,False,7,4,5,splits_indiscernibility_class,3,4
5,False,8,4,7,splits_indiscernibility_class,3,4
5,False,9,4,6,splits_indiscernibility_class,3,4
5,False,10,4,7,splits_indiscernibility_class,3,4
5,False,11,4,5,splits_indiscernibility_class,3,4
5,False,12,4,6,same_carrier_order_thinning,3,3
5,False,13,4,5,same_carrier_order_thinning,3,3
5,False,14,4,6,same_carrier_order_thinning,3,3
5,False,15,4,4,redundant,3,3
6,False,0,4,4,redundant,3,3
6,False,1,4,5,same_carrier_order_thinning,3,3
6,False,2,4,4,redundant,3,3
6,False,3,4,4,redundant,3,3
6,False,4,4,7,splits_indiscernibility_class,3,4
6,False,5,4,7,splits_indiscernibility_class,3,4
6,False,6,4,6,splits_indiscernibility_class,3,4
6,False,7,4,5,splits_indiscernibility_class,3,4
6,False,8,4,7,splits_indiscernibility_class,3,4
6,False,9,4,7,splits_indiscernibility_class,3,4
6,False,10,4,6,splits_indiscernibility_class,3,4
6,False,11,4,5,splits_indiscernibility_class,3,4
6,False,12,4,6,same_carrier_order_thinning,3,3
6,False,13,4,6,same_carrier_order_thinning,3,3
6,False,14,4,5,same_carrier_order_thinning,3,3
6,False,15,4,4,redundant,3,3
7,False,0,3,3,redundant,2,2
7,False,1,3,5,splits_indiscernibility_class,2,3
7,False,2,3,5,splits_indiscernibility_class,2,3
7,False,3,3,5,splits_indiscernibility_class,2,3
7,False,4,3,3,redundant,2,2
7,False,5,3,4,splits_indiscernibility_class,2,3
7,False,6,3,4,splits_indiscernibility_class,2,3
7,False,7,3,4,splits_indiscernibility_class,2,3
7,False,8,3,5,splits_indiscernibility_class,2,3
7,False,9,3,5,splits_indiscernibility_class,2,3
7,False,10,3,5,splits_indiscernibility_class,2,3
7,False,11,3,4,same_carrier_order_thinning,2,2
7,False,12,3,4,splits_indiscernibility_class,2,3
7,False,13,3,4,splits_indiscernibility_class,2,3
7,False,14,3,4,splits_indiscernibility_class,2,3
7,False,15,3,3,redundant,2,2
8,False,0,5,5,redundant,3,3
8,False,1,5,5,redundant,3,3
8,False,2,5,9,splits_indiscernibility_class,3,4
8,False,3,5,7,splits_indiscernibility_class,3,4
8,False,4,5,5,redundant,3,3
8,False,5,5,5,redundant,3,3
8,False,6,5,7,splits_indiscernibility_class,3,4
8,False,7,5,6,splits_indiscernibility_class,3,4
8,False,8,5,9,splits_indiscernibility_class,3,4
8,False,9,5,7,splits_indiscernibility_class,3,4
8,False,10,5,8,same_carrier_order_thinning,3,3
8,False,11,5,6,same_carrier_order_thinning,3,3
8,False,12,5,7,splits_indiscernibility_class,3,4
8,False,13,5,6,splits_indiscernibility_class,3,4
8,False,14,5,6,same_carrier_order_thinning,3,3
8,False,15,5,5,redundant,3,3
9,False,0,5,5,redundant,3,3
9,False,1,5,9,splits_indiscernibility_class,3,4
9,False,2,5,5,redundant,3,3
9,False,3,5,7,splits_indiscernibility_class,3,4
9,False,4,5,5,redundant,3,3
9,False,5,5,7,splits_indiscernibility_class,3,4
9,False,6,5,5,redundant,3,3
9,False,7,5,6,splits_indiscernibility_class,3,4
9,False,8,5,9,splits_indiscernibility_class,3,4
9,False,9,5,8,same_carrier_order_thinning,3,3
9,False,10,5,7,splits_indiscernibility_class,3,4
9,False,11,5,6,same_carrier_order_thinning,3,3
9,False,12,5,7,splits_indiscernibility_class,3,4
9,False,13,5,6,same_carrier_order_thinning,3,3
9,False,14,5,6,splits_indiscernibility_class,3,4
9,False,15,5,5,redundant,3,3
10,True,0,9,9,redundant,4,4
10,True,1,9,9,redundant,4,4
10,True,2,9,9,redundant,4,4
10,True,3,9,9,redundant,4,4
10,True,4,9,9,redundant,4,4
10,True,5,9,9,redundant,4,4
10,True,6,9,9,redundant,4,4
10,True,7,9,9,redundant,4,4
10,True,8,9,16,same_carrier_order_thinning,4,4
10,True,9,9,12,same_carrier_order_thinning,4,4
10,True,10,9,12,same_carrier_order_thinning,4,4
10,True,11,9,10,same_carrier_order_thinning,4,4
10,True,12,9,12,same_carrier_order_thinning,4,4
10,True,13,9,10,same_carrier_order_thinning,4,4
10,True,14,9,10,same_carrier_order_thinning,4,4
10,True,15,9,9,redundant,4,4
11,False,0,5,5,redundant,3,3
11,False,1,5,7,splits_indiscernibility_class,3,4
11,False,2,5,7,splits_indiscernibility_class,3,4
11,False,3,5,5,redundant,3,3
11,False,4,5,5,redundant,3,3
11,False,5,5,7,splits_indiscernibility_class,3,4
11,False,6,5,7,splits_indiscernibility_class,3,4
11,False,7,5,5,redundant,3,3
11,False,8,5,8,same_carrier_order_thinning,3,3
11,False,9,5,10,splits_indiscernibility_class,3,4
11,False,10,5,10,splits_indiscernibility_class,3,4
11,False,11,5,6,same_carrier_order_thinning,3,3
11,False,12,5,6,same_carrier_order_thinning,3,3
11,False,13,5,8,splits_indiscernibility_class,3,4
11,False,14,5,8,splits_indiscernibility_class,3,4
11,False,15,5,5,redundant,3,3
12,True,0,7,7,redundant,4,4
12,True,1,7,7,redundant,4,4
12,True,2,7,9,same_carrier_order_thinning,4,4
12,True,3,7,7,redundant,4,4
12,True,4,7,7,redundant,4,4
12,True,5,7,7,redundant,4,4
12,True,6,7,9,same_carrier_order_thinning,4,4
12,True,7,7,7,redundant,4,4
12,True,8,7,12,same_carrier_order_thinning,4,4
12,True,9,7,10,same_carrier_order_thinning,4,4
12,True,10,7,12,same_carrier_order_thinning,4,4
12,True,11,7,8,same_carrier_order_thinning,4,4
12,True,12,7,9,same_carrier_order_thinning,4,4
12,True,13,7,8,same_carrier_order_thinning,4,4
12,True,14,7,10,same_carrier_order_thinning,4,4
12,True,15,7,7,redundant,4,4
13,True,0,7,7,redundant,4,4
13,True,1,7,9,same_carrier_order_thinning,4,4
13,True,2,7,7,redundant,4,4
13,True,3,7,7,redundant,4,4
13,True,4,7,7,redundant,4,4
13,True,5,7,9,same_carrier_order_thinning,4,4
13,True,6,7,7,redundant,4,4
13,True,7,7,7,redundant,4,4
13,True,8,7,12,same_carrier_order_thinning,4,4
13,True,9,7,12,same_carrier_order_thinning,4,4
13,True,10,7,10,same_carrier_order_thinning,4,4
13,True,11,7,8,same_carrier_order_thinning,4,4
13,True,12,7,9,same_carrier_order_thinning,4,4
13,True,13,7,10,same_carrier_order_thinning,4,4
13,True,14,7,8,same_carrier_order_thinning,4,4
13,True,15,7,7,redundant,4,4
14,False,0,3,3,redundant,2,2
14,False,1,3,4,splits_indiscernibility_class,2,3
14,False,2,3,5,splits_indiscernibility_class,2,3
14,False,3,3,6,splits_indiscernibility_class,2,4
14,False,4,3,4,splits_indiscernibility_class,2,3
14,False,5,3,3,redundant,2,2
14,False,6,3,6,splits_indiscernibility_class,2,4
14,False,7,3,4,splits_indiscernibility_class,2,3
14,False,8,3,5,splits_indiscernibility_class,2,3
14,False,9,3,6,splits_indiscernibility_class,2,4
14,False,10,3,4,same_carrier_order_thinning,2,2
14,False,11,3,5,splits_indiscernibility_class,2,3
14,False,12,3,6,splits_indiscernibility_class,2,4
14,False,13,3,4,splits_indiscernibility_class,2,3
14,False,14,3,5,splits_indiscernibility_class,2,3
14,False,15,3,3,redundant,2,2
15,False,0,4,4,redundant,3,3
15,False,1,4,4,redundant,3,3
15,False,2,4,7,splits_indiscernibility_class,3,4
15,False,3,4,6,splits_indiscernibility_class,3,4
15,False,4,4,5,same_carrier_order_thinning,3,3
15,False,5,4,4,redundant,3,3
15,False,6,4,7,splits_indiscernibility_class,3,4
15,False,7,4,5,splits_indiscernibility_class,3,4
15,False,8,4,7,splits_indiscernibility_class,3,4
15,False,9,4,6,splits_indiscernibility_class,3,4
15,False,10,4,6,same_carrier_order_thinning,3,3
15,False,11,4,5,same_carrier_order_thinning,3,3
15,False,12,4,7,splits_indiscernibility_class,3,4
15,False,13,4,5,splits_indiscernibility_class,3,4
15,False,14,4,6,same_carrier_order_thinning,3,3
15,False,15,4,4,redundant,3,3
16,False,0,5,5,redundant,3,3
16,False,1,5,7,splits_indiscernibility_class,3,4
16,False,2,5,5,redundant,3,3
16,False,3,5,7,splits_indiscernibility_class,3,4
16,False,4,5,7,splits_indiscernibility_class,3,4
16,False,5,5,5,redundant,3,3
16,False,6,5,7,splits_indiscernibility_class,3,4
16,False,7,5,5,redundant,3,3
16,False,8,5,8,same_carrier_order_thinning,3,3
16,False,9,5,10,splits_indiscernibility_class,3,4
16,False,10,5,6,same_carrier_order_thinning,3,3
16,False,11,5,8,splits_indiscernibility_class,3,4
16,False,12,5,10,splits_indiscernibility_class,3,4
16,False,13,5,6,same_carrier_order_thinning,3,3
16,False,14,5,8,splits_indiscernibility_class,3,4
16,False,15,5,5,redundant,3,3
17,True,0,7,7,redundant,4,4
17,True,1,7,7,redundant,4,4
17,True,2,7,7,redundant,4,4
17,True,3,7,7,redundant,4,4
17,True,4,7,9,same_carrier_order_thinning,4,4
17,True,5,7,7,redundant,4,4
17,True,6,7,9,same_carrier_order_thinning,4,4
17,True,7,7,7,redundant,4,4
17,True,8,7,12,same_carrier_order_thinning,4,4
17,True,9,7,10,same_carrier_order_thinning,4,4
17,True,10,7,9,same_carrier_order_thinning,4,4
17,True,11,7,8,same_carrier_order_thinning,4,4
17,True,12,7,12,same_carrier_order_thinning,4,4
17,True,13,7,8,same_carrier_order_thinning,4,4
17,True,14,7,10,same_carrier_order_thinning,4,4
17,True,15,7,7,redundant,4,4
18,True,0,6,6,redundant,4,4
18,True,1,6,6,redundant,4,4
18,True,2,6,7,same_carrier_order_thinning,4,4
18,True,3,6,6,redundant,4,4
18,True,4,6,7,same_carrier_order_thinning,4,4
18,True,5,6,6,redundant,4,4
18,True,6,6,9,same_carrier_order_thinning,4,4
18,True,7,6,6,redundant,4,4
18,True,8,6,10,same_carrier_order_thinning,4,4
18,True,9,6,9,same_carrier_order_thinning,4,4
18,True,10,6,9,same_carrier_order_thinning,4,4
18,True,11,6,7,same_carrier_order_thinning,4,4
18,True,12,6,9,same_carrier_order_thinning,4,4
18,True,13,6,7,same_carrier_order_thinning,4,4
18,True,14,6,10,same_carrier_order_thinning,4,4
18,True,15,6,6,redundant,4,4
19,False,0,4,4,redundant,3,3
19,False,1,4,5,same_carrier_order_thinning,3,3
19,False,2,4,7,splits_indiscernibility_class,3,4
19,False,3,4,7,splits_indiscernibility_class,3,4
19,False,4,4,4,redundant,3,3
19,False,5,4,4,redundant,3,3
19,False,6,4,6,splits_indiscernibility_class,3,4
19,False,7,4,5,splits_indiscernibility_class,3,4
19,False,8,4,7,splits_indiscernibility_class,3,4
19,False,9,4,7,splits_indiscernibility_class,3,4
19,False,10,4,6,same_carrier_order_thinning,3,3
19,False,11,4,6,same_carrier_order_thinning,3,3
19,False,12,4,6,splits_indiscernibility_class,3,4
19,False,13,4,5,splits_indiscernibility_class,3,4
19,False,14,4,5,same_carrier_order_thinning,3,3
19,False,15,4,4,redundant,3,3
20,True,0,7,7,redundant,4,4
20,True,1,7,9,same_carrier_order_thinning,4,4
20,True,2,7,7,redundant,4,4
20,True,3,7,9,same_carrier_order_thinning,4,4
20,True,4,7,7,redundant,4,4
20,True,5,7,7,redundant,4,4
20,True,6,7,7,redundant,4,4
20,True,7,7,7,redundant,4,4
20,True,8,7,12,same_carrier_order_thinning,4,4
20,True,9,7,12,same_carrier_order_thinning,4,4
20,True,10,7,9,same_carrier_order_thinning,4,4
20,True,11,7,10,same_carrier_order_thinning,4,4
20,True,12,7,10,same_carrier_order_thinning,4,4
20,True,13,7,8,same_carrier_order_thinning,4,4
20,True,14,7,8,same_carrier_order_thinning,4,4
20,True,15,7,7,redundant,4,4
21,False,0,3,3,redundant,2,2
21,False,1,3,5,splits_indiscernibility_class,2,3
21,False,2,3,4,splits_indiscernibility_class,2,3
21,False,3,3,6,splits_indiscernibility_class,2,4
21,False,4,3,4,splits_indiscernibility_class,2,3
21,False,5,3,6,splits_indiscernibility_class,2,4
21,False,6,3,3,redundant,2,2
21,False,7,3,4,splits_indiscernibility_class,2,3
21,False,8,3,5,splits_indiscernibility_class,2,3
21,False,9,3,4,same_carrier_order_thinning,2,2
21,False,10,3,6,splits_indiscernibility_class,2,4
21,False,11,3,5,splits_indiscernibility_class,2,3
21,False,12,3,6,splits_indiscernibility_class,2,4
21,False,13,3,5,splits_indiscernibility_class,2,3
21,False,14,3,4,splits_indiscernibility_class,2,3
21,False,15,3,3,redundant,2,2
22,False,0,5,5,redundant,3,3
22,False,1,5,5,redundant,3,3
22,False,2,5,7,splits_indiscernibility_class,3,4
22,False,3,5,7,splits_indiscernibility_class,3,4
22,False,4,5,7,splits_indiscernibility_class,3,4
22,False,5,5,7,splits_indiscernibility_class,3,4
22,False,6,5,5,redundant,3,3
22,False,7,5,5,redundant,3,3
22,False,8,5,8,same_carrier_order_thinning,3,3
22,False,9,5,6,same_carrier_order_thinning,3,3
22,False,10,5,10,splits_indiscernibility_class,3,4
22,False,11,5,8,splits_indiscernibility_class,3,4
22,False,12,5,10,splits_indiscernibility_class,3,4
22,False,13,5,8,splits_indiscernibility_class,3,4
22,False,14,5,6,same_carrier_order_thinning,3,3
22,False,15,5,5,redundant,3,3
23,False,0,4,4,redundant,3,3
23,False,1,4,7,splits_indiscernibility_class,3,4
23,False,2,4,4,redundant,3,3
23,False,3,4,6,splits_indiscernibility_class,3,4
23,False,4,4,5,same_carrier_order_thinning,3,3
23,False,5,4,7,splits_indiscernibility_class,3,4
23,False,6,4,4,redundant,3,3
23,False,7,4,5,splits_indiscernibility_class,3,4
23,False,8,4,7,splits_indiscernibility_class,3,4
23,False,9,4,6,same_carrier_order_thinning,3,3
23,False,10,4,6,splits_indiscernibility_class,3,4
23,False,11,4,5,same_carrier_order_thinning,3,3
23,False,12,4,7,splits_indiscernibility_class,3,4
23,False,13,4,6,same_carrier_order_thinning,3,3
23,False,14,4,5,splits_indiscernibility_class,3,4
23,False,15,4,4,redundant,3,3
24,True,0,7,7,redundant,4,4
24,True,1,7,7,redundant,4,4
24,True,2,7,7,redundant,4,4
24,True,3,7,7,redundant,4,4
24,True,4,7,9,same_carrier_order_thinning,4,4
24,True,5,7,9,same_carrier_order_thinning,4,4
24,True,6,7,7,redundant,4,4
24,True,7,7,7,redundant,4,4
24,True,8,7,12,same_carrier_order_thinning,4,4
24,True,9,7,9,same_carrier_order_thinning,4,4
24,True,10,7,10,same_carrier_order_thinning,4,4
24,True,11,7,8,same_carrier_order_thinning,4,4
24,True,12,7,12,same_carrier_order_thinning,4,4
24,True,13,7,10,same_carrier_order_thinning,4,4
24,True,14,7,8,same_carrier_order_thinning,4,4
24,True,15,7,7,redundant,4,4
25,True,0,6,6,redundant,4,4
25,True,1,6,7,same_carrier_order_thinning,4,4
25,True,2,6,6,redundant,4,4
25,True,3,6,6,redundant,4,4
25,True,4,6,7,same_carrier_order_thinning,4,4
25,True,5,6,9,same_carrier_order_thinning,4,4
25,True,6,6,6,redundant,4,4
25,True,7,6,6,redundant,4,4
25,True,8,6,10,same_carrier_order_thinning,4,4
25,True,9,6,9,same_carrier_order_thinning,4,4
25,True,10,6,9,same_carrier_order_thinning,4,4
25,True,11,6,7,same_carrier_order_thinning,4,4
25,True,12,6,9,same_carrier_order_thinning,4,4
25,True,13,6,10,same_carrier_order_thinning,4,4
25,True,14,6,7,same_carrier_order_thinning,4,4
25,True,15,6,6,redundant,4,4
26,False,0,4,4,redundant,3,3
26,False,1,4,7,splits_indiscernibility_class,3,4
26,False,2,4,5,same_carrier_order_thinning,3,3
26,False,3,4,7,splits_indiscernibility_class,3,4
26,False,4,4,4,redundant,3,3
26,False,5,4,6,splits_indiscernibility_class,3,4
26,False,6,4,4,redundant,3,3
26,False,7,4,5,splits_indiscernibility_class,3,4
26,False,8,4,7,splits_indiscernibility_class,3,4
26,False,9,4,6,same_carrier_order_thinning,3,3
26,False,10,4,7,splits_indiscernibility_class,3,4
26,False,11,4,6,same_carrier_order_thinning,3,3
26,False,12,4,6,splits_indiscernibility_class,3,4
26,False,13,4,5,same_carrier_order_thinning,3,3
26,False,14,4,5,splits_indiscernibility_class,3,4
26,False,15,4,4,redundant,3,3
27,True,0,7,7,redundant,4,4
27,True,1,7,7,redundant,4,4
27,True,2,7,9,same_carrier_order_thinning,4,4
27,True,3,7,9,same_carrier_order_thinning,4,4
27,True,4,7,7,redundant,4,4
27,True,5,7,7,redundant,4,4
27,True,6,7,7,redundant,4,4
27,True,7,7,7,redundant,4,4
27,True,8,7,12,same_carrier_order_thinning,4,4
27,True,9,7,9,same_carrier_order_thinning,4,4
27,True,10,7,12,same_carrier_order_thinning,4,4
27,True,11,7,10,same_carrier_order_thinning,4,4
27,True,12,7,10,same_carrier_order_thinning,4,4
27,True,13,7,8,same_carrier_order_thinning,4,4
27,True,14,7,8,same_carrier_order_thinning,4,4
27,True,15,7,7,redundant,4,4
28,True,0,6,6,redundant,4,4
28,True,1,6,7,same_carrier_order_thinning,4,4
28,True,2,6,7,same_carrier_order_thinning,4,4
28,True,3,6,9,same_carrier_order_thinning,4,4
28,True,4,6,6,redundant,4,4
28,True,5,6,6,redundant,4,4
28,True,6,6,6,redundant,4,4
28,True,7,6,6,redundant,4,4
28,True,8,6,10,same_carrier_order_thinning,4,4
28,True,9,6,9,same_carrier_order_thinning,4,4
28,True,10,6,9,same_carrier_order_thinning,4,4
28,True,11,6,10,same_carrier_order_thinning,4,4
28,True,12,6,9,same_carrier_order_thinning,4,4
28,True,13,6,7,same_carrier_order_thinning,4,4
28,True,14,6,7,same_carrier_order_thinning,4,4
28,True,15,6,6,redundant,4,4
29,False,0,3,3,redundant,2,2
29,False,1,3,4,splits_indiscernibility_class,2,3
29,False,2,3,4,splits_indiscernibility_class,2,3
29,False,3,3,4,splits_indiscernibility_class,2,3
29,False,4,3,4,splits_indiscernibility_class,2,3
29,False,5,3,4,splits_indiscernibility_class,2,3
29,False,6,3,4,splits_indiscernibility_class,2,3
29,False,7,3,3,redundant,2,2
29,False,8,3,4,same_carrier_order_thinning,2,2
29,False,9,3,5,splits_indiscernibility_class,2,3
29,False,10,3,5,splits_indiscernibility_class,2,3
29,False,11,3,5,splits_indiscernibility_class,2,3
29,False,12,3,5,splits_indiscernibility_class,2,3
29,False,13,3,5,splits_indiscernibility_class,2,3
29,False,14,3,5,splits_indiscernibility_class,2,3
29,False,15,3,3,redundant,2,2
30,False,0,4,4,redundant,3,3
30,False,1,4,4,redundant,3,3
30,False,2,4,6,splits_indiscernibility_class,3,4
30,False,3,4,5,splits_indiscernibility_class,3,4
30,False,4,4,6,splits_indiscernibility_class,3,4
30,False,5,4,5,splits_indiscernibility_class,3,4
30,False,6,4,5,same_carrier_order_thinning,3,3
30,False,7,4,4,redundant,3,3
30,False,8,4,6,same_carrier_order_thinning,3,3
30,False,9,4,5,same_carrier_order_thinning,3,3
30,False,10,4,8,splits_indiscernibility_class,3,4
30,False,11,4,6,splits_indiscernibility_class,3,4
30,False,12,4,8,splits_indiscernibility_class,3,4
30,False,13,4,6,splits_indiscernibility_class,3,4
30,False,14,4,6,same_carrier_order_thinning,3,3
30,False,15,4,4,redundant,3,3
31,False,0,4,4,redundant,3,3
31,False,1,4,6,splits_indiscernibility_class,3,4
31,False,2,4,4,redundant,3,3
31,False,3,4,5,splits_indiscernibility_class,3,4
31,False,4,4,6,splits_indiscernibility_class,3,4
31,False,5,4,5,same_carrier_order_thinning,3,3
31,False,6,4,5,splits_indiscernibility_class,3,4
31,False,7,4,4,redundant,3,3
31,False,8,4,6,same_carrier_order_thinning,3,3
31,False,9,4,8,splits_indiscernibility_class,3,4
31,False,10,4,5,same_carrier_order_thinning,3,3
31,False,11,4,6,splits_indiscernibility_class,3,4
31,False,12,4,8,splits_indiscernibility_class,3,4
31,False,13,4,6,same_carrier_order_thinning,3,3
31,False,14,4,6,splits_indiscernibility_class,3,4
31,False,15,4,4,redundant,3,3
32,True,0,6,6,redundant,4,4
32,True,1,6,6,redundant,4,4
32,True,2,6,6,redundant,4,4
32,True,3,6,6,redundant,4,4
32,True,4,6,9,same_carrier_order_thinning,4,4
32,True,5,6,7,same_carrier_order_thinning,4,4
32,True,6,6,7,same_carrier_order_thinning,4,4
32,True,7,6,6,redundant,4,4
32,True,8,6,10,same_carrier_order_thinning,4,4
32,True,9,6,8,same_carrier_order_thinning,4,4
32,True,10,6,8,same_carrier_order_thinning,4,4
32,True,11,6,7,same_carrier_order_thinning,4,4
32,True,12,6,12,same_carrier_order_thinning,4,4
32,True,13,6,8,same_carrier_order_thinning,4,4
32,True,14,6,8,same_carrier_order_thinning,4,4
32,True,15,6,6,redundant,4,4
33,False,0,4,4,redundant,3,3
33,False,1,4,5,splits_indiscernibility_class,3,4
33,False,2,4,5,splits_indiscernibility_class,3,4
33,False,3,4,4,redundant,3,3
33,False,4,4,5,same_carrier_order_thinning,3,3
33,False,5,4,6,splits_indiscernibility_class,3,4
33,False,6,4,6,splits_indiscernibility_class,3,4
33,False,7,4,4,redundant,3,3
33,False,8,4,6,same_carrier_order_thinning,3,3
33,False,9,4,7,splits_indiscernibility_class,3,4
33,False,10,4,7,splits_indiscernibility_class,3,4
33,False,11,4,5,same_carrier_order_thinning,3,3
33,False,12,4,6,same_carrier_order_thinning,3,3
33,False,13,4,7,splits_indiscernibility_class,3,4
33,False,14,4,7,splits_indiscernibility_class,3,4
33,False,15,4,4,redundant,3,3
34,True,0,5,5,redundant,4,4
34,True,1,5,5,redundant,4,4
34,True,2,5,6,same_carrier_order_thinning,4,4
34,True,3,5,5,redundant,4,4
34,True,4,5,7,same_carrier_order_thinning,4,4
34,True,5,5,6,same_carrier_order_thinning,4,4
34,True,6,5,7,same_carrier_order_thinning,4,4
34,True,7,5,5,redundant,4,4
34,True,8,5,8,same_carrier_order_thinning,4,4
34,True,9,5,7,same_carrier_order_thinning,4,4
34,True,10,5,8,same_carrier_order_thinning,4,4
34,True,11,5,6,same_carrier_order_thinning,4,4
34,True,12,5,9,same_carrier_order_thinning,4,4
34,True,13,5,7,same_carrier_order_thinning,4,4
34,True,14,5,8,same_carrier_order_thinning,4,4
34,True,15,5,5,redundant,4,4
35,True,0,5,5,redundant,4,4
35,True,1,5,6,same_carrier_order_thinning,4,4
35,True,2,5,5,redundant,4,4
35,True,3,5,5,redundant,4,4
35,True,4,5,7,same_carrier_order_thinning,4,4
35,True,5,5,7,same_carrier_order_thinning,4,4
35,True,6,5,6,same_carrier_order_thinning,4,4
35,True,7,5,5,redundant,4,4
35,True,8,5,8,same_carrier_order_thinning,4,4
35,True,9,5,8,same_carrier_order_thinning,4,4
35,True,10,5,7,same_carrier_order_thinning,4,4
35,True,11,5,6,same_carrier_order_thinning,4,4
35,True,12,5,9,same_carrier_order_thinning,4,4
35,True,13,5,8,same_carrier_order_thinning,4,4
35,True,14,5,7,same_carrier_order_thinning,4,4
35,True,15,5,5,redundant,4,4
36,False,0,4,4,redundant,3,3
36,False,1,4,6,splits_indiscernibility_class,3,4
36,False,2,4,6,splits_indiscernibility_class,3,4
36,False,3,4,5,same_carrier_order_thinning,3,3
36,False,4,4,4,redundant,3,3
36,False,5,4,5,splits_indiscernibility_class,3,4
36,False,6,4,5,splits_indiscernibility_class,3,4
36,False,7,4,4,redundant,3,3
36,False,8,4,6,same_carrier_order_thinning,3,3
36,False,9,4,8,splits_indiscernibility_class,3,4
36,False,10,4,8,splits_indiscernibility_class,3,4
36,False,11,4,6,same_carrier_order_thinning,3,3
36,False,12,4,5,same_carrier_order_thinning,3,3
36,False,13,4,6,splits_indiscernibility_class,3,4
36,False,14,4,6,splits_indiscernibility_class,3,4
36,False,15,4,4,redundant,3,3
37,True,0,6,6,redundant,4,4
37,True,1,6,6,redundant,4,4
37,True,2,6,9,same_carrier_order_thinning,4,4
37,True,3,6,7,same_carrier_order_thinning,4,4
37,True,4,6,6,redundant,4,4
37,True,5,6,6,redundant,4,4
37,True,6,6,7,same_carrier_order_thinning,4,4
37,True,7,6,6,redundant,4,4
37,True,8,6,10,same_carrier_order_thinning,4,4
37,True,9,6,8,same_carrier_order_thinning,4,4
37,True,10,6,12,same_carrier_order_thinning,4,4
37,True,11,6,8,same_carrier_order_thinning,4,4
37,True,12,6,8,same_carrier_order_thinning,4,4
37,True,13,6,7,same_carrier_order_thinning,4,4
37,True,14,6,8,same_carrier_order_thinning,4,4
37,True,15,6,6,redundant,4,4
38,True,0,6,6,redundant,4,4
38,True,1,6,9,same_carrier_order_thinning,4,4
38,True,2,6,6,redundant,4,4
38,True,3,6,7,same_carrier_order_thinning,4,4
38,True,4,6,6,redundant,4,4
38,True,5,6,7,same_carrier_order_thinning,4,4
38,True,6,6,6,redundant,4,4
38,True,7,6,6,redundant,4,4
38,True,8,6,10,same_carrier_order_thinning,4,4
38,True,9,6,12,same_carrier_order_thinning,4,4
38,True,10,6,8,same_carrier_order_thinning,4,4
38,True,11,6,8,same_carrier_order_thinning,4,4
38,True,12,6,8,same_carrier_order_thinning,4,4
38,True,13,6,8,same_carrier_order_thinning,4,4
38,True,14,6,7,same_carrier_order_thinning,4,4
38,True,15,6,6,redundant,4,4
39,False,0,4,4,redundant,3,3
39,False,1,4,5,splits_indiscernibility_class,3,4
39,False,2,4,5,same_carrier_order_thinning,3,3
39,False,3,4,6,splits_indiscernibility_class,3,4
39,False,4,4,5,splits_indiscernibility_class,3,4
39,False,5,4,4,redundant,3,3
39,False,6,4,6,splits_indiscernibility_class,3,4
39,False,7,4,4,redundant,3,3
39,False,8,4,6,same_carrier_order_thinning,3,3
39,False,9,4,7,splits_indiscernibility_class,3,4
39,False,10,4,6,same_carrier_order_thinning,3,3
39,False,11,4,7,splits_indiscernibility_class,3,4
39,False,12,4,7,splits_indiscernibility_class,3,4
39,False,13,4,5,same_carrier_order_thinning,3,3
39,False,14,4,7,splits_indiscernibility_class,3,4
39,False,15,4,4,redundant,3,3
40,True,0,5,5,redundant,4,4
40,True,1,5,5,redundant,4,4
40,True,2,5,7,same_carrier_order_thinning,4,4
40,True,3,5,6,same_carrier_order_thinning,4,4
40,True,4,5,6,same_carrier_order_thinning,4,4
40,True,5,5,5,redundant,4,4
40,True,6,5,7,same_carrier_order_thinning,4,4
40,True,7,5,5,redundant,4,4
40,True,8,5,8,same_carrier_order_thinning,4,4
40,True,9,5,7,same_carrier_order_thinning,4,4
40,True,10,5,9,same_carrier_order_thinning,4,4
40,True,11,5,7,same_carrier_order_thinning,4,4
40,True,12,5,8,same_carrier_order_thinning,4,4
40,True,13,5,6,same_carrier_order_thinning,4,4
40,True,14,5,8,same_carrier_order_thinning,4,4
40,True,15,5,5,redundant,4,4
41,True,0,5,5,redundant,4,4
41,True,1,5,6,same_carrier_order_thinning,4,4
41,True,2,5,7,same_carrier_order_thinning,4,4
41,True,3,5,7,same_carrier_order_thinning,4,4
41,True,4,5,5,redundant,4,4
41,True,5,5,5,redundant,4,4
41,True,6,5,6,same_carrier_order_thinning,4,4
41,True,7,5,5,redundant,4,4
41,True,8,5,8,same_carrier_order_thinning,4,4
41,True,9,5,8,same_carrier_order_thinning,4,4
41,True,10,5,9,same_carrier_order_thinning,4,4
41,True,11,5,8,same_carrier_order_thinning,4,4
41,True,12,5,7,same_carrier_order_thinning,4,4
41,True,13,5,6,same_carrier_order_thinning,4,4
41,True,14,5,7,same_carrier_order_thinning,4,4
41,True,15,5,5,redundant,4,4
42,False,0,4,4,redundant,3,3
42,False,1,4,5,same_carrier_order_thinning,3,3
42,False,2,4,5,splits_indiscernibility_class,3,4
42,False,3,4,6,splits_indiscernibility_class,3,4
42,False,4,4,5,splits_indiscernibility_class,3,4
42,False,5,4,6,splits_indiscernibility_class,3,4
42,False,6,4,4,redundant,3,3
42,False,7,4,4,redundant,3,3
42,False,8,4,6,same_carrier_order_thinning,3,3
42,False,9,4,6,same_carrier_order_thinning,3,3
42,False,10,4,7,splits_indiscernibility_class,3,4
42,False,11,4,7,splits_indiscernibility_class,3,4
42,False,12,4,7,splits_indiscernibility_class,3,4
42,False,13,4,7,splits_indiscernibility_class,3,4
42,False,14,4,5,same_carrier_order_thinning,3,3
42,False,15,4,4,redundant,3,3
43,True,0,5,5,redundant,4,4
43,True,1,5,7,same_carrier_order_thinning,4,4
43,True,2,5,5,redundant,4,4
43,True,3,5,6,same_carrier_order_thinning,4,4
43,True,4,5,6,same_carrier_order_thinning,4,4
43,True,5,5,7,same_carrier_order_thinning,4,4
43,True,6,5,5,redundant,4,4
43,True,7,5,5,redundant,4,4
43,True,8,5,8,same_carrier_order_thinning,4,4
43,True,9,5,9,same_carrier_order_thinning,4,4
43,True,10,5,7,same_carrier_order_thinning,4,4
43,True,11,5,7,same_carrier_order_thinning,4,4
43,True,12,5,8,same_carrier_order_thinning,4,4
43,True,13,5,8,same_carrier_order_thinning,4,4
43,True,14,5,6,same_carrier_order_thinning,4,4
43,True,15,5,5,redundant,4,4
44,True,0,5,5,redundant,4,4
44,True,1,5,7,same_carrier_order_thinning,4,4
44,True,2,5,6,same_carrier_order_thinning,4,4
44,True,3,5,7,same_carrier_order_thinning,4,4
44,True,4,5,5,redundant,4,4
44,True,5,5,6,same_carrier_order_thinning,4,4
44,True,6,5,5,redundant,4,4
44,True,7,5,5,redundant,4,4
44,True,8,5,8,same_carrier_order_thinning,4,4
44,True,9,5,9,same_carrier_order_thinning,4,4
44,True,10,5,8,same_carrier_order_thinning,4,4
44,True,11,5,8,same_carrier_order_thinning,4,4
44,True,12,5,7,same_carrier_order_thinning,4,4
44,True,13,5,7,same_carrier_order_thinning,4,4
44,True,14,5,6,same_carrier_order_thinning,4,4
44,True,15,5,5,redundant,4,4
45,False,0,3,3,redundant,2,2
45,False,1,3,5,splits_indiscernibility_class,2,3
45,False,2,3,5,splits_indiscernibility_class,2,3
45,False,3,3,5,splits_indiscernibility_class,2,3
45,False,4,3,5,splits_indiscernibility_class,2,3
45,False,5,3,5,splits_indiscernibility_class,2,3
45,False,6,3,5,splits_indiscernibility_class,2,3
45,False,7,3,4,same_carrier_order_thinning,2,2
45,False,8,3,3,redundant,2,2
45,False,9,3,4,splits_indiscernibility_class,2,3
45,False,10,3,4,splits_indiscernibility_class,2,3
45,False,11,3,4,splits_indiscernibility_class,2,3
45,False,12,3,4,splits_indiscernibility_class,2,3
45,False,13,3,4,splits_indiscernibility_class,2,3
45,False,14,3,4,splits_indiscernibility_class,2,3
45,False,15,3,3,redundant,2,2
46,False,0,5,5,redundant,3,3
46,False,1,5,5,redundant,3,3
46,False,2,5,9,splits_indiscernibility_class,3,4
46,False,3,5,7,splits_indiscernibility_class,3,4
46,False,4,5,9,splits_indiscernibility_class,3,4
46,False,5,5,7,splits_indiscernibility_class,3,4
46,False,6,5,8,same_carrier_order_thinning,3,3
46,False,7,5,6,same_carrier_order_thinning,3,3
46,False,8,5,5,redundant,3,3
46,False,9,5,5,redundant,3,3
46,False,10,5,7,splits_indiscernibility_class,3,4
46,False,11,5,6,splits_indiscernibility_class,3,4
46,False,12,5,7,splits_indiscernibility_class,3,4
46,False,13,5,6,splits_indiscernibility_class,3,4
46,False,14,5,6,same_carrier_order_thinning,3,3
46,False,15,5,5,redundant,3,3
47,False,0,5,5,redundant,3,3
47,False,1,5,9,splits_indiscernibility_class,3,4
47,False,2,5,5,redundant,3,3
47,False,3,5,7,splits_indiscernibility_class,3,4
47,False,4,5,9,splits_indiscernibility_class,3,4
47,False,5,5,8,same_carrier_order_thinning,3,3
47,False,6,5,7,splits_indiscernibility_class,3,4
47,False,7,5,6,same_carrier_order_thinning,3,3
47,False,8,5,5,redundant,3,3
47,False,9,5,7,splits_indiscernibility_class,3,4
47,False,10,5,5,redundant,3,3
47,False,11,5,6,splits_indiscernibility_class,3,4
47,False,12,5,7,splits_indiscernibility_class,3,4
47,False,13,5,6,same_carrier_order_thinning,3,3
47,False,14,5,6,splits_indiscernibility_class,3,4
47,False,15,5,5,redundant,3,3
48,True,0,9,9,redundant,4,4
48,True,1,9,9,redundant,4,4
48,True,2,9,9,redundant,4,4
48,True,3,9,9,redundant,4,4
48,True,4,9,16,same_carrier_order_thinning,4,4
48,True,5,9,12,same_carrier_order_thinning,4,4
48,True,6,9,12,same_carrier_order_thinning,4,4
48,True,7,9,10,same_carrier_order_thinning,4,4
48,True,8,9,9,redundant,4,4
48,True,9,9,9,redundant,4,4
48,True,10,9,9,redundant,4,4
48,True,11,9,9,redundant,4,4
48,True,12,9,12,same_carrier_order_thinning,4,4
48,True,13,9,10,same_carrier_order_thinning,4,4
48,True,14,9,10,same_carrier_order_thinning,4,4
48,True,15,9,9,redundant,4,4
49,False,0,5,5,redundant,3,3
49,False,1,5,7,splits_indiscernibility_class,3,4
49,False,2,5,7,splits_indiscernibility_class,3,4
49,False,3,5,5,redundant,3,3
49,False,4,5,8,same_carrier_order_thinning,3,3
49,False,5,5,10,splits_indiscernibility_class,3,4
49,False,6,5,10,splits_indiscernibility_class,3,4
49,False,7,5,6,same_carrier_order_thinning,3,3
49,False,8,5,5,redundant,3,3
49,False,9,5,7,splits_indiscernibility_class,3,4
49,False,10,5,7,splits_indiscernibility_class,3,4
49,False,11,5,5,redundant,3,3
49,False,12,5,6,same_carrier_order_thinning,3,3
49,False,13,5,8,splits_indiscernibility_class,3,4
49,False,14,5,8,splits_indiscernibility_class,3,4
49,False,15,5,5,redundant,3,3
50,True,0,7,7,redundant,4,4
50,True,1,7,7,redundant,4,4
50,True,2,7,9,same_carrier_order_thinning,4,4
50,True,3,7,7,redundant,4,4
50,True,4,7,12,same_carrier_order_thinning,4,4
50,True,5,7,10,same_carrier_order_thinning,4,4
50,True,6,7,12,same_carrier_order_thinning,4,4
50,True,7,7,8,same_carrier_order_thinning,4,4
50,True,8,7,7,redundant,4,4
50,True,9,7,7,redundant,4,4
50,True,10,7,9,same_carrier_order_thinning,4,4
50,True,11,7,7,redundant,4,4
50,True,12,7,9,same_carrier_order_thinning,4,4
50,True,13,7,8,same_carrier_order_thinning,4,4
50,True,14,7,10,same_carrier_order_thinning,4,4
50,True,15,7,7,redundant,4,4
51,True,0,7,7,redundant,4,4
51,True,1,7,9,same_carrier_order_thinning,4,4
51,True,2,7,7,redundant,4,4
51,True,3,7,7,redundant,4,4
51,True,4,7,12,same_carrier_order_thinning,4,4
51,True,5,7,12,same_carrier_order_thinning,4,4
51,True,6,7,10,same_carrier_order_thinning,4,4
51,True,7,7,8,same_carrier_order_thinning,4,4
51,True,8,7,7,redundant,4,4
51,True,9,7,9,same_carrier_order_thinning,4,4
51,True,10,7,7,redundant,4,4
51,True,11,7,7,redundant,4,4
51,True,12,7,9,same_carrier_order_thinning,4,4
51,True,13,7,10,same_carrier_order_thinning,4,4
51,True,14,7,8,same_carrier_order_thinning,4,4
51,True,15,7,7,redundant,4,4
52,False,0,5,5,redundant,3,3
52,False,1,5,9,splits_indiscernibility_class,3,4
52,False,2,5,9,splits_indiscernibility_class,3,4
52,False,3,5,8,same_carrier_order_thinning,3,3
52,False,4,5,5,redundant,3,3
52,False,5,5,7,splits_indiscernibility_class,3,4
52,False,6,5,7,splits_indiscernibility_class,3,4
52,False,7,5,6,same_carrier_order_thinning,3,3
52,False,8,5,5,redundant,3,3
52,False,9,5,7,splits_indiscernibility_class,3,4
52,False,10,5,7,splits_indiscernibility_class,3,4
52,False,11,5,6,same_carrier_order_thinning,3,3
52,False,12,5,5,redundant,3,3
52,False,13,5,6,splits_indiscernibility_class,3,4
52,False,14,5,6,splits_indiscernibility_class,3,4
52,False,15,5,5,redundant,3,3
53,True,0,9,9,redundant,4,4
53,True,1,9,9,redundant,4,4
53,True,2,9,16,same_carrier_order_thinning,4,4
53,True,3,9,12,same_carrier_order_thinning,4,4
53,True,4,9,9,redundant,4,4
53,True,5,9,9,redundant,4,4
53,True,6,9,12,same_carrier_order_thinning,4,4
53,True,7,9,10,same_carrier_order_thinning,4,4
53,True,8,9,9,redundant,4,4
53,True,9,9,9,redundant,4,4
53,True,10,9,12,same_carrier_order_thinning,4,4
53,True,11,9,10,same_carrier_order_thinning,4,4
53,True,12,9,9,redundant,4,4
53,True,13,9,9,redundant,4,4
53,True,14,9,10,same_carrier_order_thinning,4,4
53,True,15,9,9,redundant,4,4
54,True,0,9,9,redundant,4,4
54,True,1,9,16,same_carrier_order_thinning,4,4
54,True,2,9,9,redundant,4,4
54,True,3,9,12,same_carrier_order_thinning,4,4
54,True,4,9,9,redundant,4,4
54,True,5,9,12,same_carrier_order_thinning,4,4
54,True,6,9,9,redundant,4,4
54,True,7,9,10,same_carrier_order_thinning,4,4
54,True,8,9,9,redundant,4,4
54,True,9,9,12,same_carrier_order_thinning,4,4
54,True,10,9,9,redundant,4,4
54,True,11,9,10,same_carrier_order_thinning,4,4
54,True,12,9,9,redundant,4,4
54,True,13,9,10,same_carrier_order_thinning,4,4
54,True,14,9,9,redundant,4,4
54,True,15,9,9,redundant,4,4
55,True,0,16,16,redundant,4,4
55,True,1,16,16,redundant,4,4
55,True,2,16,16,redundant,4,4
55,True,3,16,16,redundant,4,4
55,True,4,16,16,redundant,4,4
55,True,5,16,16,redundant,4,4
55,True,6,16,16,redundant,4,4
55,True,7,16,16,redundant,4,4
55,True,8,16,16,redundant,4,4
55,True,9,16,16,redundant,4,4
55,True,10,16,16,redundant,4,4
55,True,11,16,16,redundant,4,4
55,True,12,16,16,redundant,4,4
55,True,13,16,16,redundant,4,4
55,True,14,16,16,redundant,4,4
55,True,15,16,16,redundant,4,4
56,False,0,8,8,redundant,3,3
56,False,1,8,12,splits_indiscernibility_class,3,4
56,False,2,8,12,splits_indiscernibility_class,3,4
56,False,3,8,8,redundant,3,3
56,False,4,8,8,redundant,3,3
56,False,5,8,12,splits_indiscernibility_class,3,4
56,False,6,8,12,splits_indiscernibility_class,3,4
56,False,7,8,8,redundant,3,3
56,False,8,8,8,redundant,3,3
56,False,9,8,12,splits_indiscernibility_class,3,4
56,False,10,8,12,splits_indiscernibility_class,3,4
56,False,11,8,8,redundant,3,3
56,False,12,8,8,redundant,3,3
56,False,13,8,12,splits_indiscernibility_class,3,4
56,False,14,8,12,splits_indiscernibility_class,3,4
56,False,15,8,8,redundant,3,3
57,True,0,12,12,redundant,4,4
57,True,1,12,12,redundant,4,4
57,True,2,12,16,same_carrier_order_thinning,4,4
57,True,3,12,12,redundant,4,4
57,True,4,12,12,redundant,4,4
57,True,5,12,12,redundant,4,4
57,True,6,12,16,same_carrier_order_thinning,4,4
57,True,7,12,12,redundant,4,4
57,True,8,12,12,redundant,4,4
57,True,9,12,12,redundant,4,4
57,True,10,12,16,same_carrier_order_thinning,4,4
57,True,11,12,12,redundant,4,4
57,True,12,12,12,redundant,4,4
57,True,13,12,12,redundant,4,4
57,True,14,12,16,same_carrier_order_thinning,4,4
57,True,15,12,12,redundant,4,4
58,True,0,12,12,redundant,4,4
58,True,1,12,16,same_carrier_order_thinning,4,4
58,True,2,12,12,redundant,4,4
58,True,3,12,12,redundant,4,4
58,True,4,12,12,redundant,4,4
58,True,5,12,16,same_carrier_order_thinning,4,4
58,True,6,12,12,redundant,4,4
58,True,7,12,12,redundant,4,4
58,True,8,12,12,redundant,4,4
58,True,9,12,16,same_carrier_order_thinning,4,4
58,True,10,12,12,redundant,4,4
58,True,11,12,12,redundant,4,4
58,True,12,12,12,redundant,4,4
58,True,13,12,16,same_carrier_order_thinning,4,4
58,True,14,12,12,redundant,4,4
58,True,15,12,12,redundant,4,4
59,False,0,5,5,redundant,3,3
59,False,1,5,7,splits_indiscernibility_class,3,4
59,False,2,5,8,same_carrier_order_thinning,3,3
59,False,3,5,10,splits_indiscernibility_class,3,4
59,False,4,5,7,splits_indiscernibility_class,3,4
59,False,5,5,5,redundant,3,3
59,False,6,5,10,splits_indiscernibility_class,3,4
59,False,7,5,6,same_carrier_order_thinning,3,3
59,False,8,5,5,redundant,3,3
59,False,9,5,7,splits_indiscernibility_class,3,4
59,False,10,5,6,same_carrier_order_thinning,3,3
59,False,11,5,8,splits_indiscernibility_class,3,4
59,False,12,5,7,splits_indiscernibility_class,3,4
59,False,13,5,5,redundant,3,3
59,False,14,5,8,splits_indiscernibility_class,3,4
59,False,15,5,5,redundant,3,3
60,True,0,7,7,redundant,4,4
60,True,1,7,7,redundant,4,4
60,True,2,7,12,same_carrier_order_thinning,4,4
60,True,3,7,10,same_carrier_order_thinning,4,4
60,True,4,7,9,same_carrier_order_thinning,4,4
60,True,5,7,7,redundant,4,4
60,True,6,7,12,same_carrier_order_thinning,4,4
60,True,7,7,8,same_carrier_order_thinning,4,4
60,True,8,7,7,redundant,4,4
60,True,9,7,7,redundant,4,4
60,True,10,7,9,same_carrier_order_thinning,4,4
60,True,11,7,8,same_carrier_order_thinning,4,4
60,True,12,7,9,same_carrier_order_thinning,4,4
60,True,13,7,7,redundant,4,4
60,True,14,7,10,same_carrier_order_thinning,4,4
60,True,15,7,7,redundant,4,4
61,False,0,8,8,redundant,3,3
61,False,1,8,12,splits_indiscernibility_class,3,4
61,False,2,8,8,redundant,3,3
61,False,3,8,12,splits_indiscernibility_class,3,4
61,False,4,8,12,splits_indiscernibility_class,3,4
61,False,5,8,8,redundant,3,3
61,False,6,8,12,splits_indiscernibility_class,3,4
61,False,7,8,8,redundant,3,3
61,False,8,8,8,redundant,3,3
61,False,9,8,12,splits_indiscernibility_class,3,4
61,False,10,8,8,redundant,3,3
61,False,11,8,12,splits_indiscernibility_class,3,4
61,False,12,8,12,splits_indiscernibility_class,3,4
61,False,13,8,8,redundant,3,3
61,False,14,8,12,splits_indiscernibility_class,3,4
61,False,15,8,8,redundant,3,3
62,True,0,12,12,redundant,4,4
62,True,1,12,12,redundant,4,4
62,True,2,12,12,redundant,4,4
62,True,3,12,12,redundant,4,4
62,True,4,12,16,same_carrier_order_thinning,4,4
62,True,5,12,12,redundant,4,4
62,True,6,12,16,same_carrier_order_thinning,4,4
62,True,7,12,12,redundant,4,4
62,True,8,12,12,redundant,4,4
62,True,9,12,12,redundant,4,4
62,True,10,12,12,redundant,4,4
62,True,11,12,12,redundant,4,4
62,True,12,12,16,same_carrier_order_thinning,4,4
62,True,13,12,12,redundant,4,4
62,True,14,12,16,same_carrier_order_thinning,4,4
62,True,15,12,12,redundant,4,4
63,True,0,10,10,redundant,4,4
63,True,1,10,10,redundant,4,4
63,True,2,10,12,same_carrier_order_thinning,4,4
63,True,3,10,10,redundant,4,4
63,True,4,10,12,same_carrier_order_thinning,4,4
63,True,5,10,10,redundant,4,4
63,True,6,10,16,same_carrier_order_thinning,4,4
63,True,7,10,10,redundant,4,4
63,True,8,10,10,redundant,4,4
63,True,9,10,10,redundant,4,4
63,True,10,10,12,same_carrier_order_thinning,4,4
63,True,11,10,10,redundant,4,4
63,True,12,10,12,same_carrier_order_thinning,4,4
63,True,13,10,10,redundant,4,4
63,True,14,10,16,same_carrier_order_thinning,4,4
63,True,15,10,10,redundant,4,4
64,True,0,7,7,redundant,4,4
64,True,1,7,9,same_carrier_order_thinning,4,4
64,True,2,7,12,same_carrier_order_thinning,4,4
64,True,3,7,12,same_carrier_order_thinning,4,4
64,True,4,7,7,redundant,4,4
64,True,5,7,7,redundant,4,4
64,True,6,7,10,same_carrier_order_thinning,4,4
64,True,7,7,8,same_carrier_order_thinning,4,4
64,True,8,7,7,redundant,4,4
64,True,9,7,9,same_carrier_order_thinning,4,4
64,True,10,7,9,same_carrier_order_thinning,4,4
64,True,11,7,10,same_carrier_order_thinning,4,4
64,True,12,7,7,redundant,4,4
64,True,13,7,7,redundant,4,4
64,True,14,7,8,same_carrier_order_thinning,4,4
64,True,15,7,7,redundant,4,4
65,True,0,12,12,redundant,4,4
65,True,1,12,16,same_carrier_order_thinning,4,4
65,True,2,12,12,redundant,4,4
65,True,3,12,16,same_carrier_order_thinning,4,4
65,True,4,12,12,redundant,4,4
65,True,5,12,12,redundant,4,4
65,True,6,12,12,redundant,4,4
65,True,7,12,12,redundant,4,4
65,True,8,12,12,redundant,4,4
65,True,9,12,16,same_carrier_order_thinning,4,4
65,True,10,12,12,redundant,4,4
65,True,11,12,16,same_carrier_order_thinning,4,4
65,True,12,12,12,redundant,4,4
65,True,13,12,12,redundant,4,4
65,True,14,12,12,redundant,4,4
65,True,15,12,12,redundant,4,4
66,False,0,5,5,redundant,3,3
66,False,1,5,8,same_carrier_order_thinning,3,3
66,False,2,5,7,splits_indiscernibility_class,3,4
66,False,3,5,10,splits_indiscernibility_class,3,4
66,False,4,5,7,splits_indiscernibility_class,3,4
66,False,5,5,10,splits_indiscernibility_class,3,4
66,False,6,5,5,redundant,3,3
66,False,7,5,6,same_carrier_order_thinning,3,3
66,False,8,5,5,redundant,3,3
66,False,9,5,6,same_carrier_order_thinning,3,3
66,False,10,5,7,splits_indiscernibility_class,3,4
66,False,11,5,8,splits_indiscernibility_class,3,4
66,False,12,5,7,splits_indiscernibility_class,3,4
66,False,13,5,8,splits_indiscernibility_class,3,4
66,False,14,5,5,redundant,3,3
66,False,15,5,5,redundant,3,3
67,False,0,8,8,redundant,3,3
67,False,1,8,8,redundant,3,3
67,False,2,8,12,splits_indiscernibility_class,3,4
67,False,3,8,12,splits_indiscernibility_class,3,4
67,False,4,8,12,splits_indiscernibility_class,3,4
67,False,5,8,12,splits_indiscernibility_class,3,4
67,False,6,8,8,redundant,3,3
67,False,7,8,8,redundant,3,3
67,False,8,8,8,redundant,3,3
67,False,9,8,8,redundant,3,3
67,False,10,8,12,splits_indiscernibility_class,3,4
67,False,11,8,12,splits_indiscernibility_class,3,4
67,False,12,8,12,splits_indiscernibility_class,3,4
67,False,13,8,12,splits_indiscernibility_class,3,4
67,False,14,8,8,redundant,3,3
67,False,15,8,8,redundant,3,3
68,True,0,7,7,redundant,4,4
68,True,1,7,12,same_carrier_order_thinning,4,4
68,True,2,7,7,redundant,4,4
68,True,3,7,10,same_carrier_order_thinning,4,4
68,True,4,7,9,same_carrier_order_thinning,4,4
68,True,5,7,12,same_carrier_order_thinning,4,4
68,True,6,7,7,redundant,4,4
68,True,7,7,8,same_carrier_order_thinning,4,4
68,True,8,7,7,redundant,4,4
68,True,9,7,9,same_carrier_order_thinning,4,4
68,True,10,7,7,redundant,4,4
68,True,11,7,8,same_carrier_order_thinning,4,4
68,True,12,7,9,same_carrier_order_thinning,4,4
68,True,13,7,10,same_carrier_order_thinning,4,4
68,True,14,7,7,redundant,4,4
68,True,15,7,7,redundant,4,4
69,True,0,12,12,redundant,4,4
69,True,1,12,12,redundant,4,4
69,True,2,12,12,redundant,4,4
69,True,3,12,12,redundant,4,4
69,True,4,12,16,same_carrier_order_thinning,4,4
69,True,5,12,16,same_carrier_order_thinning,4,4
69,True,6,12,12,redundant,4,4
69,True,7,12,12,redundant,4,4
69,True,8,12,12,redundant,4,4
69,True,9,12,12,redundant,4,4
69,True,10,12,12,redundant,4,4
69,True,11,12,12,redundant,4,4
69,True,12,12,16,same_carrier_order_thinning,4,4
69,True,13,12,16,same_carrier_order_thinning,4,4
69,True,14,12,12,redundant,4,4
69,True,15,12,12,redundant,4,4
70,True,0,10,10,redundant,4,4
70,True,1,10,12,same_carrier_order_thinning,4,4
70,True,2,10,10,redundant,4,4
70,True,3,10,10,redundant,4,4
70,True,4,10,12,same_carrier_order_thinning,4,4
70,True,5,10,16,same_carrier_order_thinning,4,4
70,True,6,10,10,redundant,4,4
70,True,7,10,10,redundant,4,4
70,True,8,10,10,redundant,4,4
70,True,9,10,12,same_carrier_order_thinning,4,4
70,True,10,10,10,redundant,4,4
70,True,11,10,10,redundant,4,4
70,True,12,10,12,same_carrier_order_thinning,4,4
70,True,13,10,16,same_carrier_order_thinning,4,4
70,True,14,10,10,redundant,4,4
70,True,15,10,10,redundant,4,4
71,True,0,7,7,redundant,4,4
71,True,1,7,12,same_carrier_order_thinning,4,4
71,True,2,7,9,same_carrier_order_thinning,4,4
71,True,3,7,12,same_carrier_order_thinning,4,4
71,True,4,7,7,redundant,4,4
71,True,5,7,10,same_carrier_order_thinning,4,4
71,True,6,7,7,redundant,4,4
71,True,7,7,8,same_carrier_order_thinning,4,4
71,True,8,7,7,redundant,4,4
71,True,9,7,9,same_carrier_order_thinning,4,4
71,True,10,7,9,same_carrier_order_thinning,4,4
71,True,11,7,10,same_carrier_order_thinning,4,4
71,True,12,7,7,redundant,4,4
71,True,13,7,8,same_carrier_order_thinning,4,4
71,True,14,7,7,redundant,4,4
71,True,15,7,7,redundant,4,4
72,True,0,12,12,redundant,4,4
72,True,1,12,12,redundant,4,4
72,True,2,12,16,same_carrier_order_thinning,4,4
72,True,3,12,16,same_carrier_order_thinning,4,4
72,True,4,12,12,redundant,4,4
72,True,5,12,12,redundant,4,4
72,True,6,12,12,redundant,4,4
72,True,7,12,12,redundant,4,4
72,True,8,12,12,redundant,4,4
72,True,9,12,12,redundant,4,4
72,True,10,12,16,same_carrier_order_thinning,4,4
72,True,11,12,16,same_carrier_order_thinning,4,4
72,True,12,12,12,redundant,4,4
72,True,13,12,12,redundant,4,4
72,True,14,12,12,redundant,4,4
72,True,15,12,12,redundant,4,4
73,True,0,10,10,redundant,4,4
73,True,1,10,12,same_carrier_order_thinning,4,4
73,True,2,10,12,same_carrier_order_thinning,4,4
73,True,3,10,16,same_carrier_order_thinning,4,4
73,True,4,10,10,redundant,4,4
73,True,5,10,10,redundant,4,4
73,True,6,10,10,redundant,4,4
73,True,7,10,10,redundant,4,4
73,True,8,10,10,redundant,4,4
73,True,9,10,12,same_carrier_order_thinning,4,4
73,True,10,10,12,same_carrier_order_thinning,4,4
73,True,11,10,16,same_carrier_order_thinning,4,4
73,True,12,10,10,redundant,4,4
73,True,13,10,10,redundant,4,4
73,True,14,10,10,redundant,4,4
73,True,15,10,10,redundant,4,4
74,False,0,4,4,redundant,2,2
74,False,1,4,6,splits_indiscernibility_class,2,3
74,False,2,4,6,splits_indiscernibility_class,2,3
74,False,3,4,6,splits_indiscernibility_class,2,3
74,False,4,4,6,splits_indiscernibility_class,2,3
74,False,5,4,6,splits_indiscernibility_class,2,3
74,False,6,4,6,splits_indiscernibility_class,2,3
74,False,7,4,4,redundant,2,2
74,False,8,4,4,redundant,2,2
74,False,9,4,6,splits_indiscernibility_class,2,3
74,False,10,4,6,splits_indiscernibility_class,2,3
74,False,11,4,6,splits_indiscernibility_class,2,3
74,False,12,4,6,splits_indiscernibility_class,2,3
74,False,13,4,6,splits_indiscernibility_class,2,3
74,False,14,4,6,splits_indiscernibility_class,2,3
74,False,15,4,4,redundant,2,2
75,False,0,6,6,redundant,3,3
75,False,1,6,6,redundant,3,3
75,False,2,6,10,splits_indiscernibility_class,3,4
75,False,3,6,8,splits_indiscernibility_class,3,4
75,False,4,6,10,splits_indiscernibility_class,3,4
75,False,5,6,8,splits_indiscernibility_class,3,4
75,False,6,6,8,same_carrier_order_thinning,3,3
75,False,7,6,6,redundant,3,3
75,False,8,6,6,redundant,3,3
75,False,9,6,6,redundant,3,3
75,False,10,6,10,splits_indiscernibility_class,3,4
75,False,11,6,8,splits_indiscernibility_class,3,4
75,False,12,6,10,splits_indiscernibility_class,3,4
75,False,13,6,8,splits_indiscernibility_class,3,4
75,False,14,6,8,same_carrier_order_thinning,3,3
75,False,15,6,6,redundant,3,3
76,False,0,6,6,redundant,3,3
76,False,1,6,10,splits_indiscernibility_class,3,4
76,False,2,6,6,redundant,3,3
76,False,3,6,8,splits_indiscernibility_class,3,4
76,False,4,6,10,splits_indiscernibility_class,3,4
76,False,5,6,8,same_carrier_order_thinning,3,3
76,False,6,6,8,splits_indiscernibility_class,3,4
76,False,7,6,6,redundant,3,3
76,False,8,6,6,redundant,3,3
76,False,9,6,10,splits_indiscernibility_class,3,4
76,False,10,6,6,redundant,3,3
76,False,11,6,8,splits_indiscernibility_class,3,4
76,False,12,6,10,splits_indiscernibility_class,3,4
76,False,13,6,8,same_carrier_order_thinning,3,3
76,False,14,6,8,splits_indiscernibility_class,3,4
76,False,15,6,6,redundant,3,3
77,True,0,10,10,redundant,4,4
77,True,1,10,10,redundant,4,4
77,True,2,10,10,redundant,4,4
77,True,3,10,10,redundant,4,4
77,True,4,10,16,same_carrier_order_thinning,4,4
77,True,5,10,12,same_carrier_order_thinning,4,4
77,True,6,10,12,same_carrier_order_thinning,4,4
77,True,7,10,10,redundant,4,4
77,True,8,10,10,redundant,4,4
77,True,9,10,10,redundant,4,4
77,True,10,10,10,redundant,4,4
77,True,11,10,10,redundant,4,4
77,True,12,10,16,same_carrier_order_thinning,4,4
77,True,13,10,12,same_carrier_order_thinning,4,4
77,True,14,10,12,same_carrier_order_thinning,4,4
77,True,15,10,10,redundant,4,4
78,False,0,6,6,redundant,3,3
78,False,1,6,8,splits_indiscernibility_class,3,4
78,False,2,6,8,splits_indiscernibility_class,3,4
78,False,3,6,6,redundant,3,3
78,False,4,6,8,same_carrier_order_thinning,3,3
78,False,5,6,10,splits_indiscernibility_class,3,4
78,False,6,6,10,splits_indiscernibility_class,3,4
78,False,7,6,6,redundant,3,3
78,False,8,6,6,redundant,3,3
78,False,9,6,8,splits_indiscernibility_class,3,4
78,False,10,6,8,splits_indiscernibility_class,3,4
78,False,11,6,6,redundant,3,3
78,False,12,6,8,same_carrier_order_thinning,3,3
78,False,13,6,10,splits_indiscernibility_class,3,4
78,False,14,6,10,splits_indiscernibility_class,3,4
78,False,15,6,6,redundant,3,3
79,True,0,8,8,redundant,4,4
79,True,1,8,8,redundant,4,4
79,True,2,8,10,same_carrier_order_thinning,4,4
79,True,3,8,8,redundant,4,4
79,True,4,8,12,same_carrier_order_thinning,4,4
79,True,5,8,10,same_carrier_order_thinning,4,4
79,True,6,8,12,same_carrier_order_thinning,4,4
79,True,7,8,8,redundant,4,4
79,True,8,8,8,redundant,4,4
79,True,9,8,8,redundant,4,4
79,True,10,8,10,same_carrier_order_thinning,4,4
79,True,11,8,8,redundant,4,4
79,True,12,8,12,same_carrier_order_thinning,4,4
79,True,13,8,10,same_carrier_order_thinning,4,4
79,True,14,8,12,same_carrier_order_thinning,4,4
79,True,15,8,8,redundant,4,4
80,True,0,8,8,redundant,4,4
80,True,1,8,10,same_carrier_order_thinning,4,4
80,True,2,8,8,redundant,4,4
80,True,3,8,8,redundant,4,4
80,True,4,8,12,same_carrier_order_thinning,4,4
80,True,5,8,12,same_carrier_order_thinning,4,4
80,True,6,8,10,same_carrier_order_thinning,4,4
80,True,7,8,8,redundant,4,4
80,True,8,8,8,redundant,4,4
80,True,9,8,10,same_carrier_order_thinning,4,4
80,True,10,8,8,redundant,4,4
80,True,11,8,8,redundant,4,4
80,True,12,8,12,same_carrier_order_thinning,4,4
80,True,13,8,12,same_carrier_order_thinning,4,4
80,True,14,8,10,same_carrier_order_thinning,4,4
80,True,15,8,8,redundant,4,4
81,False,0,6,6,redundant,3,3
81,False,1,6,10,splits_indiscernibility_class,3,4
81,False,2,6,10,splits_indiscernibility_class,3,4
81,False,3,6,8,same_carrier_order_thinning,3,3
81,False,4,6,6,redundant,3,3
81,False,5,6,8,splits_indiscernibility_class,3,4
81,False,6,6,8,splits_indiscernibility_class,3,4
81,False,7,6,6,redundant,3,3
81,False,8,6,6,redundant,3,3
81,False,9,6,10,splits_indiscernibility_class,3,4
81,False,10,6,10,splits_indiscernibility_class,3,4
81,False,11,6,8,same_carrier_order_thinning,3,3
81,False,12,6,6,redundant,3,3
81,False,13,6,8,splits_indiscernibility_class,3,4
81,False,14,6,8,splits_indiscernibility_class,3,4
81,False,15,6,6,redundant,3,3
82,True,0,10,10,redundant,4,4
82,True,1,10,10,redundant,4,4
82,True,2,10,16,same_carrier_order_thinning,4,4
82,True,3,10,12,same_carrier_order_thinning,4,4
82,True,4,10,10,redundant,4,4
82,True,5,10,10,redundant,4,4
82,True,6,10,12,same_carrier_order_thinning,4,4
82,True,7,10,10,redundant,4,4
82,True,8,10,10,redundant,4,4
82,True,9,10,10,redundant,4,4
82,True,10,10,16,same_carrier_order_thinning,4,4
82,True,11,10,12,same_carrier_order_thinning,4,4
82,True,12,10,10,redundant,4,4
82,True,13,10,10,redundant,4,4
82,True,14,10,12,same_carrier_order_thinning,4,4
82,True,15,10,10,redundant,4,4
83,True,0,10,10,redundant,4,4
83,True,1,10,16,same_carrier_order_thinning,4,4
83,True,2,10,10,redundant,4,4
83,True,3,10,12,same_carrier_order_thinning,4,4
83,True,4,10,10,redundant,4,4
83,True,5,10,12,same_carrier_order_thinning,4,4
83,True,6,10,10,redundant,4,4
83,True,7,10,10,redundant,4,4
83,True,8,10,10,redundant,4,4
83,True,9,10,16,same_carrier_order_thinning,4,4
83,True,10,10,10,redundant,4,4
83,True,11,10,12,same_carrier_order_thinning,4,4
83,True,12,10,10,redundant,4,4
83,True,13,10,12,same_carrier_order_thinning,4,4
83,True,14,10,10,redundant,4,4
83,True,15,10,10,redundant,4,4
84,False,0,6,6,redundant,3,3
84,False,1,6,8,splits_indiscernibility_class,3,4
84,False,2,6,8,same_carrier_order_thinning,3,3
84,False,3,6,10,splits_indiscernibility_class,3,4
84,False,4,6,8,splits_indiscernibility_class,3,4
84,False,5,6,6,redundant,3,3
84,False,6,6,10,splits_indiscernibility_class,3,4
84,False,7,6,6,redundant,3,3
84,False,8,6,6,redundant,3,3
84,False,9,6,8,splits_indiscernibility_class,3,4
84,False,10,6,8,same_carrier_order_thinning,3,3
84,False,11,6,10,splits_indiscernibility_class,3,4
84,False,12,6,8,splits_indiscernibility_class,3,4
84,False,13,6,6,redundant,3,3
84,False,14,6,10,splits_indiscernibility_class,3,4
84,False,15,6,6,redundant,3,3
85,True,0,8,8,redundant,4,4
85,True,1,8,8,redundant,4,4
85,True,2,8,12,same_carrier_order_thinning,4,4
85,True,3,8,10,same_carrier_order_thinning,4,4
85,True,4,8,10,same_carrier_order_thinning,4,4
85,True,5,8,8,redundant,4,4
85,True,6,8,12,same_carrier_order_thinning,4,4
85,True,7,8,8,redundant,4,4
85,True,8,8,8,redundant,4,4
85,True,9,8,8,redundant,4,4
85,True,10,8,12,same_carrier_order_thinning,4,4
85,True,11,8,10,same_carrier_order_thinning,4,4
85,True,12,8,10,same_carrier_order_thinning,4,4
85,True,13,8,8,redundant,4,4
85,True,14,8,12,same_carrier_order_thinning,4,4
85,True,15,8,8,redundant,4,4
86,True,0,8,8,redundant,4,4
86,True,1,8,10,same_carrier_order_thinning,4,4
86,True,2,8,12,same_carrier_order_thinning,4,4
86,True,3,8,12,same_carrier_order_thinning,4,4
86,True,4,8,8,redundant,4,4
86,True,5,8,8,redundant,4,4
86,True,6,8,10,same_carrier_order_thinning,4,4
86,True,7,8,8,redundant,4,4
86,True,8,8,8,redundant,4,4
86,True,9,8,10,same_carrier_order_thinning,4,4
86,True,10,8,12,same_carrier_order_thinning,4,4
86,True,11,8,12,same_carrier_order_thinning,4,4
86,True,12,8,8,redundant,4,4
86,True,13,8,8,redundant,4,4
86,True,14,8,10,same_carrier_order_thinning,4,4
86,True,15,8,8,redundant,4,4
87,False,0,6,6,redundant,3,3
87,False,1,6,8,same_carrier_order_thinning,3,3
87,False,2,6,8,splits_indiscernibility_class,3,4
87,False,3,6,10,splits_indiscernibility_class,3,4
87,False,4,6,8,splits_indiscernibility_class,3,4
87,False,5,6,10,splits_indiscernibility_class,3,4
87,False,6,6,6,redundant,3,3
87,False,7,6,6,redundant,3,3
87,False,8,6,6,redundant,3,3
87,False,9,6,8,same_carrier_order_thinning,3,3
87,False,10,6,8,splits_indiscernibility_class,3,4
87,False,11,6,10,splits_indiscernibility_class,3,4
87,False,12,6,8,splits_indiscernibility_class,3,4
87,False,13,6,10,splits_indiscernibility_class,3,4
87,False,14,6,6,redundant,3,3
87,False,15,6,6,redundant,3,3
88,True,0,8,8,redundant,4,4
88,True,1,8,12,same_carrier_order_thinning,4,4
88,True,2,8,8,redundant,4,4
88,True,3,8,10,same_carrier_order_thinning,4,4
88,True,4,8,10,same_carrier_order_thinning,4,4
88,True,5,8,12,same_carrier_order_thinning,4,4
88,True,6,8,8,redundant,4,4
88,True,7,8,8,redundant,4,4
88,True,8,8,8,redundant,4,4
88,True,9,8,12,same_carrier_order_thinning,4,4
88,True,10,8,8,redundant,4,4
88,True,11,8,10,same_carrier_order_thinning,4,4
88,True,12,8,10,same_carrier_order_thinning,4,4
88,True,13,8,12,same_carrier_order_thinning,4,4
88,True,14,8,8,redundant,4,4
88,True,15,8,8,redundant,4,4
89,True,0,8,8,redundant,4,4
89,True,1,8,12,same_carrier_order_thinning,4,4
89,True,2,8,10,same_carrier_order_thinning,4,4
89,True,3,8,12,same_carrier_order_thinning,4,4
89,True,4,8,8,redundant,4,4
89,True,5,8,10,same_carrier_order_thinning,4,4
89,True,6,8,8,redundant,4,4
89,True,7,8,8,redundant,4,4
89,True,8,8,8,redundant,4,4
89,True,9,8,12,same_carrier_order_thinning,4,4
89,True,10,8,10,same_carrier_order_thinning,4,4
89,True,11,8,12,same_carrier_order_thinning,4,4
89,True,12,8,8,redundant,4,4
89,True,13,8,10,same_carrier_order_thinning,4,4
89,True,14,8,8,redundant,4,4
89,True,15,8,8,redundant,4,4
90,False,0,3,3,redundant,2,2
90,False,1,3,4,splits_indiscernibility_class,2,3
90,False,2,3,5,splits_indiscernibility_class,2,3
90,False,3,3,6,splits_indiscernibility_class,2,4
90,False,4,3,5,splits_indiscernibility_class,2,3
90,False,5,3,6,splits_indiscernibility_class,2,4
90,False,6,3,4,same_carrier_order_thinning,2,2
90,False,7,3,5,splits_indiscernibility_class,2,3
90,False,8,3,4,splits_indiscernibility_class,2,3
90,False,9,3,3,redundant,2,2
90,False,10,3,6,splits_indiscernibility_class,2,4
90,False,11,3,4,splits_indiscernibility_class,2,3
90,False,12,3,6,splits_indiscernibility_class,2,4
90,False,13,3,4,splits_indiscernibility_class,2,3
90,False,14,3,5,splits_indiscernibility_class,2,3
90,False,15,3,3,redundant,2,2
91,False,0,4,4,redundant,3,3
91,False,1,4,4,redundant,3,3
91,False,2,4,7,splits_indiscernibility_class,3,4
91,False,3,4,6,splits_indiscernibility_class,3,4
91,False,4,4,7,splits_indiscernibility_class,3,4
91,False,5,4,6,splits_indiscernibility_class,3,4
91,False,6,4,6,same_carrier_order_thinning,3,3
91,False,7,4,5,same_carrier_order_thinning,3,3
91,False,8,4,5,same_carrier_order_thinning,3,3
91,False,9,4,4,redundant,3,3
91,False,10,4,7,splits_indiscernibility_class,3,4
91,False,11,4,5,splits_indiscernibility_class,3,4
91,False,12,4,7,splits_indiscernibility_class,3,4
91,False,13,4,5,splits_indiscernibility_class,3,4
91,False,14,4,6,same_carrier_order_thinning,3,3
91,False,15,4,4,redundant,3,3
92,False,0,5,5,redundant,3,3
92,False,1,5,7,splits_indiscernibility_class,3,4
92,False,2,5,5,redundant,3,3
92,False,3,5,7,splits_indiscernibility_class,3,4
92,False,4,5,8,same_carrier_order_thinning,3,3
92,False,5,5,10,splits_indiscernibility_class,3,4
92,False,6,5,6,same_carrier_order_thinning,3,3
92,False,7,5,8,splits_indiscernibility_class,3,4
92,False,8,5,7,splits_indiscernibility_class,3,4
92,False,9,5,5,redundant,3,3
92,False,10,5,7,splits_indiscernibility_class,3,4
92,False,11,5,5,redundant,3,3
92,False,12,5,10,splits_indiscernibility_class,3,4
92,False,13,5,6,same_carrier_order_thinning,3,3
92,False,14,5,8,splits_indiscernibility_class,3,4
92,False,15,5,5,redundant,3,3
93,True,0,7,7,redundant,4,4
93,True,1,7,7,redundant,4,4
93,True,2,7,7,redundant,4,4
93,True,3,7,7,redundant,4,4
93,True,4,7,12,same_carrier_order_thinning,4,4
93,True,5,7,10,same_carrier_order_thinning,4,4
93,True,6,7,9,same_carrier_order_thinning,4,4
93,True,7,7,8,same_carrier_order_thinning,4,4
93,True,8,7,9,same_carrier_order_thinning,4,4
93,True,9,7,7,redundant,4,4
93,True,10,7,9,same_carrier_order_thinning,4,4
93,True,11,7,7,redundant,4,4
93,True,12,7,12,same_carrier_order_thinning,4,4
93,True,13,7,8,same_carrier_order_thinning,4,4
93,True,14,7,10,same_carrier_order_thinning,4,4
93,True,15,7,7,redundant,4,4
94,True,0,6,6,redundant,4,4
94,True,1,6,6,redundant,4,4
94,True,2,6,7,same_carrier_order_thinning,4,4
94,True,3,6,6,redundant,4,4
94,True,4,6,10,same_carrier_order_thinning,4,4
94,True,5,6,9,same_carrier_order_thinning,4,4
94,True,6,6,9,same_carrier_order_thinning,4,4
94,True,7,6,7,same_carrier_order_thinning,4,4
94,True,8,6,7,same_carrier_order_thinning,4,4
94,True,9,6,6,redundant,4,4
94,True,10,6,9,same_carrier_order_thinning,4,4
94,True,11,6,6,redundant,4,4
94,True,12,6,9,same_carrier_order_thinning,4,4
94,True,13,6,7,same_carrier_order_thinning,4,4
94,True,14,6,10,same_carrier_order_thinning,4,4
94,True,15,6,6,redundant,4,4
95,False,0,5,5,redundant,3,3
95,False,1,5,7,splits_indiscernibility_class,3,4
95,False,2,5,8,same_carrier_order_thinning,3,3
95,False,3,5,10,splits_indiscernibility_class,3,4
95,False,4,5,5,redundant,3,3
95,False,5,5,7,splits_indiscernibility_class,3,4
95,False,6,5,6,same_carrier_order_thinning,3,3
95,False,7,5,8,splits_indiscernibility_class,3,4
95,False,8,5,7,splits_indiscernibility_class,3,4
95,False,9,5,5,redundant,3,3
95,False,10,5,10,splits_indiscernibility_class,3,4
95,False,11,5,6,same_carrier_order_thinning,3,3
95,False,12,5,7,splits_indiscernibility_class,3,4
95,False,13,5,5,redundant,3,3
95,False,14,5,8,splits_indiscernibility_class,3,4
95,False,15,5,5,redundant,3,3
96,True,0,7,7,redundant,4,4
96,True,1,7,7,redundant,4,4
96,True,2,7,12,same_carrier_order_thinning,4,4
96,True,3,7,10,same_carrier_order_thinning,4,4
96,True,4,7,7,redundant,4,4
96,True,5,7,7,redundant,4,4
96,True,6,7,9,same_carrier_order_thinning,4,4
96,True,7,7,8,same_carrier_order_thinning,4,4
96,True,8,7,9,same_carrier_order_thinning,4,4
96,True,9,7,7,redundant,4,4
96,True,10,7,12,same_carrier_order_thinning,4,4
96,True,11,7,8,same_carrier_order_thinning,4,4
96,True,12,7,9,same_carrier_order_thinning,4,4
96,True,13,7,7,redundant,4,4
96,True,14,7,10,same_carrier_order_thinning,4,4
96,True,15,7,7,redundant,4,4
97,False,0,8,8,redundant,3,3
97,False,1,8,12,splits_indiscernibility_class,3,4
97,False,2,8,8,redundant,3,3
97,False,3,8,12,splits_indiscernibility_class,3,4
97,False,4,8,8,redundant,3,3
97,False,5,8,12,splits_indiscernibility_class,3,4
97,False,6,8,8,redundant,3,3
97,False,7,8,12,splits_indiscernibility_class,3,4
97,False,8,8,12,splits_indiscernibility_class,3,4
97,False,9,8,8,redundant,3,3
97,False,10,8,12,splits_indiscernibility_class,3,4
97,False,11,8,8,redundant,3,3
97,False,12,8,12,splits_indiscernibility_class,3,4
97,False,13,8,8,redundant,3,3
97,False,14,8,12,splits_indiscernibility_class,3,4
97,False,15,8,8,redundant,3,3
98,True,0,12,12,redundant,4,4
98,True,1,12,12,redundant,4,4
98,True,2,12,12,redundant,4,4
98,True,3,12,12,redundant,4,4
98,True,4,12,12,redundant,4,4
98,True,5,12,12,redundant,4,4
98,True,6,12,12,redundant,4,4
98,True,7,12,12,redundant,4,4
98,True,8,12,16,same_carrier_order_thinning,4,4
98,True,9,12,12,redundant,4,4
98,True,10,12,16,same_carrier_order_thinning,4,4
98,True,11,12,12,redundant,4,4
98,True,12,12,16,same_carrier_order_thinning,4,4
98,True,13,12,12,redundant,4,4
98,True,14,12,16,same_carrier_order_thinning,4,4
98,True,15,12,12,redundant,4,4
99,True,0,10,10,redundant,4,4
99,True,1,10,10,redundant,4,4
99,True,2,10,12,same_carrier_order_thinning,4,4
99,True,3,10,10,redundant,4,4
99,True,4,10,10,redundant,4,4
99,True,5,10,10,redundant,4,4
99,True,6,10,12,same_carrier_order_thinning,4,4
99,True,7,10,10,redundant,4,4
99,True,8,10,12,same_carrier_order_thinning,4,4
99,True,9,10,10,redundant,4,4
99,True,10,10,16,same_carrier_order_thinning,4,4
99,True,11,10,10,redundant,4,4
99,True,12,10,12,same_carrier_order_thinning,4,4
99,True,13,10,10,redundant,4,4
99,True,14,10,16,same_carrier_order_thinning,4,4
99,True,15,10,10,redundant,4,4
100,True,0,6,6,redundant,4,4
100,True,1,6,6,redundant,4,4
100,True,2,6,10,same_carrier_order_thinning,4,4
100,True,3,6,9,same_carrier_order_thinning,4,4
100,True,4,6,7,same_carrier_order_thinning,4,4
100,True,5,6,6,redundant,4,4
100,True,6,6,9,same_carrier_order_thinning,4,4
100,True,7,6,7,same_carrier_order_thinning,4,4
100,True,8,6,7,same_carrier_order_thinning,4,4
100,True,9,6,6,redundant,4,4
100,True,10,6,9,same_carrier_order_thinning,4,4
100,True,11,6,7,same_carrier_order_thinning,4,4
100,True,12,6,9,same_carrier_order_thinning,4,4
100,True,13,6,6,redundant,4,4
100,True,14,6,10,same_carrier_order_thinning,4,4
100,True,15,6,6,redundant,4,4
101,True,0,10,10,redundant,4,4
101,True,1,10,10,redundant,4,4
101,True,2,10,10,redundant,4,4
101,True,3,10,10,redundant,4,4
101,True,4,10,12,same_carrier_order_thinning,4,4
101,True,5,10,10,redundant,4,4
101,True,6,10,12,same_carrier_order_thinning,4,4
101,True,7,10,10,redundant,4,4
101,True,8,10,12,same_carrier_order_thinning,4,4
101,True,9,10,10,redundant,4,4
101,True,10,10,12,same_carrier_order_thinning,4,4
101,True,11,10,10,redundant,4,4
101,True,12,10,16,same_carrier_order_thinning,4,4
101,True,13,10,10,redundant,4,4
101,True,14,10,16,same_carrier_order_thinning,4,4
101,True,15,10,10,redundant,4,4
102,True,0,9,9,redundant,4,4
102,True,1,9,9,redundant,4,4
102,True,2,9,10,same_carrier_order_thinning,4,4
102,True,3,9,9,redundant,4,4
102,True,4,9,10,same_carrier_order_thinning,4,4
102,True,5,9,9,redundant,4,4
102,True,6,9,12,same_carrier_order_thinning,4,4
102,True,7,9,9,redundant,4,4
102,True,8,9,10,same_carrier_order_thinning,4,4
102,True,9,9,9,redundant,4,4
102,True,10,9,12,same_carrier_order_thinning,4,4
102,True,11,9,9,redundant,4,4
102,True,12,9,12,same_carrier_order_thinning,4,4
102,True,13,9,9,redundant,4,4
102,True,14,9,16,same_carrier_order_thinning,4,4
102,True,15,9,9,redundant,4,4
103,False,0,4,4,redundant,2,2
103,False,1,4,6,splits_indiscernibility_class,2,3
103,False,2,4,6,splits_indiscernibility_class,2,3
103,False,3,4,9,splits_indiscernibility_class,2,4
103,False,4,4,6,splits_indiscernibility_class,2,3
103,False,5,4,9,splits_indiscernibility_class,2,4
103,False,6,4,4,redundant,2,2
103,False,7,4,6,splits_indiscernibility_class,2,3
103,False,8,4,6,splits_indiscernibility_class,2,3
103,False,9,4,4,redundant,2,2
103,False,10,4,9,splits_indiscernibility_class,2,4
103,False,11,4,6,splits_indiscernibility_class,2,3
103,False,12,4,9,splits_indiscernibility_class,2,4
103,False,13,4,6,splits_indiscernibility_class,2,3
103,False,14,4,6,splits_indiscernibility_class,2,3
103,False,15,4,4,redundant,2,2
104,False,0,6,6,redundant,3,3
104,False,1,6,6,redundant,3,3
104,False,2,6,9,splits_indiscernibility_class,3,4
104,False,3,6,9,splits_indiscernibility_class,3,4
104,False,4,6,9,splits_indiscernibility_class,3,4
104,False,5,6,9,splits_indiscernibility_class,3,4
104,False,6,6,6,redundant,3,3
104,False,7,6,6,redundant,3,3
104,False,8,6,8,same_carrier_order_thinning,3,3
104,False,9,6,6,redundant,3,3
104,False,10,6,12,splits_indiscernibility_class,3,4
104,False,11,6,9,splits_indiscernibility_class,3,4
104,False,12,6,12,splits_indiscernibility_class,3,4
104,False,13,6,9,splits_indiscernibility_class,3,4
104,False,14,6,8,same_carrier_order_thinning,3,3
104,False,15,6,6,redundant,3,3
105,False,0,6,6,redundant,3,3
105,False,1,6,9,splits_indiscernibility_class,3,4
105,False,2,6,6,redundant,3,3
105,False,3,6,9,splits_indiscernibility_class,3,4
105,False,4,6,8,same_carrier_order_thinning,3,3
105,False,5,6,12,splits_indiscernibility_class,3,4
105,False,6,6,6,redundant,3,3
105,False,7,6,9,splits_indiscernibility_class,3,4
105,False,8,6,9,splits_indiscernibility_class,3,4
105,False,9,6,6,redundant,3,3
105,False,10,6,9,splits_indiscernibility_class,3,4
105,False,11,6,6,redundant,3,3
105,False,12,6,12,splits_indiscernibility_class,3,4
105,False,13,6,8,same_carrier_order_thinning,3,3
105,False,14,6,9,splits_indiscernibility_class,3,4
105,False,15,6,6,redundant,3,3
106,True,0,9,9,redundant,4,4
106,True,1,9,9,redundant,4,4
106,True,2,9,9,redundant,4,4
106,True,3,9,9,redundant,4,4
106,True,4,9,12,same_carrier_order_thinning,4,4
106,True,5,9,12,same_carrier_order_thinning,4,4
106,True,6,9,9,redundant,4,4
106,True,7,9,9,redundant,4,4
106,True,8,9,12,same_carrier_order_thinning,4,4
106,True,9,9,9,redundant,4,4
106,True,10,9,12,same_carrier_order_thinning,4,4
106,True,11,9,9,redundant,4,4
106,True,12,9,16,same_carrier_order_thinning,4,4
106,True,13,9,12,same_carrier_order_thinning,4,4
106,True,14,9,12,same_carrier_order_thinning,4,4
106,True,15,9,9,redundant,4,4
107,False,0,6,6,redundant,3,3
107,False,1,6,9,splits_indiscernibility_class,3,4
107,False,2,6,8,same_carrier_order_thinning,3,3
107,False,3,6,12,splits_indiscernibility_class,3,4
107,False,4,6,6,redundant,3,3
107,False,5,6,9,splits_indiscernibility_class,3,4
107,False,6,6,6,redundant,3,3
107,False,7,6,9,splits_indiscernibility_class,3,4
107,False,8,6,9,splits_indiscernibility_class,3,4
107,False,9,6,6,redundant,3,3
107,False,10,6,12,splits_indiscernibility_class,3,4
107,False,11,6,8,same_carrier_order_thinning,3,3
107,False,12,6,9,splits_indiscernibility_class,3,4
107,False,13,6,6,redundant,3,3
107,False,14,6,9,splits_indiscernibility_class,3,4
107,False,15,6,6,redundant,3,3
108,True,0,9,9,redundant,4,4
108,True,1,9,9,redundant,4,4
108,True,2,9,12,same_carrier_order_thinning,4,4
108,True,3,9,12,same_carrier_order_thinning,4,4
108,True,4,9,9,redundant,4,4
108,True,5,9,9,redundant,4,4
108,True,6,9,9,redundant,4,4
108,True,7,9,9,redundant,4,4
108,True,8,9,12,same_carrier_order_thinning,4,4
108,True,9,9,9,redundant,4,4
108,True,10,9,16,same_carrier_order_thinning,4,4
108,True,11,9,12,same_carrier_order_thinning,4,4
108,True,12,9,12,same_carrier_order_thinning,4,4
108,True,13,9,9,redundant,4,4
108,True,14,9,12,same_carrier_order_thinning,4,4
108,True,15,9,9,redundant,4,4
109,False,0,5,5,redundant,3,3
109,False,1,5,5,redundant,3,3
109,False,2,5,8,splits_indiscernibility_class,3,4
109,False,3,5,7,splits_indiscernibility_class,3,4
109,False,4,5,8,splits_indiscernibility_class,3,4
109,False,5,5,7,splits_indiscernibility_class,3,4
109,False,6,5,6,same_carrier_order_thinning,3,3
109,False,7,5,5,redundant,3,3
109,False,8,5,6,same_carrier_order_thinning,3,3
109,False,9,5,5,redundant,3,3
109,False,10,5,10,splits_indiscernibility_class,3,4
109,False,11,5,7,splits_indiscernibility_class,3,4
109,False,12,5,10,splits_indiscernibility_class,3,4
109,False,13,5,7,splits_indiscernibility_class,3,4
109,False,14,5,8,same_carrier_order_thinning,3,3
109,False,15,5,5,redundant,3,3
110,True,0,8,8,redundant,4,4
110,True,1,8,8,redundant,4,4
110,True,2,8,8,redundant,4,4
110,True,3,8,8,redundant,4,4
110,True,4,8,12,same_carrier_order_thinning,4,4
110,True,5,8,10,same_carrier_order_thinning,4,4
110,True,6,8,9,same_carrier_order_thinning,4,4
110,True,7,8,8,redundant,4,4
110,True,8,8,10,same_carrier_order_thinning,4,4
110,True,9,8,8,redundant,4,4
110,True,10,8,10,same_carrier_order_thinning,4,4
110,True,11,8,8,redundant,4,4
110,True,12,8,16,same_carrier_order_thinning,4,4
110,True,13,8,10,same_carrier_order_thinning,4,4
110,True,14,8,12,same_carrier_order_thinning,4,4
110,True,15,8,8,redundant,4,4
111,True,0,7,7,redundant,4,4
111,True,1,7,7,redundant,4,4
111,True,2,7,8,same_carrier_order_thinning,4,4
111,True,3,7,7,redundant,4,4
111,True,4,7,10,same_carrier_order_thinning,4,4
111,True,5,7,9,same_carrier_order_thinning,4,4
111,True,6,7,9,same_carrier_order_thinning,4,4
111,True,7,7,7,redundant,4,4
111,True,8,7,8,same_carrier_order_thinning,4,4
111,True,9,7,7,redundant,4,4
111,True,10,7,10,same_carrier_order_thinning,4,4
111,True,11,7,7,redundant,4,4
111,True,12,7,12,same_carrier_order_thinning,4,4
111,True,13,7,9,same_carrier_order_thinning,4,4
111,True,14,7,12,same_carrier_order_thinning,4,4
111,True,15,7,7,redundant,4,4
112,True,0,8,8,redundant,4,4
112,True,1,8,8,redundant,4,4
112,True,2,8,12,same_carrier_order_thinning,4,4
112,True,3,8,10,same_carrier_order_thinning,4,4
112,True,4,8,8,redundant,4,4
112,True,5,8,8,redundant,4,4
112,True,6,8,9,same_carrier_order_thinning,4,4
112,True,7,8,8,redundant,4,4
112,True,8,8,10,same_carrier_order_thinning,4,4
112,True,9,8,8,redundant,4,4
112,True,10,8,16,same_carrier_order_thinning,4,4
112,True,11,8,10,same_carrier_order_thinning,4,4
112,True,12,8,10,same_carrier_order_thinning,4,4
112,True,13,8,8,redundant,4,4
112,True,14,8,12,same_carrier_order_thinning,4,4
112,True,15,8,8,redundant,4,4
113,True,0,7,7,redundant,4,4
113,True,1,7,7,redundant,4,4
113,True,2,7,10,same_carrier_order_thinning,4,4
113,True,3,7,9,same_carrier_order_thinning,4,4
113,True,4,7,8,same_carrier_order_thinning,4,4
113,True,5,7,7,redundant,4,4
113,True,6,7,9,same_carrier_order_thinning,4,4
113,True,7,7,7,redundant,4,4
113,True,8,7,8,same_carrier_order_thinning,4,4
113,True,9,7,7,redundant,4,4
113,True,10,7,12,same_carrier_order_thinning,4,4
113,True,11,7,9,same_carrier_order_thinning,4,4
113,True,12,7,10,same_carrier_order_thinning,4,4
113,True,13,7,7,redundant,4,4
113,True,14,7,12,same_carrier_order_thinning,4,4
113,True,15,7,7,redundant,4,4
114,False,0,4,4,redundant,3,3
114,False,1,4,5,same_carrier_order_thinning,3,3
114,False,2,4,7,splits_indiscernibility_class,3,4
114,False,3,4,7,splits_indiscernibility_class,3,4
114,False,4,4,7,splits_indiscernibility_class,3,4
114,False,5,4,7,splits_indiscernibility_class,3,4
114,False,6,4,6,same_carrier_order_thinning,3,3
114,False,7,4,6,same_carrier_order_thinning,3,3
114,False,8,4,4,redundant,3,3
114,False,9,4,4,redundant,3,3
114,False,10,4,6,splits_indiscernibility_class,3,4
114,False,11,4,5,splits_indiscernibility_class,3,4
114,False,12,4,6,splits_indiscernibility_class,3,4
114,False,13,4,5,splits_indiscernibility_class,3,4
114,False,14,4,5,same_carrier_order_thinning,3,3
114,False,15,4,4,redundant,3,3
115,True,0,7,7,redundant,4,4
115,True,1,7,9,same_carrier_order_thinning,4,4
115,True,2,7,7,redundant,4,4
115,True,3,7,9,same_carrier_order_thinning,4,4
115,True,4,7,12,same_carrier_order_thinning,4,4
115,True,5,7,12,same_carrier_order_thinning,4,4
115,True,6,7,9,same_carrier_order_thinning,4,4
115,True,7,7,10,same_carrier_order_thinning,4,4
115,True,8,7,7,redundant,4,4
115,True,9,7,7,redundant,4,4
115,True,10,7,7,redundant,4,4
115,True,11,7,7,redundant,4,4
115,True,12,7,10,same_carrier_order_thinning,4,4
115,True,13,7,8,same_carrier_order_thinning,4,4
115,True,14,7,8,same_carrier_order_thinning,4,4
115,True,15,7,7,redundant,4,4
116,True,0,7,7,redundant,4,4
116,True,1,7,9,same_carrier_order_thinning,4,4
116,True,2,7,12,same_carrier_order_thinning,4,4
116,True,3,7,12,same_carrier_order_thinning,4,4
116,True,4,7,7,redundant,4,4
116,True,5,7,9,same_carrier_order_thinning,4,4
116,True,6,7,9,same_carrier_order_thinning,4,4
116,True,7,7,10,same_carrier_order_thinning,4,4
116,True,8,7,7,redundant,4,4
116,True,9,7,7,redundant,4,4
116,True,10,7,10,same_carrier_order_thinning,4,4
116,True,11,7,8,same_carrier_order_thinning,4,4
116,True,12,7,7,redundant,4,4
116,True,13,7,7,redundant,4,4
116,True,14,7,8,same_carrier_order_thinning,4,4
116,True,15,7,7,redundant,4,4
117,True,0,12,12,redundant,4,4
117,True,1,12,16,same_carrier_order_thinning,4,4
117,True,2,12,12,redundant,4,4
117,True,3,12,16,same_carrier_order_thinning,4,4
117,True,4,12,12,redundant,4,4
117,True,5,12,16,same_carrier_order_thinning,4,4
117,True,6,12,12,redundant,4,4
117,True,7,12,16,same_carrier_order_thinning,4,4
117,True,8,12,12,redundant,4,4
117,True,9,12,12,redundant,4,4
117,True,10,12,12,redundant,4,4
117,True,11,12,12,redundant,4,4
117,True,12,12,12,redundant,4,4
117,True,13,12,12,redundant,4,4
117,True,14,12,12,redundant,4,4
117,True,15,12,12,redundant,4,4
118,False,0,6,6,redundant,3,3
118,False,1,6,8,same_carrier_order_thinning,3,3
118,False,2,6,9,splits_indiscernibility_class,3,4
118,False,3,6,12,splits_indiscernibility_class,3,4
118,False,4,6,9,splits_indiscernibility_class,3,4
118,False,5,6,12,splits_indiscernibility_class,3,4
118,False,6,6,6,redundant,3,3
118,False,7,6,8,same_carrier_order_thinning,3,3
118,False,8,6,6,redundant,3,3
118,False,9,6,6,redundant,3,3
118,False,10,6,9,splits_indiscernibility_class,3,4
118,False,11,6,9,splits_indiscernibility_class,3,4
118,False,12,6,9,splits_indiscernibility_class,3,4
118,False,13,6,9,splits_indiscernibility_class,3,4
118,False,14,6,6,redundant,3,3
118,False,15,6,6,redundant,3,3
119,True,0,9,9,redundant,4,4
119,True,1,9,12,same_carrier_order_thinning,4,4
119,True,2,9,9,redundant,4,4
119,True,3,9,12,same_carrier_order_thinning,4,4
119,True,4,9,12,same_carrier_order_thinning,4,4
119,True,5,9,16,same_carrier_order_thinning,4,4
119,True,6,9,9,redundant,4,4
119,True,7,9,12,same_carrier_order_thinning,4,4
119,True,8,9,9,redundant,4,4
119,True,9,9,9,redundant,4,4
119,True,10,9,9,redundant,4,4
119,True,11,9,9,redundant,4,4
119,True,12,9,12,same_carrier_order_thinning,4,4
119,True,13,9,12,same_carrier_order_thinning,4,4
119,True,14,9,9,redundant,4,4
119,True,15,9,9,redundant,4,4
120,True,0,9,9,redundant,4,4
120,True,1,9,12,same_carrier_order_thinning,4,4
120,True,2,9,12,same_carrier_order_thinning,4,4
120,True,3,9,16,same_carrier_order_thinning,4,4
120,True,4,9,9,redundant,4,4
120,True,5,9,12,same_carrier_order_thinning,4,4
120,True,6,9,9,redundant,4,4
120,True,7,9,12,same_carrier_order_thinning,4,4
120,True,8,9,9,redundant,4,4
120,True,9,9,9,redundant,4,4
120,True,10,9,12,same_carrier_order_thinning,4,4
120,True,11,9,12,same_carrier_order_thinning,4,4
120,True,12,9,9,redundant,4,4
120,True,13,9,9,redundant,4,4
120,True,14,9,9,redundant,4,4
120,True,15,9,9,redundant,4,4
121,False,0,3,3,redundant,2,2
121,False,1,3,5,splits_indiscernibility_class,2,3
121,False,2,3,4,splits_indiscernibility_class,2,3
121,False,3,3,6,splits_indiscernibility_class,2,4
121,False,4,3,5,splits_indiscernibility_class,2,3
121,False,5,3,4,same_carrier_order_thinning,2,2
121,False,6,3,6,splits_indiscernibility_class,2,4
121,False,7,3,5,splits_indiscernibility_class,2,3
121,False,8,3,4,splits_indiscernibility_class,2,3
121,False,9,3,6,splits_indiscernibility_class,2,4
121,False,10,3,3,redundant,2,2
121,False,11,3,4,splits_indiscernibility_class,2,3
121,False,12,3,6,splits_indiscernibility_class,2,4
121,False,13,3,5,splits_indiscernibility_class,2,3
121,False,14,3,4,splits_indiscernibility_class,2,3
121,False,15,3,3,redundant,2,2
122,False,0,5,5,redundant,3,3
122,False,1,5,5,redundant,3,3
122,False,2,5,7,splits_indiscernibility_class,3,4
122,False,3,5,7,splits_indiscernibility_class,3,4
122,False,4,5,8,same_carrier_order_thinning,3,3
122,False,5,5,6,same_carrier_order_thinning,3,3
122,False,6,5,10,splits_indiscernibility_class,3,4
122,False,7,5,8,splits_indiscernibility_class,3,4
122,False,8,5,7,splits_indiscernibility_class,3,4
122,False,9,5,7,splits_indiscernibility_class,3,4
122,False,10,5,5,redundant,3,3
122,False,11,5,5,redundant,3,3
122,False,12,5,10,splits_indiscernibility_class,3,4
122,False,13,5,8,splits_indiscernibility_class,3,4
122,False,14,5,6,same_carrier_order_thinning,3,3
122,False,15,5,5,redundant,3,3
123,False,0,4,4,redundant,3,3
123,False,1,4,7,splits_indiscernibility_class,3,4
123,False,2,4,4,redundant,3,3
123,False,3,4,6,splits_indiscernibility_class,3,4
123,False,4,4,7,splits_indiscernibility_class,3,4
123,False,5,4,6,same_carrier_order_thinning,3,3
123,False,6,4,6,splits_indiscernibility_class,3,4
123,False,7,4,5,same_carrier_order_thinning,3,3
123,False,8,4,5,same_carrier_order_thinning,3,3
123,False,9,4,7,splits_indiscernibility_class,3,4
123,False,10,4,4,redundant,3,3
123,False,11,4,5,splits_indiscernibility_class,3,4
123,False,12,4,7,splits_indiscernibility_class,3,4
123,False,13,4,6,same_carrier_order_thinning,3,3
123,False,14,4,5,splits_indiscernibility_class,3,4
123,False,15,4,4,redundant,3,3
124,True,0,7,7,redundant,4,4
124,True,1,7,7,redundant,4,4
124,True,2,7,7,redundant,4,4
124,True,3,7,7,redundant,4,4
124,True,4,7,12,same_carrier_order_thinning,4,4
124,True,5,7,9,same_carrier_order_thinning,4,4
124,True,6,7,10,same_carrier_order_thinning,4,4
124,True,7,7,8,same_carrier_order_thinning,4,4
124,True,8,7,9,same_carrier_order_thinning,4,4
124,True,9,7,9,same_carrier_order_thinning,4,4
124,True,10,7,7,redundant,4,4
124,True,11,7,7,redundant,4,4
124,True,12,7,12,same_carrier_order_thinning,4,4
124,True,13,7,10,same_carrier_order_thinning,4,4
124,True,14,7,8,same_carrier_order_thinning,4,4
124,True,15,7,7,redundant,4,4
125,True,0,6,6,redundant,4,4
125,True,1,6,7,same_carrier_order_thinning,4,4
125,True,2,6,6,redundant,4,4
125,True,3,6,6,redundant,4,4
125,True,4,6,10,same_carrier_order_thinning,4,4
125,True,5,6,9,same_carrier_order_thinning,4,4
125,True,6,6,9,same_carrier_order_thinning,4,4
125,True,7,6,7,same_carrier_order_thinning,4,4
125,True,8,6,7,same_carrier_order_thinning,4,4
125,True,9,6,9,same_carrier_order_thinning,4,4
125,True,10,6,6,redundant,4,4
125,True,11,6,6,redundant,4,4
125,True,12,6,9,same_carrier_order_thinning,4,4
125,True,13,6,10,same_carrier_order_thinning,4,4
125,True,14,6,7,same_carrier_order_thinning,4,4
125,True,15,6,6,redundant,4,4
126,False,0,5,5,redundant,3,3
126,False,1,5,8,same_carrier_order_thinning,3,3
126,False,2,5,7,splits_indiscernibility_class,3,4
126,False,3,5,10,splits_indiscernibility_class,3,4
126,False,4,5,5,redundant,3,3
126,False,5,5,6,same_carrier_order_thinning,3,3
126,False,6,5,7,splits_indiscernibility_class,3,4
126,False,7,5,8,splits_indiscernibility_class,3,4
126,False,8,5,7,splits_indiscernibility_class,3,4
126,False,9,5,10,splits_indiscernibility_class,3,4
126,False,10,5,5,redundant,3,3
126,False,11,5,6,same_carrier_order_thinning,3,3
126,False,12,5,7,splits_indiscernibility_class,3,4
126,False,13,5,8,splits_indiscernibility_class,3,4
126,False,14,5,5,redundant,3,3
126,False,15,5,5,redundant,3,3
127,False,0,8,8,redundant,3,3
127,False,1,8,8,redundant,3,3
127,False,2,8,12,splits_indiscernibility_class,3,4
127,False,3,8,12,splits_indiscernibility_class,3,4
127,False,4,8,8,redundant,3,3
127,False,5,8,8,redundant,3,3
127,False,6,8,12,splits_indiscernibility_class,3,4
127,False,7,8,12,splits_indiscernibility_class,3,4
127,False,8,8,12,splits_indiscernibility_class,3,4
127,False,9,8,12,splits_indiscernibility_class,3,4
127,False,10,8,8,redundant,3,3
127,False,11,8,8,redundant,3,3
127,False,12,8,12,splits_indiscernibility_class,3,4
127,False,13,8,12,splits_indiscernibility_class,3,4
127,False,14,8,8,redundant,3,3
127,False,15,8,8,redundant,3,3
128,True,0,7,7,redundant,4,4
128,True,1,7,12,same_carrier_order_thinning,4,4
128,True,2,7,7,redundant,4,4
128,True,3,7,10,same_carrier_order_thinning,4,4
128,True,4,7,7,redundant,4,4
128,True,5,7,9,same_carrier_order_thinning,4,4
128,True,6,7,7,redundant,4,4
128,True,7,7,8,same_carrier_order_thinning,4,4
128,True,8,7,9,same_carrier_order_thinning,4,4
128,True,9,7,12,same_carrier_order_thinning,4,4
128,True,10,7,7,redundant,4,4
128,True,11,7,8,same_carrier_order_thinning,4,4
128,True,12,7,9,same_carrier_order_thinning,4,4
128,True,13,7,10,same_carrier_order_thinning,4,4
128,True,14,7,7,redundant,4,4
128,True,15,7,7,redundant,4,4
129,True,0,12,12,redundant,4,4
129,True,1,12,12,redundant,4,4
129,True,2,12,12,redundant,4,4
129,True,3,12,12,redundant,4,4
129,True,4,12,12,redundant,4,4
129,True,5,12,12,redundant,4,4
129,True,6,12,12,redundant,4,4
129,True,7,12,12,redundant,4,4
129,True,8,12,16,same_carrier_order_thinning,4,4
129,True,9,12,16,same_carrier_order_thinning,4,4
129,True,10,12,12,redundant,4,4
129,True,11,12,12,redundant,4,4
129,True,12,12,16,same_carrier_order_thinning,4,4
129,True,13,12,16,same_carrier_order_thinning,4,4
129,True,14,12,12,redundant,4,4
129,True,15,12,12,redundant,4,4
130,True,0,10,10,redundant,4,4
130,True,1,10,12,same_carrier_order_thinning,4,4
130,True,2,10,10,redundant,4,4
130,True,3,10,10,redundant,4,4
130,True,4,10,10,redundant,4,4
130,True,5,10,12,same_carrier_order_thinning,4,4
130,True,6,10,10,redundant,4,4
130,True,7,10,10,redundant,4,4
130,True,8,10,12,same_carrier_order_thinning,4,4
130,True,9,10,16,same_carrier_order_thinning,4,4
130,True,10,10,10,redundant,4,4
130,True,11,10,10,redundant,4,4
130,True,12,10,12,same_carrier_order_thinning,4,4
130,True,13,10,16,same_carrier_order_thinning,4,4
130,True,14,10,10,redundant,4,4
130,True,15,10,10,redundant,4,4
131,False,0,4,4,redundant,2,2
131,False,1,4,6,splits_indiscernibility_class,2,3
131,False,2,4,6,splits_indiscernibility_class,2,3
131,False,3,4,9,splits_indiscernibility_class,2,4
131,False,4,4,6,splits_indiscernibility_class,2,3
131,False,5,4,4,redundant,2,2
131,False,6,4,9,splits_indiscernibility_class,2,4
131,False,7,4,6,splits_indiscernibility_class,2,3
131,False,8,4,6,splits_indiscernibility_class,2,3
131,False,9,4,9,splits_indiscernibility_class,2,4
131,False,10,4,4,redundant,2,2
131,False,11,4,6,splits_indiscernibility_class,2,3
131,False,12,4,9,splits_indiscernibility_class,2,4
131,False,13,4,6,splits_indiscernibility_class,2,3
131,False,14,4,6,splits_indiscernibility_class,2,3
131,False,15,4,4,redundant,2,2
132,False,0,6,6,redundant,3,3
132,False,1,6,6,redundant,3,3
132,False,2,6,9,splits_indiscernibility_class,3,4
132,False,3,6,9,splits_indiscernibility_class,3,4
132,False,4,6,8,same_carrier_order_thinning,3,3
132,False,5,6,6,redundant,3,3
132,False,6,6,12,splits_indiscernibility_class,3,4
132,False,7,6,9,splits_indiscernibility_class,3,4
132,False,8,6,9,splits_indiscernibility_class,3,4
132,False,9,6,9,splits_indiscernibility_class,3,4
132,False,10,6,6,redundant,3,3
132,False,11,6,6,redundant,3,3
132,False,12,6,12,splits_indiscernibility_class,3,4
132,False,13,6,9,splits_indiscernibility_class,3,4
132,False,14,6,8,same_carrier_order_thinning,3,3
132,False,15,6,6,redundant,3,3
133,False,0,6,6,redundant,3,3
133,False,1,6,9,splits_indiscernibility_class,3,4
133,False,2,6,6,redundant,3,3
133,False,3,6,9,splits_indiscernibility_class,3,4
133,False,4,6,9,splits_indiscernibility_class,3,4
133,False,5,6,6,redundant,3,3
133,False,6,6,9,splits_indiscernibility_class,3,4
133,False,7,6,6,redundant,3,3
133,False,8,6,8,same_carrier_order_thinning,3,3
133,False,9,6,12,splits_indiscernibility_class,3,4
133,False,10,6,6,redundant,3,3
133,False,11,6,9,splits_indiscernibility_class,3,4
133,False,12,6,12,splits_indiscernibility_class,3,4
133,False,13,6,8,same_carrier_order_thinning,3,3
133,False,14,6,9,splits_indiscernibility_class,3,4
133,False,15,6,6,redundant,3,3
134,True,0,9,9,redundant,4,4
134,True,1,9,9,redundant,4,4
134,True,2,9,9,redundant,4,4
134,True,3,9,9,redundant,4,4
134,True,4,9,12,same_carrier_order_thinning,4,4
134,True,5,9,9,redundant,4,4
134,True,6,9,12,same_carrier_order_thinning,4,4
134,True,7,9,9,redundant,4,4
134,True,8,9,12,same_carrier_order_thinning,4,4
134,True,9,9,12,same_carrier_order_thinning,4,4
134,True,10,9,9,redundant,4,4
134,True,11,9,9,redundant,4,4
134,True,12,9,16,same_carrier_order_thinning,4,4
134,True,13,9,12,same_carrier_order_thinning,4,4
134,True,14,9,12,same_carrier_order_thinning,4,4
134,True,15,9,9,redundant,4,4
135,False,0,6,6,redundant,3,3
135,False,1,6,8,same_carrier_order_thinning,3,3
135,False,2,6,9,splits_indiscernibility_class,3,4
135,False,3,6,12,splits_indiscernibility_class,3,4
135,False,4,6,6,redundant,3,3
135,False,5,6,6,redundant,3,3
135,False,6,6,9,splits_indiscernibility_class,3,4
135,False,7,6,9,splits_indiscernibility_class,3,4
135,False,8,6,9,splits_indiscernibility_class,3,4
135,False,9,6,12,splits_indiscernibility_class,3,4
135,False,10,6,6,redundant,3,3
135,False,11,6,8,same_carrier_order_thinning,3,3
135,False,12,6,9,splits_indiscernibility_class,3,4
135,False,13,6,9,splits_indiscernibility_class,3,4
135,False,14,6,6,redundant,3,3
135,False,15,6,6,redundant,3,3
136,True,0,9,9,redundant,4,4
136,True,1,9,12,same_carrier_order_thinning,4,4
136,True,2,9,9,redundant,4,4
136,True,3,9,12,same_carrier_order_thinning,4,4
136,True,4,9,9,redundant,4,4
136,True,5,9,9,redundant,4,4
136,True,6,9,9,redundant,4,4
136,True,7,9,9,redundant,4,4
136,True,8,9,12,same_carrier_order_thinning,4,4
136,True,9,9,16,same_carrier_order_thinning,4,4
136,True,10,9,9,redundant,4,4
136,True,11,9,12,same_carrier_order_thinning,4,4
136,True,12,9,12,same_carrier_order_thinning,4,4
136,True,13,9,12,same_carrier_order_thinning,4,4
136,True,14,9,9,redundant,4,4
136,True,15,9,9,redundant,4,4
137,True,0,6,6,redundant,4,4
137,True,1,6,10,same_carrier_order_thinning,4,4
137,True,2,6,6,redundant,4,4
137,True,3,6,9,same_carrier_order_thinning,4,4
137,True,4,6,7,same_carrier_order_thinning,4,4
137,True,5,6,9,same_carrier_order_thinning,4,4
137,True,6,6,6,redundant,4,4
137,True,7,6,7,same_carrier_order_thinning,4,4
137,True,8,6,7,same_carrier_order_thinning,4,4
137,True,9,6,9,same_carrier_order_thinning,4,4
137,True,10,6,6,redundant,4,4
137,True,11,6,7,same_carrier_order_thinning,4,4
137,True,12,6,9,same_carrier_order_thinning,4,4
137,True,13,6,10,same_carrier_order_thinning,4,4
137,True,14,6,6,redundant,4,4
137,True,15,6,6,redundant,4,4
138,True,0,10,10,redundant,4,4
138,True,1,10,10,redundant,4,4
138,True,2,10,10,redundant,4,4
138,True,3,10,10,redundant,4,4
138,True,4,10,12,same_carrier_order_thinning,4,4
138,True,5,10,12,same_carrier_order_thinning,4,4
138,True,6,10,10,redundant,4,4
138,True,7,10,10,redundant,4,4
138,True,8,10,12,same_carrier_order_thinning,4,4
138,True,9,10,12,same_carrier_order_thinning,4,4
138,True,10,10,10,redundant,4,4
138,True,11,10,10,redundant,4,4
138,True,12,10,16,same_carrier_order_thinning,4,4
138,True,13,10,16,same_carrier_order_thinning,4,4
138,True,14,10,10,redundant,4,4
138,True,15,10,10,redundant,4,4
139,True,0,9,9,redundant,4,4
139,True,1,9,10,same_carrier_order_thinning,4,4
139,True,2,9,9,redundant,4,4
139,True,3,9,9,redundant,4,4
139,True,4,9,10,same_carrier_order_thinning,4,4
139,True,5,9,12,same_carrier_order_thinning,4,4
139,True,6,9,9,redundant,4,4
139,True,7,9,9,redundant,4,4
139,True,8,9,10,same_carrier_order_thinning,4,4
139,True,9,9,12,same_carrier_order_thinning,4,4
139,True,10,9,9,redundant,4,4
139,True,11,9,9,redundant,4,4
139,True,12,9,12,same_carrier_order_thinning,4,4
139,True,13,9,16,same_carrier_order_thinning,4,4
139,True,14,9,9,redundant,4,4
139,True,15,9,9,redundant,4,4
140,False,0,5,5,redundant,3,3
140,False,1,5,8,splits_indiscernibility_class,3,4
140,False,2,5,5,redundant,3,3
140,False,3,5,7,splits_indiscernibility_class,3,4
140,False,4,5,8,splits_indiscernibility_class,3,4
140,False,5,5,6,same_carrier_order_thinning,3,3
140,False,6,5,7,splits_indiscernibility_class,3,4
140,False,7,5,5,redundant,3,3
140,False,8,5,6,same_carrier_order_thinning,3,3
140,False,9,5,10,splits_indiscernibility_class,3,4
140,False,10,5,5,redundant,3,3
140,False,11,5,7,splits_indiscernibility_class,3,4
140,False,12,5,10,splits_indiscernibility_class,3,4
140,False,13,5,8,same_carrier_order_thinning,3,3
140,False,14,5,7,splits_indiscernibility_class,3,4
140,False,15,5,5,redundant,3,3
141,True,0,8,8,redundant,4,4
141,True,1,8,8,redundant,4,4
141,True,2,8,8,redundant,4,4
141,True,3,8,8,redundant,4,4
141,True,4,8,12,same_carrier_order_thinning,4,4
141,True,5,8,9,same_carrier_order_thinning,4,4
141,True,6,8,10,same_carrier_order_thinning,4,4
141,True,7,8,8,redundant,4,4
141,True,8,8,10,same_carrier_order_thinning,4,4
141,True,9,8,10,same_carrier_order_thinning,4,4
141,True,10,8,8,redundant,4,4
141,True,11,8,8,redundant,4,4
141,True,12,8,16,same_carrier_order_thinning,4,4
141,True,13,8,12,same_carrier_order_thinning,4,4
141,True,14,8,10,same_carrier_order_thinning,4,4
141,True,15,8,8,redundant,4,4
142,True,0,7,7,redundant,4,4
142,True,1,7,8,same_carrier_order_thinning,4,4
142,True,2,7,7,redundant,4,4
142,True,3,7,7,redundant,4,4
142,True,4,7,10,same_carrier_order_thinning,4,4
142,True,5,7,9,same_carrier_order_thinning,4,4
142,True,6,7,9,same_carrier_order_thinning,4,4
142,True,7,7,7,redundant,4,4
142,True,8,7,8,same_carrier_order_thinning,4,4
142,True,9,7,10,same_carrier_order_thinning,4,4
142,True,10,7,7,redundant,4,4
142,True,11,7,7,redundant,4,4
142,True,12,7,12,same_carrier_order_thinning,4,4
142,True,13,7,12,same_carrier_order_thinning,4,4
142,True,14,7,9,same_carrier_order_thinning,4,4
142,True,15,7,7,redundant,4,4
143,True,0,8,8,redundant,4,4
143,True,1,8,12,same_carrier_order_thinning,4,4
143,True,2,8,8,redundant,4,4
143,True,3,8,10,same_carrier_order_thinning,4,4
143,True,4,8,8,redundant,4,4
143,True,5,8,9,same_carrier_order_thinning,4,4
143,True,6,8,8,redundant,4,4
143,True,7,8,8,redundant,4,4
143,True,8,8,10,same_carrier_order_thinning,4,4
143,True,9,8,16,same_carrier_order_thinning,4,4
143,True,10,8,8,redundant,4,4
143,True,11,8,10,same_carrier_order_thinning,4,4
143,True,12,8,10,same_carrier_order_thinning,4,4
143,True,13,8,12,same_carrier_order_thinning,4,4
143,True,14,8,8,redundant,4,4
143,True,15,8,8,redundant,4,4
144,True,0,7,7,redundant,4,4
144,True,1,7,10,same_carrier_order_thinning,4,4
144,True,2,7,7,redundant,4,4
144,True,3,7,9,same_carrier_order_thinning,4,4
144,True,4,7,8,same_carrier_order_thinning,4,4
144,True,5,7,9,same_carrier_order_thinning,4,4
144,True,6,7,7,redundant,4,4
144,True,7,7,7,redundant,4,4
144,True,8,7,8,same_carrier_order_thinning,4,4
144,True,9,7,12,same_carrier_order_thinning,4,4
144,True,10,7,7,redundant,4,4
144,True,11,7,9,same_carrier_order_thinning,4,4
144,True,12,7,10,same_carrier_order_thinning,4,4
144,True,13,7,12,same_carrier_order_thinning,4,4
144,True,14,7,7,redundant,4,4
144,True,15,7,7,redundant,4,4
145,False,0,4,4,redundant,3,3
145,False,1,4,7,splits_indiscernibility_class,3,4
145,False,2,4,5,same_carrier_order_thinning,3,3
145,False,3,4,7,splits_indiscernibility_class,3,4
145,False,4,4,7,splits_indiscernibility_class,3,4
145,False,5,4,6,same_carrier_order_thinning,3,3
145,False,6,4,7,splits_indiscernibility_class,3,4
145,False,7,4,6,same_carrier_order_thinning,3,3
145,False,8,4,4,redundant,3,3
145,False,9,4,6,splits_indiscernibility_class,3,4
145,False,10,4,4,redundant,3,3
145,False,11,4,5,splits_indiscernibility_class,3,4
145,False,12,4,6,splits_indiscernibility_class,3,4
145,False,13,4,5,same_carrier_order_thinning,3,3
145,False,14,4,5,splits_indiscernibility_class,3,4
145,False,15,4,4,redundant,3,3
146,True,0,7,7,redundant,4,4
146,True,1,7,7,redundant,4,4
146,True,2,7,9,same_carrier_order_thinning,4,4
146,True,3,7,9,same_carrier_order_thinning,4,4
146,True,4,7,12,same_carrier_order_thinning,4,4
146,True,5,7,9,same_carrier_order_thinning,4,4
146,True,6,7,12,same_carrier_order_thinning,4,4
146,True,7,7,10,same_carrier_order_thinning,4,4
146,True,8,7,7,redundant,4,4
146,True,9,7,7,redundant,4,4
146,True,10,7,7,redundant,4,4
146,True,11,7,7,redundant,4,4
146,True,12,7,10,same_carrier_order_thinning,4,4
146,True,13,7,8,same_carrier_order_thinning,4,4
146,True,14,7,8,same_carrier_order_thinning,4,4
146,True,15,7,7,redundant,4,4
147,True,0,7,7,redundant,4,4
147,True,1,7,12,same_carrier_order_thinning,4,4
147,True,2,7,9,same_carrier_order_thinning,4,4
147,True,3,7,12,same_carrier_order_thinning,4,4
147,True,4,7,7,redundant,4,4
147,True,5,7,9,same_carrier_order_thinning,4,4
147,True,6,7,9,same_carrier_order_thinning,4,4
147,True,7,7,10,same_carrier_order_thinning,4,4
147,True,8,7,7,redundant,4,4
147,True,9,7,10,same_carrier_order_thinning,4,4
147,True,10,7,7,redundant,4,4
147,True,11,7,8,same_carrier_order_thinning,4,4
147,True,12,7,7,redundant,4,4
147,True,13,7,8,same_carrier_order_thinning,4,4
147,True,14,7,7,redundant,4,4
147,True,15,7,7,redundant,4,4
148,True,0,12,12,redundant,4,4
148,True,1,12,12,redundant,4,4
148,True,2,12,16,same_carrier_order_thinning,4,4
148,True,3,12,16,same_carrier_order_thinning,4,4
148,True,4,12,12,redundant,4,4
148,True,5,12,12,redundant,4,4
148,True,6,12,16,same_carrier_order_thinning,4,4
148,True,7,12,16,same_carrier_order_thinning,4,4
148,True,8,12,12,redundant,4,4
148,True,9,12,12,redundant,4,4
148,True,10,12,12,redundant,4,4
148,True,11,12,12,redundant,4,4
148,True,12,12,12,redundant,4,4
148,True,13,12,12,redundant,4,4
148,True,14,12,12,redundant,4,4
148,True,15,12,12,redundant,4,4
149,False,0,6,6,redundant,3,3
149,False,1,6,9,splits_indiscernibility_class,3,4
149,False,2,6,8,same_carrier_order_thinning,3,3
149,False,3,6,12,splits_indiscernibility_class,3,4
149,False,4,6,9,splits_indiscernibility_class,3,4
149,False,5,6,6,redundant,3,3
149,False,6,6,12,splits_indiscernibility_class,3,4
149,False,7,6,8,same_carrier_order_thinning,3,3
149,False,8,6,6,redundant,3,3
149,False,9,6,9,splits_indiscernibility_class,3,4
149,False,10,6,6,redundant,3,3
149,False,11,6,9,splits_indiscernibility_class,3,4
149,False,12,6,9,splits_indiscernibility_class,3,4
149,False,13,6,6,redundant,3,3
149,False,14,6,9,splits_indiscernibility_class,3,4
149,False,15,6,6,redundant,3,3
150,True,0,9,9,redundant,4,4
150,True,1,9,9,redundant,4,4
150,True,2,9,12,same_carrier_order_thinning,4,4
150,True,3,9,12,same_carrier_order_thinning,4,4
150,True,4,9,12,same_carrier_order_thinning,4,4
150,True,5,9,9,redundant,4,4
150,True,6,9,16,same_carrier_order_thinning,4,4
150,True,7,9,12,same_carrier_order_thinning,4,4
150,True,8,9,9,redundant,4,4
150,True,9,9,9,redundant,4,4
150,True,10,9,9,redundant,4,4
150,True,11,9,9,redundant,4,4
150,True,12,9,12,same_carrier_order_thinning,4,4
150,True,13,9,9,redundant,4,4
150,True,14,9,12,same_carrier_order_thinning,4,4
150,True,15,9,9,redundant,4,4
151,True,0,9,9,redundant,4,4
151,True,1,9,12,same_carrier_order_thinning,4,4
151,True,2,9,12,same_carrier_order_thinning,4,4
151,True,3,9,16,same_carrier_order_thinning,4,4
151,True,4,9,9,redundant,4,4
151,True,5,9,9,redundant,4,4
151,True,6,9,12,same_carrier_order_thinning,4,4
151,True,7,9,12,same_carrier_order_thinning,4,4
151,True,8,9,9,redundant,4,4
151,True,9,9,12,same_carrier_order_thinning,4,4
151,True,10,9,9,redundant,4,4
151,True,11,9,12,same_carrier_order_thinning,4,4
151,True,12,9,9,redundant,4,4
151,True,13,9,9,redundant,4,4
151,True,14,9,9,redundant,4,4
151,True,15,9,9,redundant,4,4
152,True,0,6,6,redundant,4,4
152,True,1,6,7,same_carrier_order_thinning,4,4
152,True,2,6,7,same_carrier_order_thinning,4,4
152,True,3,6,9,same_carrier_order_thinning,4,4
152,True,4,6,10,same_carrier_order_thinning,4,4
152,True,5,6,9,same_carrier_order_thinning,4,4
152,True,6,6,9,same_carrier_order_thinning,4,4
152,True,7,6,10,same_carrier_order_thinning,4,4
152,True,8,6,6,redundant,4,4
152,True,9,6,6,redundant,4,4
152,True,10,6,6,redundant,4,4
152,True,11,6,6,redundant,4,4
152,True,12,6,9,same_carrier_order_thinning,4,4
152,True,13,6,7,same_carrier_order_thinning,4,4
152,True,14,6,7,same_carrier_order_thinning,4,4
152,True,15,6,6,redundant,4,4
153,True,0,10,10,redundant,4,4
153,True,1,10,12,same_carrier_order_thinning,4,4
153,True,2,10,12,same_carrier_order_thinning,4,4
153,True,3,10,16,same_carrier_order_thinning,4,4
153,True,4,10,10,redundant,4,4
153,True,5,10,12,same_carrier_order_thinning,4,4
153,True,6,10,12,same_carrier_order_thinning,4,4
153,True,7,10,16,same_carrier_order_thinning,4,4
153,True,8,10,10,redundant,4,4
153,True,9,10,10,redundant,4,4
153,True,10,10,10,redundant,4,4
153,True,11,10,10,redundant,4,4
153,True,12,10,10,redundant,4,4
153,True,13,10,10,redundant,4,4
153,True,14,10,10,redundant,4,4
153,True,15,10,10,redundant,4,4
154,False,0,3,3,redundant,2,2
154,False,1,3,4,splits_indiscernibility_class,2,3
154,False,2,3,4,splits_indiscernibility_class,2,3
154,False,3,3,4,splits_indiscernibility_class,2,3
154,False,4,3,4,same_carrier_order_thinning,2,2
154,False,5,3,5,splits_indiscernibility_class,2,3
154,False,6,3,5,splits_indiscernibility_class,2,3
154,False,7,3,5,splits_indiscernibility_class,2,3
154,False,8,3,4,splits_indiscernibility_class,2,3
154,False,9,3,4,splits_indiscernibility_class,2,3
154,False,10,3,4,splits_indiscernibility_class,2,3
154,False,11,3,3,redundant,2,2
154,False,12,3,5,splits_indiscernibility_class,2,3
154,False,13,3,5,splits_indiscernibility_class,2,3
154,False,14,3,5,splits_indiscernibility_class,2,3
154,False,15,3,3,redundant,2,2
155,False,0,4,4,redundant,3,3
155,False,1,4,4,redundant,3,3
155,False,2,4,6,splits_indiscernibility_class,3,4
155,False,3,4,5,splits_indiscernibility_class,3,4
155,False,4,4,6,same_carrier_order_thinning,3,3
155,False,5,4,5,same_carrier_order_thinning,3,3
155,False,6,4,8,splits_indiscernibility_class,3,4
155,False,7,4,6,splits_indiscernibility_class,3,4
155,False,8,4,6,splits_indiscernibility_class,3,4
155,False,9,4,5,splits_indiscernibility_class,3,4
155,False,10,4,5,same_carrier_order_thinning,3,3
155,False,11,4,4,redundant,3,3
155,False,12,4,8,splits_indiscernibility_class,3,4
155,False,13,4,6,splits_indiscernibility_class,3,4
155,False,14,4,6,same_carrier_order_thinning,3,3
155,False,15,4,4,redundant,3,3
156,False,0,4,4,redundant,3,3
156,False,1,4,6,splits_indiscernibility_class,3,4
156,False,2,4,4,redundant,3,3
156,False,3,4,5,splits_indiscernibility_class,3,4
156,False,4,4,6,same_carrier_order_thinning,3,3
156,False,5,4,8,splits_indiscernibility_class,3,4
156,False,6,4,5,same_carrier_order_thinning,3,3
156,False,7,4,6,splits_indiscernibility_class,3,4
156,False,8,4,6,splits_indiscernibility_class,3,4
156,False,9,4,5,same_carrier_order_thinning,3,3
156,False,10,4,5,splits_indiscernibility_class,3,4
156,False,11,4,4,redundant,3,3
156,False,12,4,8,splits_indiscernibility_class,3,4
156,False,13,4,6,same_carrier_order_thinning,3,3
156,False,14,4,6,splits_indiscernibility_class,3,4
156,False,15,4,4,redundant,3,3
157,True,0,6,6,redundant,4,4
157,True,1,6,6,redundant,4,4
157,True,2,6,6,redundant,4,4
157,True,3,6,6,redundant,4,4
157,True,4,6,10,same_carrier_order_thinning,4,4
157,True,5,6,8,same_carrier_order_thinning,4,4
157,True,6,6,8,same_carrier_order_thinning,4,4
157,True,7,6,7,same_carrier_order_thinning,4,4
157,True,8,6,9,same_carrier_order_thinning,4,4
157,True,9,6,7,same_carrier_order_thinning,4,4
157,True,10,6,7,same_carrier_order_thinning,4,4
157,True,11,6,6,redundant,4,4
157,True,12,6,12,same_carrier_order_thinning,4,4
157,True,13,6,8,same_carrier_order_thinning,4,4
157,True,14,6,8,same_carrier_order_thinning,4,4
157,True,15,6,6,redundant,4,4
158,False,0,4,4,redundant,3,3
158,False,1,4,5,splits_indiscernibility_class,3,4
158,False,2,4,5,splits_indiscernibility_class,3,4
158,False,3,4,4,redundant,3,3
158,False,4,4,6,same_carrier_order_thinning,3,3
158,False,5,4,7,splits_indiscernibility_class,3,4
158,False,6,4,7,splits_indiscernibility_class,3,4
158,False,7,4,5,same_carrier_order_thinning,3,3
158,False,8,4,5,same_carrier_order_thinning,3,3
158,False,9,4,6,splits_indiscernibility_class,3,4
158,False,10,4,6,splits_indiscernibility_class,3,4
158,False,11,4,4,redundant,3,3
158,False,12,4,6,same_carrier_order_thinning,3,3
158,False,13,4,7,splits_indiscernibility_class,3,4
158,False,14,4,7,splits_indiscernibility_class,3,4
158,False,15,4,4,redundant,3,3
159,True,0,5,5,redundant,4,4
159,True,1,5,5,redundant,4,4
159,True,2,5,6,same_carrier_order_thinning,4,4
159,True,3,5,5,redundant,4,4
159,True,4,5,8,same_carrier_order_thinning,4,4
159,True,5,5,7,same_carrier_order_thinning,4,4
159,True,6,5,8,same_carrier_order_thinning,4,4
159,True,7,5,6,same_carrier_order_thinning,4,4
159,True,8,5,7,same_carrier_order_thinning,4,4
159,True,9,5,6,same_carrier_order_thinning,4,4
159,True,10,5,7,same_carrier_order_thinning,4,4
159,True,11,5,5,redundant,4,4
159,True,12,5,9,same_carrier_order_thinning,4,4
159,True,13,5,7,same_carrier_order_thinning,4,4
159,True,14,5,8,same_carrier_order_thinning,4,4
159,True,15,5,5,redundant,4,4
160,True,0,5,5,redundant,4,4
160,True,1,5,6,same_carrier_order_thinning,4,4
160,True,2,5,5,redundant,4,4
160,True,3,5,5,redundant,4,4
160,True,4,5,8,same_carrier_order_thinning,4,4
160,True,5,5,8,same_carrier_order_thinning,4,4
160,True,6,5,7,same_carrier_order_thinning,4,4
160,True,7,5,6,same_carrier_order_thinning,4,4
160,True,8,5,7,same_carrier_order_thinning,4,4
160,True,9,5,7,same_carrier_order_thinning,4,4
160,True,10,5,6,same_carrier_order_thinning,4,4
160,True,11,5,5,redundant,4,4
160,True,12,5,9,same_carrier_order_thinning,4,4
160,True,13,5,8,same_carrier_order_thinning,4,4
160,True,14,5,7,same_carrier_order_thinning,4,4
160,True,15,5,5,redundant,4,4
161,False,0,4,4,redundant,2,2
161,False,1,4,6,splits_indiscernibility_class,2,3
161,False,2,4,6,splits_indiscernibility_class,2,3
161,False,3,4,6,splits_indiscernibility_class,2,3
161,False,4,4,4,redundant,2,2
161,False,5,4,6,splits_indiscernibility_class,2,3
161,False,6,4,6,splits_indiscernibility_class,2,3
161,False,7,4,6,splits_indiscernibility_class,2,3
161,False,8,4,6,splits_indiscernibility_class,2,3
161,False,9,4,6,splits_indiscernibility_class,2,3
161,False,10,4,6,splits_indiscernibility_class,2,3
161,False,11,4,4,redundant,2,2
161,False,12,4,6,splits_indiscernibility_class,2,3
161,False,13,4,6,splits_indiscernibility_class,2,3
161,False,14,4,6,splits_indiscernibility_class,2,3
161,False,15,4,4,redundant,2,2
162,False,0,6,6,redundant,3,3
162,False,1,6,6,redundant,3,3
162,False,2,6,10,splits_indiscernibility_class,3,4
162,False,3,6,8,splits_indiscernibility_class,3,4
162,False,4,6,6,redundant,3,3
162,False,5,6,6,redundant,3,3
162,False,6,6,10,splits_indiscernibility_class,3,4
162,False,7,6,8,splits_indiscernibility_class,3,4
162,False,8,6,10,splits_indiscernibility_class,3,4
162,False,9,6,8,splits_indiscernibility_class,3,4
162,False,10,6,8,same_carrier_order_thinning,3,3
162,False,11,6,6,redundant,3,3
162,False,12,6,10,splits_indiscernibility_class,3,4
162,False,13,6,8,splits_indiscernibility_class,3,4
162,False,14,6,8,same_carrier_order_thinning,3,3
162,False,15,6,6,redundant,3,3
163,False,0,6,6,redundant,3,3
163,False,1,6,10,splits_indiscernibility_class,3,4
163,False,2,6,6,redundant,3,3
163,False,3,6,8,splits_indiscernibility_class,3,4
163,False,4,6,6,redundant,3,3
163,False,5,6,10,splits_indiscernibility_class,3,4
163,False,6,6,6,redundant,3,3
163,False,7,6,8,splits_indiscernibility_class,3,4
163,False,8,6,10,splits_indiscernibility_class,3,4
163,False,9,6,8,same_carrier_order_thinning,3,3
163,False,10,6,8,splits_indiscernibility_class,3,4
163,False,11,6,6,redundant,3,3
163,False,12,6,10,splits_indiscernibility_class,3,4
163,False,13,6,8,same_carrier_order_thinning,3,3
163,False,14,6,8,splits_indiscernibility_class,3,4
163,False,15,6,6,redundant,3,3
164,True,0,10,10,redundant,4,4
164,True,1,10,10,redundant,4,4
164,True,2,10,10,redundant,4,4
164,True,3,10,10,redundant,4,4
164,True,4,10,10,redundant,4,4
164,True,5,10,10,redundant,4,4
164,True,6,10,10,redundant,4,4
164,True,7,10,10,redundant,4,4
164,True,8,10,16,same_carrier_order_thinning,4,4
164,True,9,10,12,same_carrier_order_thinning,4,4
164,True,10,10,12,same_carrier_order_thinning,4,4
164,True,11,10,10,redundant,4,4
164,True,12,10,16,same_carrier_order_thinning,4,4
164,True,13,10,12,same_carrier_order_thinning,4,4
164,True,14,10,12,same_carrier_order_thinning,4,4
164,True,15,10,10,redundant,4,4
165,False,0,6,6,redundant,3,3
165,False,1,6,8,splits_indiscernibility_class,3,4
165,False,2,6,8,splits_indiscernibility_class,3,4
165,False,3,6,6,redundant,3,3
165,False,4,6,6,redundant,3,3
165,False,5,6,8,splits_indiscernibility_class,3,4
165,False,6,6,8,splits_indiscernibility_class,3,4
165,False,7,6,6,redundant,3,3
165,False,8,6,8,same_carrier_order_thinning,3,3
165,False,9,6,10,splits_indiscernibility_class,3,4
165,False,10,6,10,splits_indiscernibility_class,3,4
165,False,11,6,6,redundant,3,3
165,False,12,6,8,same_carrier_order_thinning,3,3
165,False,13,6,10,splits_indiscernibility_class,3,4
165,False,14,6,10,splits_indiscernibility_class,3,4
165,False,15,6,6,redundant,3,3
166,True,0,8,8,redundant,4,4
166,True,1,8,8,redundant,4,4
166,True,2,8,10,same_carrier_order_thinning,4,4
166,True,3,8,8,redundant,4,4
166,True,4,8,8,redundant,4,4
166,True,5,8,8,redundant,4,4
166,True,6,8,10,same_carrier_order_thinning,4,4
166,True,7,8,8,redundant,4,4
166,True,8,8,12,same_carrier_order_thinning,4,4
166,True,9,8,10,same_carrier_order_thinning,4,4
166,True,10,8,12,same_carrier_order_thinning,4,4
166,True,11,8,8,redundant,4,4
166,True,12,8,12,same_carrier_order_thinning,4,4
166,True,13,8,10,same_carrier_order_thinning,4,4
166,True,14,8,12,same_carrier_order_thinning,4,4
166,True,15,8,8,redundant,4,4
167,True,0,8,8,redundant,4,4
167,True,1,8,10,same_carrier_order_thinning,4,4
167,True,2,8,8,redundant,4,4
167,True,3,8,8,redundant,4,4
167,True,4,8,8,redundant,4,4
167,True,5,8,10,same_carrier_order_thinning,4,4
167,True,6,8,8,redundant,4,4
167,True,7,8,8,redundant,4,4
167,True,8,8,12,same_carrier_order_thinning,4,4
167,True,9,8,12,same_carrier_order_thinning,4,4
167,True,10,8,10,same_carrier_order_thinning,4,4
167,True,11,8,8,redundant,4,4
167,True,12,8,12,same_carrier_order_thinning,4,4
167,True,13,8,12,same_carrier_order_thinning,4,4
167,True,14,8,10,same_carrier_order_thinning,4,4
167,True,15,8,8,redundant,4,4
168,False,0,5,5,redundant,3,3
168,False,1,5,5,redundant,3,3
168,False,2,5,8,splits_indiscernibility_class,3,4
168,False,3,5,7,splits_indiscernibility_class,3,4
168,False,4,5,6,same_carrier_order_thinning,3,3
168,False,5,5,5,redundant,3,3
168,False,6,5,10,splits_indiscernibility_class,3,4
168,False,7,5,7,splits_indiscernibility_class,3,4
168,False,8,5,8,splits_indiscernibility_class,3,4
168,False,9,5,7,splits_indiscernibility_class,3,4
168,False,10,5,6,same_carrier_order_thinning,3,3
168,False,11,5,5,redundant,3,3
168,False,12,5,10,splits_indiscernibility_class,3,4
168,False,13,5,7,splits_indiscernibility_class,3,4
168,False,14,5,8,same_carrier_order_thinning,3,3
168,False,15,5,5,redundant,3,3
169,True,0,8,8,redundant,4,4
169,True,1,8,8,redundant,4,4
169,True,2,8,8,redundant,4,4
169,True,3,8,8,redundant,4,4
169,True,4,8,10,same_carrier_order_thinning,4,4
169,True,5,8,8,redundant,4,4
169,True,6,8,10,same_carrier_order_thinning,4,4
169,True,7,8,8,redundant,4,4
169,True,8,8,12,same_carrier_order_thinning,4,4
169,True,9,8,10,same_carrier_order_thinning,4,4
169,True,10,8,9,same_carrier_order_thinning,4,4
169,True,11,8,8,redundant,4,4
169,True,12,8,16,same_carrier_order_thinning,4,4
169,True,13,8,10,same_carrier_order_thinning,4,4
169,True,14,8,12,same_carrier_order_thinning,4,4
169,True,15,8,8,redundant,4,4
170,True,0,7,7,redundant,4,4
170,True,1,7,7,redundant,4,4
170,True,2,7,8,same_carrier_order_thinning,4,4
170,True,3,7,7,redundant,4,4
170,True,4,7,8,same_carrier_order_thinning,4,4
170,True,5,7,7,redundant,4,4
170,True,6,7,10,same_carrier_order_thinning,4,4
170,True,7,7,7,redundant,4,4
170,True,8,7,10,same_carrier_order_thinning,4,4
170,True,9,7,9,same_carrier_order_thinning,4,4
170,True,10,7,9,same_carrier_order_thinning,4,4
170,True,11,7,7,redundant,4,4
170,True,12,7,12,same_carrier_order_thinning,4,4
170,True,13,7,9,same_carrier_order_thinning,4,4
170,True,14,7,12,same_carrier_order_thinning,4,4
170,True,15,7,7,redundant,4,4
171,False,0,5,5,redundant,3,3
171,False,1,5,8,splits_indiscernibility_class,3,4
171,False,2,5,5,redundant,3,3
171,False,3,5,7,splits_indiscernibility_class,3,4
171,False,4,5,6,same_carrier_order_thinning,3,3
171,False,5,5,10,splits_indiscernibility_class,3,4
171,False,6,5,5,redundant,3,3
171,False,7,5,7,splits_indiscernibility_class,3,4
171,False,8,5,8,splits_indiscernibility_class,3,4
171,False,9,5,6,same_carrier_order_thinning,3,3
171,False,10,5,7,splits_indiscernibility_class,3,4
171,False,11,5,5,redundant,3,3
171,False,12,5,10,splits_indiscernibility_class,3,4
171,False,13,5,8,same_carrier_order_thinning,3,3
171,False,14,5,7,splits_indiscernibility_class,3,4
171,False,15,5,5,redundant,3,3
172,True,0,8,8,redundant,4,4
172,True,1,8,8,redundant,4,4
172,True,2,8,8,redundant,4,4
172,True,3,8,8,redundant,4,4
172,True,4,8,10,same_carrier_order_thinning,4,4
172,True,5,8,10,same_carrier_order_thinning,4,4
172,True,6,8,8,redundant,4,4
172,True,7,8,8,redundant,4,4
172,True,8,8,12,same_carrier_order_thinning,4,4
172,True,9,8,9,same_carrier_order_thinning,4,4
172,True,10,8,10,same_carrier_order_thinning,4,4
172,True,11,8,8,redundant,4,4
172,True,12,8,16,same_carrier_order_thinning,4,4
172,True,13,8,12,same_carrier_order_thinning,4,4
172,True,14,8,10,same_carrier_order_thinning,4,4
172,True,15,8,8,redundant,4,4
173,True,0,7,7,redundant,4,4
173,True,1,7,8,same_carrier_order_thinning,4,4
173,True,2,7,7,redundant,4,4
173,True,3,7,7,redundant,4,4
173,True,4,7,8,same_carrier_order_thinning,4,4
173,True,5,7,10,same_carrier_order_thinning,4,4
173,True,6,7,7,redundant,4,4
173,True,7,7,7,redundant,4,4
173,True,8,7,10,same_carrier_order_thinning,4,4
173,True,9,7,9,same_carrier_order_thinning,4,4
173,True,10,7,9,same_carrier_order_thinning,4,4
173,True,11,7,7,redundant,4,4
173,True,12,7,12,same_carrier_order_thinning,4,4
173,True,13,7,12,same_carrier_order_thinning,4,4
173,True,14,7,9,same_carrier_order_thinning,4,4
173,True,15,7,7,redundant,4,4
174,False,0,5,5,redundant,3,3
174,False,1,5,6,splits_indiscernibility_class,3,4
174,False,2,5,6,splits_indiscernibility_class,3,4
174,False,3,5,5,redundant,3,3
174,False,4,5,6,same_carrier_order_thinning,3,3
174,False,5,5,7,splits_indiscernibility_class,3,4
174,False,6,5,7,splits_indiscernibility_class,3,4
174,False,7,5,5,redundant,3,3
174,False,8,5,6,same_carrier_order_thinning,3,3
174,False,9,5,7,splits_indiscernibility_class,3,4
174,False,10,5,7,splits_indiscernibility_class,3,4
174,False,11,5,5,redundant,3,3
174,False,12,5,8,same_carrier_order_thinning,3,3
174,False,13,5,9,splits_indiscernibility_class,3,4
174,False,14,5,9,splits_indiscernibility_class,3,4
174,False,15,5,5,redundant,3,3
175,True,0,6,6,redundant,4,4
175,True,1,6,6,redundant,4,4
175,True,2,6,7,same_carrier_order_thinning,4,4
175,True,3,6,6,redundant,4,4
175,True,4,6,8,same_carrier_order_thinning,4,4
175,True,5,6,7,same_carrier_order_thinning,4,4
175,True,6,6,8,same_carrier_order_thinning,4,4
175,True,7,6,6,redundant,4,4
175,True,8,6,8,same_carrier_order_thinning,4,4
175,True,9,6,7,same_carrier_order_thinning,4,4
175,True,10,6,8,same_carrier_order_thinning,4,4
175,True,11,6,6,redundant,4,4
175,True,12,6,12,same_carrier_order_thinning,4,4
175,True,13,6,9,same_carrier_order_thinning,4,4
175,True,14,6,10,same_carrier_order_thinning,4,4
175,True,15,6,6,redundant,4,4
176,True,0,6,6,redundant,4,4
176,True,1,6,7,same_carrier_order_thinning,4,4
176,True,2,6,6,redundant,4,4
176,True,3,6,6,redundant,4,4
176,True,4,6,8,same_carrier_order_thinning,4,4
176,True,5,6,8,same_carrier_order_thinning,4,4
176,True,6,6,7,same_carrier_order_thinning,4,4
176,True,7,6,6,redundant,4,4
176,True,8,6,8,same_carrier_order_thinning,4,4
176,True,9,6,8,same_carrier_order_thinning,4,4
176,True,10,6,7,same_carrier_order_thinning,4,4
176,True,11,6,6,redundant,4,4
176,True,12,6,12,same_carrier_order_thinning,4,4
176,True,13,6,10,same_carrier_order_thinning,4,4
176,True,14,6,9,same_carrier_order_thinning,4,4
176,True,15,6,6,redundant,4,4
177,True,0,7,7,redundant,4,4
177,True,1,7,7,redundant,4,4
177,True,2,7,7,redundant,4,4
177,True,3,7,7,redundant,4,4
177,True,4,7,10,same_carrier_order_thinning,4,4
177,True,5,7,8,same_carrier_order_thinning,4,4
177,True,6,7,8,same_carrier_order_thinning,4,4
177,True,7,7,7,redundant,4,4
177,True,8,7,10,same_carrier_order_thinning,4,4
177,True,9,7,8,same_carrier_order_thinning,4,4
177,True,10,7,8,same_carrier_order_thinning,4,4
177,True,11,7,7,redundant,4,4
177,True,12,7,16,same_carrier_order_thinning,4,4
177,True,13,7,10,same_carrier_order_thinning,4,4
177,True,14,7,10,same_carrier_order_thinning,4,4
177,True,15,7,7,redundant,4,4
178,False,0,4,4,redundant,3,3
178,False,1,4,6,splits_indiscernibility_class,3,4
178,False,2,4,6,splits_indiscernibility_class,3,4
178,False,3,4,5,same_carrier_order_thinning,3,3
178,False,4,4,6,same_carrier_order_thinning,3,3
178,False,5,4,8,splits_indiscernibility_class,3,4
178,False,6,4,8,splits_indiscernibility_class,3,4
178,False,7,4,6,same_carrier_order_thinning,3,3
178,False,8,4,4,redundant,3,3
178,False,9,4,5,splits_indiscernibility_class,3,4
178,False,10,4,5,splits_indiscernibility_class,3,4
178,False,11,4,4,redundant,3,3
178,False,12,4,5,same_carrier_order_thinning,3,3
178,False,13,4,6,splits_indiscernibility_class,3,4
178,False,14,4,6,splits_indiscernibility_class,3,4
178,False,15,4,4,redundant,3,3
179,True,0,6,6,redundant,4,4
179,True,1,6,6,redundant,4,4
179,True,2,6,9,same_carrier_order_thinning,4,4
179,True,3,6,7,same_carrier_order_thinning,4,4
179,True,4,6,10,same_carrier_order_thinning,4,4
179,True,5,6,8,same_carrier_order_thinning,4,4
179,True,6,6,12,same_carrier_order_thinning,4,4
179,True,7,6,8,same_carrier_order_thinning,4,4
179,True,8,6,6,redundant,4,4
179,True,9,6,6,redundant,4,4
179,True,10,6,7,same_carrier_order_thinning,4,4
179,True,11,6,6,redundant,4,4
179,True,12,6,8,same_carrier_order_thinning,4,4
179,True,13,6,7,same_carrier_order_thinning,4,4
179,True,14,6,8,same_carrier_order_thinning,4,4
179,True,15,6,6,redundant,4,4
180,True,0,6,6,redundant,4,4
180,True,1,6,9,same_carrier_order_thinning,4,4
180,True,2,6,6,redundant,4,4
180,True,3,6,7,same_carrier_order_thinning,4,4
180,True,4,6,10,same_carrier_order_thinning,4,4
180,True,5,6,12,same_carrier_order_thinning,4,4
180,True,6,6,8,same_carrier_order_thinning,4,4
180,True,7,6,8,same_carrier_order_thinning,4,4
180,True,8,6,6,redundant,4,4
180,True,9,6,7,same_carrier_order_thinning,4,4
180,True,10,6,6,redundant,4,4
180,True,11,6,6,redundant,4,4
180,True,12,6,8,same_carrier_order_thinning,4,4
180,True,13,6,8,same_carrier_order_thinning,4,4
180,True,14,6,7,same_carrier_order_thinning,4,4
180,True,15,6,6,redundant,4,4
181,False,0,6,6,redundant,3,3
181,False,1,6,10,splits_indiscernibility_class,3,4
181,False,2,6,10,splits_indiscernibility_class,3,4
181,False,3,6,8,same_carrier_order_thinning,3,3
181,False,4,6,6,redundant,3,3
181,False,5,6,10,splits_indiscernibility_class,3,4
181,False,6,6,10,splits_indiscernibility_class,3,4
181,False,7,6,8,same_carrier_order_thinning,3,3
181,False,8,6,6,redundant,3,3
181,False,9,6,8,splits_indiscernibility_class,3,4
181,False,10,6,8,splits_indiscernibility_class,3,4
181,False,11,6,6,redundant,3,3
181,False,12,6,6,redundant,3,3
181,False,13,6,8,splits_indiscernibility_class,3,4
181,False,14,6,8,splits_indiscernibility_class,3,4
181,False,15,6,6,redundant,3,3
182,True,0,10,10,redundant,4,4
182,True,1,10,10,redundant,4,4
182,True,2,10,16,same_carrier_order_thinning,4,4
182,True,3,10,12,same_carrier_order_thinning,4,4
182,True,4,10,10,redundant,4,4
182,True,5,10,10,redundant,4,4
182,True,6,10,16,same_carrier_order_thinning,4,4
182,True,7,10,12,same_carrier_order_thinning,4,4
182,True,8,10,10,redundant,4,4
182,True,9,10,10,redundant,4,4
182,True,10,10,12,same_carrier_order_thinning,4,4
182,True,11,10,10,redundant,4,4
182,True,12,10,10,redundant,4,4
182,True,13,10,10,redundant,4,4
182,True,14,10,12,same_carrier_order_thinning,4,4
182,True,15,10,10,redundant,4,4
183,True,0,10,10,redundant,4,4
183,True,1,10,16,same_carrier_order_thinning,4,4
183,True,2,10,10,redundant,4,4
183,True,3,10,12,same_carrier_order_thinning,4,4
183,True,4,10,10,redundant,4,4
183,True,5,10,16,same_carrier_order_thinning,4,4
183,True,6,10,10,redundant,4,4
183,True,7,10,12,same_carrier_order_thinning,4,4
183,True,8,10,10,redundant,4,4
183,True,9,10,12,same_carrier_order_thinning,4,4
183,True,10,10,10,redundant,4,4
183,True,11,10,10,redundant,4,4
183,True,12,10,10,redundant,4,4
183,True,13,10,12,same_carrier_order_thinning,4,4
183,True,14,10,10,redundant,4,4
183,True,15,10,10,redundant,4,4
184,True,0,8,8,redundant,4,4
184,True,1,8,8,redundant,4,4
184,True,2,8,12,same_carrier_order_thinning,4,4
184,True,3,8,10,same_carrier_order_thinning,4,4
184,True,4,8,10,same_carrier_order_thinning,4,4
184,True,5,8,8,redundant,4,4
184,True,6,8,16,same_carrier_order_thinning,4,4
184,True,7,8,10,same_carrier_order_thinning,4,4
184,True,8,8,8,redundant,4,4
184,True,9,8,8,redundant,4,4
184,True,10,8,9,same_carrier_order_thinning,4,4
184,True,11,8,8,redundant,4,4
184,True,12,8,10,same_carrier_order_thinning,4,4
184,True,13,8,8,redundant,4,4
184,True,14,8,12,same_carrier_order_thinning,4,4
184,True,15,8,8,redundant,4,4
185,True,0,8,8,redundant,4,4
185,True,1,8,12,same_carrier_order_thinning,4,4
185,True,2,8,8,redundant,4,4
185,True,3,8,10,same_carrier_order_thinning,4,4
185,True,4,8,10,same_carrier_order_thinning,4,4
185,True,5,8,16,same_carrier_order_thinning,4,4
185,True,6,8,8,redundant,4,4
185,True,7,8,10,same_carrier_order_thinning,4,4
185,True,8,8,8,redundant,4,4
185,True,9,8,9,same_carrier_order_thinning,4,4
185,True,10,8,8,redundant,4,4
185,True,11,8,8,redundant,4,4
185,True,12,8,10,same_carrier_order_thinning,4,4
185,True,13,8,12,same_carrier_order_thinning,4,4
185,True,14,8,8,redundant,4,4
185,True,15,8,8,redundant,4,4
186,False,0,4,4,redundant,3,3
186,False,1,4,5,splits_indiscernibility_class,3,4
186,False,2,4,5,same_carrier_order_thinning,3,3
186,False,3,4,6,splits_indiscernibility_class,3,4
186,False,4,4,6,same_carrier_order_thinning,3,3
186,False,5,4,7,splits_indiscernibility_class,3,4
186,False,6,4,6,same_carrier_order_thinning,3,3
186,False,7,4,7,splits_indiscernibility_class,3,4
186,False,8,4,5,splits_indiscernibility_class,3,4
186,False,9,4,4,redundant,3,3
186,False,10,4,6,splits_indiscernibility_class,3,4
186,False,11,4,4,redundant,3,3
186,False,12,4,7,splits_indiscernibility_class,3,4
186,False,13,4,5,same_carrier_order_thinning,3,3
186,False,14,4,7,splits_indiscernibility_class,3,4
186,False,15,4,4,redundant,3,3
187,True,0,5,5,redundant,4,4
187,True,1,5,5,redundant,4,4
187,True,2,5,7,same_carrier_order_thinning,4,4
187,True,3,5,6,same_carrier_order_thinning,4,4
187,True,4,5,8,same_carrier_order_thinning,4,4
187,True,5,5,7,same_carrier_order_thinning,4,4
187,True,6,5,9,same_carrier_order_thinning,4,4
187,True,7,5,7,same_carrier_order_thinning,4,4
187,True,8,5,6,same_carrier_order_thinning,4,4
187,True,9,5,5,redundant,4,4
187,True,10,5,7,same_carrier_order_thinning,4,4
187,True,11,5,5,redundant,4,4
187,True,12,5,8,same_carrier_order_thinning,4,4
187,True,13,5,6,same_carrier_order_thinning,4,4
187,True,14,5,8,same_carrier_order_thinning,4,4
187,True,15,5,5,redundant,4,4
188,False,0,6,6,redundant,3,3
188,False,1,6,8,splits_indiscernibility_class,3,4
188,False,2,6,8,same_carrier_order_thinning,3,3
188,False,3,6,10,splits_indiscernibility_class,3,4
188,False,4,6,6,redundant,3,3
188,False,5,6,8,splits_indiscernibility_class,3,4
188,False,6,6,8,same_carrier_order_thinning,3,3
188,False,7,6,10,splits_indiscernibility_class,3,4
188,False,8,6,8,splits_indiscernibility_class,3,4
188,False,9,6,6,redundant,3,3
188,False,10,6,10,splits_indiscernibility_class,3,4
188,False,11,6,6,redundant,3,3
188,False,12,6,8,splits_indiscernibility_class,3,4
188,False,13,6,6,redundant,3,3
188,False,14,6,10,splits_indiscernibility_class,3,4
188,False,15,6,6,redundant,3,3
189,True,0,8,8,redundant,4,4
189,True,1,8,8,redundant,4,4
189,True,2,8,12,same_carrier_order_thinning,4,4
189,True,3,8,10,same_carrier_order_thinning,4,4
189,True,4,8,8,redundant,4,4
189,True,5,8,8,redundant,4,4
189,True,6,8,12,same_carrier_order_thinning,4,4
189,True,7,8,10,same_carrier_order_thinning,4,4
189,True,8,8,10,same_carrier_order_thinning,4,4
189,True,9,8,8,redundant,4,4
189,True,10,8,12,same_carrier_order_thinning,4,4
189,True,11,8,8,redundant,4,4
189,True,12,8,10,same_carrier_order_thinning,4,4
189,True,13,8,8,redundant,4,4
189,True,14,8,12,same_carrier_order_thinning,4,4
189,True,15,8,8,redundant,4,4
190,True,0,7,7,redundant,4,4
190,True,1,7,7,redundant,4,4
190,True,2,7,10,same_carrier_order_thinning,4,4
190,True,3,7,9,same_carrier_order_thinning,4,4
190,True,4,7,8,same_carrier_order_thinning,4,4
190,True,5,7,7,redundant,4,4
190,True,6,7,12,same_carrier_order_thinning,4,4
190,True,7,7,9,same_carrier_order_thinning,4,4
190,True,8,7,8,same_carrier_order_thinning,4,4
190,True,9,7,7,redundant,4,4
190,True,10,7,9,same_carrier_order_thinning,4,4
190,True,11,7,7,redundant,4,4
190,True,12,7,10,same_carrier_order_thinning,4,4
190,True,13,7,7,redundant,4,4
190,True,14,7,12,same_carrier_order_thinning,4,4
190,True,15,7,7,redundant,4,4
191,True,0,5,5,redundant,4,4
191,True,1,5,6,same_carrier_order_thinning,4,4
191,True,2,5,7,same_carrier_order_thinning,4,4
191,True,3,5,7,same_carrier_order_thinning,4,4
191,True,4,5,8,same_carrier_order_thinning,4,4
191,True,5,5,8,same_carrier_order_thinning,4,4
191,True,6,5,9,same_carrier_order_thinning,4,4
191,True,7,5,8,same_carrier_order_thinning,4,4
191,True,8,5,5,redundant,4,4
191,True,9,5,5,redundant,4,4
191,True,10,5,6,same_carrier_order_thinning,4,4
191,True,11,5,5,redundant,4,4
191,True,12,5,7,same_carrier_order_thinning,4,4
191,True,13,5,6,same_carrier_order_thinning,4,4
191,True,14,5,7,same_carrier_order_thinning,4,4
191,True,15,5,5,redundant,4,4
192,True,0,8,8,redundant,4,4
192,True,1,8,10,same_carrier_order_thinning,4,4
192,True,2,8,12,same_carrier_order_thinning,4,4
192,True,3,8,12,same_carrier_order_thinning,4,4
192,True,4,8,8,redundant,4,4
192,True,5,8,10,same_carrier_order_thinning,4,4
192,True,6,8,12,same_carrier_order_thinning,4,4
192,True,7,8,12,same_carrier_order_thinning,4,4
192,True,8,8,8,redundant,4,4
192,True,9,8,8,redundant,4,4
192,True,10,8,10,same_carrier_order_thinning,4,4
192,True,11,8,8,redundant,4,4
192,True,12,8,8,redundant,4,4
192,True,13,8,8,redundant,4,4
192,True,14,8,10,same_carrier_order_thinning,4,4
192,True,15,8,8,redundant,4,4
193,False,0,4,4,redundant,3,3
193,False,1,4,5,same_carrier_order_thinning,3,3
193,False,2,4,5,splits_indiscernibility_class,3,4
193,False,3,4,6,splits_indiscernibility_class,3,4
193,False,4,4,6,same_carrier_order_thinning,3,3
193,False,5,4,6,same_carrier_order_thinning,3,3
193,False,6,4,7,splits_indiscernibility_class,3,4
193,False,7,4,7,splits_indiscernibility_class,3,4
193,False,8,4,5,splits_indiscernibility_class,3,4
193,False,9,4,6,splits_indiscernibility_class,3,4
193,False,10,4,4,redundant,3,3
193,False,11,4,4,redundant,3,3
193,False,12,4,7,splits_indiscernibility_class,3,4
193,False,13,4,7,splits_indiscernibility_class,3,4
193,False,14,4,5,same_carrier_order_thinning,3,3
193,False,15,4,4,redundant,3,3
194,True,0,5,5,redundant,4,4
194,True,1,5,7,same_carrier_order_thinning,4,4
194,True,2,5,5,redundant,4,4
194,True,3,5,6,same_carrier_order_thinning,4,4
194,True,4,5,8,same_carrier_order_thinning,4,4
194,True,5,5,9,same_carrier_order_thinning,4,4
194,True,6,5,7,same_carrier_order_thinning,4,4
194,True,7,5,7,same_carrier_order_thinning,4,4
194,True,8,5,6,same_carrier_order_thinning,4,4
194,True,9,5,7,same_carrier_order_thinning,4,4
194,True,10,5,5,redundant,4,4
194,True,11,5,5,redundant,4,4
194,True,12,5,8,same_carrier_order_thinning,4,4
194,True,13,5,8,same_carrier_order_thinning,4,4
194,True,14,5,6,same_carrier_order_thinning,4,4
194,True,15,5,5,redundant,4,4
195,False,0,6,6,redundant,3,3
195,False,1,6,8,same_carrier_order_thinning,3,3
195,False,2,6,8,splits_indiscernibility_class,3,4
195,False,3,6,10,splits_indiscernibility_class,3,4
195,False,4,6,6,redundant,3,3
195,False,5,6,8,same_carrier_order_thinning,3,3
195,False,6,6,8,splits_indiscernibility_class,3,4
195,False,7,6,10,splits_indiscernibility_class,3,4
195,False,8,6,8,splits_indiscernibility_class,3,4
195,False,9,6,10,splits_indiscernibility_class,3,4
195,False,10,6,6,redundant,3,3
195,False,11,6,6,redundant,3,3
195,False,12,6,8,splits_indiscernibility_class,3,4
195,False,13,6,10,splits_indiscernibility_class,3,4
195,False,14,6,6,redundant,3,3
195,False,15,6,6,redundant,3,3
196,True,0,8,8,redundant,4,4
196,True,1,8,12,same_carrier_order_thinning,4,4
196,True,2,8,8,redundant,4,4
196,True,3,8,10,same_carrier_order_thinning,4,4
196,True,4,8,8,redundant,4,4
196,True,5,8,12,same_carrier_order_thinning,4,4
196,True,6,8,8,redundant,4,4
196,True,7,8,10,same_carrier_order_thinning,4,4
196,True,8,8,10,same_carrier_order_thinning,4,4
196,True,9,8,12,same_carrier_order_thinning,4,4
196,True,10,8,8,redundant,4,4
196,True,11,8,8,redundant,4,4
196,True,12,8,10,same_carrier_order_thinning,4,4
196,True,13,8,12,same_carrier_order_thinning,4,4
196,True,14,8,8,redundant,4,4
196,True,15,8,8,redundant,4,4
197,True,0,7,7,redundant,4,4
197,True,1,7,10,same_carrier_order_thinning,4,4
197,True,2,7,7,redundant,4,4
197,True,3,7,9,same_carrier_order_thinning,4,4
197,True,4,7,8,same_carrier_order_thinning,4,4
197,True,5,7,12,same_carrier_order_thinning,4,4
197,True,6,7,7,redundant,4,4
197,True,7,7,9,same_carrier_order_thinning,4,4
197,True,8,7,8,same_carrier_order_thinning,4,4
197,True,9,7,9,same_carrier_order_thinning,4,4
197,True,10,7,7,redundant,4,4
197,True,11,7,7,redundant,4,4
197,True,12,7,10,same_carrier_order_thinning,4,4
197,True,13,7,12,same_carrier_order_thinning,4,4
197,True,14,7,7,redundant,4,4
197,True,15,7,7,redundant,4,4
198,True,0,5,5,redundant,4,4
198,True,1,5,7,same_carrier_order_thinning,4,4
198,True,2,5,6,same_carrier_order_thinning,4,4
198,True,3,5,7,same_carrier_order_thinning,4,4
198,True,4,5,8,same_carrier_order_thinning,4,4
198,True,5,5,9,same_carrier_order_thinning,4,4
198,True,6,5,8,same_carrier_order_thinning,4,4
198,True,7,5,8,same_carrier_order_thinning,4,4
198,True,8,5,5,redundant,4,4
198,True,9,5,6,same_carrier_order_thinning,4,4
198,True,10,5,5,redundant,4,4
198,True,11,5,5,redundant,4,4
198,True,12,5,7,same_carrier_order_thinning,4,4
198,True,13,5,7,same_carrier_order_thinning,4,4
198,True,14,5,6,same_carrier_order_thinning,4,4
198,True,15,5,5,redundant,4,4
199,True,0,8,8,redundant,4,4
199,True,1,8,12,same_carrier_order_thinning,4,4
199,True,2,8,10,same_carrier_order_thinning,4,4
199,True,3,8,12,same_carrier_order_thinning,4,4
199,True,4,8,8,redundant,4,4
199,True,5,8,12,same_carrier_order_thinning,4,4
199,True,6,8,10,same_carrier_order_thinning,4,4
199,True,7,8,12,same_carrier_order_thinning,4,4
199,True,8,8,8,redundant,4,4
199,True,9,8,10,same_carrier_order_thinning,4,4
199,True,10,8,8,redundant,4,4
199,True,11,8,8,redundant,4,4
199,True,12,8,8,redundant,4,4
199,True,13,8,10,same_carrier_order_thinning,4,4
199,True,14,8,8,redundant,4,4
199,True,15,8,8,redundant,4,4
200,False,0,3,3,redundant,2,2
200,False,1,3,5,splits_indiscernibility_class,2,3
200,False,2,3,5,splits_indiscernibility_class,2,3
200,False,3,3,4,same_carrier_order_thinning,2,2
200,False,4,3,4,splits_indiscernibility_class,2,3
200,False,5,3,6,splits_indiscernibility_class,2,4
200,False,6,3,6,splits_indiscernibility_class,2,4
200,False,7,3,5,splits_indiscernibility_class,2,3
200,False,8,3,4,splits_indiscernibility_class,2,3
200,False,9,3,6,splits_indiscernibility_class,2,4
200,False,10,3,6,splits_indiscernibility_class,2,4
200,False,11,3,5,splits_indiscernibility_class,2,3
200,False,12,3,3,redundant,2,2
200,False,13,3,4,splits_indiscernibility_class,2,3
200,False,14,3,4,splits_indiscernibility_class,2,3
200,False,15,3,3,redundant,2,2
201,False,0,5,5,redundant,3,3
201,False,1,5,5,redundant,3,3
201,False,2,5,8,same_carrier_order_thinning,3,3
201,False,3,5,6,same_carrier_order_thinning,3,3
201,False,4,5,7,splits_indiscernibility_class,3,4
201,False,5,5,7,splits_indiscernibility_class,3,4
201,False,6,5,10,splits_indiscernibility_class,3,4
201,False,7,5,8,splits_indiscernibility_class,3,4
201,False,8,5,7,splits_indiscernibility_class,3,4
201,False,9,5,7,splits_indiscernibility_class,3,4
201,False,10,5,10,splits_indiscernibility_class,3,4
201,False,11,5,8,splits_indiscernibility_class,3,4
201,False,12,5,5,redundant,3,3
201,False,13,5,5,redundant,3,3
201,False,14,5,6,same_carrier_order_thinning,3,3
201,False,15,5,5,redundant,3,3
202,False,0,5,5,redundant,3,3
202,False,1,5,8,same_carrier_order_thinning,3,3
202,False,2,5,5,redundant,3,3
202,False,3,5,6,same_carrier_order_thinning,3,3
202,False,4,5,7,splits_indiscernibility_class,3,4
202,False,5,5,10,splits_indiscernibility_class,3,4
202,False,6,5,7,splits_indiscernibility_class,3,4
202,False,7,5,8,splits_indiscernibility_class,3,4
202,False,8,5,7,splits_indiscernibility_class,3,4
202,False,9,5,10,splits_indiscernibility_class,3,4
202,False,10,5,7,splits_indiscernibility_class,3,4
202,False,11,5,8,splits_indiscernibility_class,3,4
202,False,12,5,5,redundant,3,3
202,False,13,5,6,same_carrier_order_thinning,3,3
202,False,14,5,5,redundant,3,3
202,False,15,5,5,redundant,3,3
203,False,0,8,8,redundant,3,3
203,False,1,8,8,redundant,3,3
203,False,2,8,8,redundant,3,3
203,False,3,8,8,redundant,3,3
203,False,4,8,12,splits_indiscernibility_class,3,4
203,False,5,8,12,splits_indiscernibility_class,3,4
203,False,6,8,12,splits_indiscernibility_class,3,4
203,False,7,8,12,splits_indiscernibility_class,3,4
203,False,8,8,12,splits_indiscernibility_class,3,4
203,False,9,8,12,splits_indiscernibility_class,3,4
203,False,10,8,12,splits_indiscernibility_class,3,4
203,False,11,8,12,splits_indiscernibility_class,3,4
203,False,12,8,8,redundant,3,3
203,False,13,8,8,redundant,3,3
203,False,14,8,8,redundant,3,3
203,False,15,8,8,redundant,3,3
204,False,0,4,4,redundant,2,2
204,False,1,4,6,splits_indiscernibility_class,2,3
204,False,2,4,6,splits_indiscernibility_class,2,3
204,False,3,4,4,redundant,2,2
204,False,4,4,6,splits_indiscernibility_class,2,3
204,False,5,4,9,splits_indiscernibility_class,2,4
204,False,6,4,9,splits_indiscernibility_class,2,4
204,False,7,4,6,splits_indiscernibility_class,2,3
204,False,8,4,6,splits_indiscernibility_class,2,3
204,False,9,4,9,splits_indiscernibility_class,2,4
204,False,10,4,9,splits_indiscernibility_class,2,4
204,False,11,4,6,splits_indiscernibility_class,2,3
204,False,12,4,4,redundant,2,2
204,False,13,4,6,splits_indiscernibility_class,2,3
204,False,14,4,6,splits_indiscernibility_class,2,3
204,False,15,4,4,redundant,2,2
205,False,0,6,6,redundant,3,3
205,False,1,6,6,redundant,3,3
205,False,2,6,8,same_carrier_order_thinning,3,3
205,False,3,6,6,redundant,3,3
205,False,4,6,9,splits_indiscernibility_class,3,4
205,False,5,6,9,splits_indiscernibility_class,3,4
205,False,6,6,12,splits_indiscernibility_class,3,4
205,False,7,6,9,splits_indiscernibility_class,3,4
205,False,8,6,9,splits_indiscernibility_class,3,4
205,False,9,6,9,splits_indiscernibility_class,3,4
205,False,10,6,12,splits_indiscernibility_class,3,4
205,False,11,6,9,splits_indiscernibility_class,3,4
205,False,12,6,6,redundant,3,3
205,False,13,6,6,redundant,3,3
205,False,14,6,8,same_carrier_order_thinning,3,3
205,False,15,6,6,redundant,3,3
206,False,0,6,6,redundant,3,3
206,False,1,6,8,same_carrier_order_thinning,3,3
206,False,2,6,6,redundant,3,3
206,False,3,6,6,redundant,3,3
206,False,4,6,9,splits_indiscernibility_class,3,4
206,False,5,6,12,splits_indiscernibility_class,3,4
206,False,6,6,9,splits_indiscernibility_class,3,4
206,False,7,6,9,splits_indiscernibility_class,3,4
206,False,8,6,9,splits_indiscernibility_class,3,4
206,False,9,6,12,splits_indiscernibility_class,3,4
206,False,10,6,9,splits_indiscernibility_class,3,4
206,False,11,6,9,splits_indiscernibility_class,3,4
206,False,12,6,6,redundant,3,3
206,False,13,6,8,same_carrier_order_thinning,3,3
206,False,14,6,6,redundant,3,3
206,False,15,6,6,redundant,3,3
207,False,0,4,4,redundant,3,3
207,False,1,4,7,splits_indiscernibility_class,3,4
207,False,2,4,7,splits_indiscernibility_class,3,4
207,False,3,4,6,same_carrier_order_thinning,3,3
207,False,4,4,4,redundant,3,3
207,False,5,4,6,splits_indiscernibility_class,3,4
207,False,6,4,6,splits_indiscernibility_class,3,4
207,False,7,4,5,same_carrier_order_thinning,3,3
207,False,8,4,5,same_carrier_order_thinning,3,3
207,False,9,4,7,splits_indiscernibility_class,3,4
207,False,10,4,7,splits_indiscernibility_class,3,4
207,False,11,4,6,same_carrier_order_thinning,3,3
207,False,12,4,4,redundant,3,3
207,False,13,4,5,splits_indiscernibility_class,3,4
207,False,14,4,5,splits_indiscernibility_class,3,4
207,False,15,4,4,redundant,3,3
208,True,0,7,7,redundant,4,4
208,True,1,7,7,redundant,4,4
208,True,2,7,12,same_carrier_order_thinning,4,4
208,True,3,7,9,same_carrier_order_thinning,4,4
208,True,4,7,7,redundant,4,4
208,True,5,7,7,redundant,4,4
208,True,6,7,10,same_carrier_order_thinning,4,4
208,True,7,7,8,same_carrier_order_thinning,4,4
208,True,8,7,9,same_carrier_order_thinning,4,4
208,True,9,7,9,same_carrier_order_thinning,4,4
208,True,10,7,12,same_carrier_order_thinning,4,4
208,True,11,7,10,same_carrier_order_thinning,4,4
208,True,12,7,7,redundant,4,4
208,True,13,7,7,redundant,4,4
208,True,14,7,8,same_carrier_order_thinning,4,4
208,True,15,7,7,redundant,4,4
209,True,0,7,7,redundant,4,4
209,True,1,7,12,same_carrier_order_thinning,4,4
209,True,2,7,7,redundant,4,4
209,True,3,7,9,same_carrier_order_thinning,4,4
209,True,4,7,7,redundant,4,4
209,True,5,7,10,same_carrier_order_thinning,4,4
209,True,6,7,7,redundant,4,4
209,True,7,7,8,same_carrier_order_thinning,4,4
209,True,8,7,9,same_carrier_order_thinning,4,4
209,True,9,7,12,same_carrier_order_thinning,4,4
209,True,10,7,9,same_carrier_order_thinning,4,4
209,True,11,7,10,same_carrier_order_thinning,4,4
209,True,12,7,7,redundant,4,4
209,True,13,7,8,same_carrier_order_thinning,4,4
209,True,14,7,7,redundant,4,4
209,True,15,7,7,redundant,4,4
210,True,0,12,12,redundant,4,4
210,True,1,12,12,redundant,4,4
210,True,2,12,12,redundant,4,4
210,True,3,12,12,redundant,4,4
210,True,4,12,12,redundant,4,4
210,True,5,12,12,redundant,4,4
210,True,6,12,12,redundant,4,4
210,True,7,12,12,redundant,4,4
210,True,8,12,16,same_carrier_order_thinning,4,4
210,True,9,12,16,same_carrier_order_thinning,4,4
210,True,10,12,16,same_carrier_order_thinning,4,4
210,True,11,12,16,same_carrier_order_thinning,4,4
210,True,12,12,12,redundant,4,4
210,True,13,12,12,redundant,4,4
210,True,14,12,12,redundant,4,4
210,True,15,12,12,redundant,4,4
211,False,0,6,6,redundant,3,3
211,False,1,6,9,splits_indiscernibility_class,3,4
211,False,2,6,9,splits_indiscernibility_class,3,4
211,False,3,6,6,redundant,3,3
211,False,4,6,6,redundant,3,3
211,False,5,6,9,splits_indiscernibility_class,3,4
211,False,6,6,9,splits_indiscernibility_class,3,4
211,False,7,6,6,redundant,3,3
211,False,8,6,8,same_carrier_order_thinning,3,3
211,False,9,6,12,splits_indiscernibility_class,3,4
211,False,10,6,12,splits_indiscernibility_class,3,4
211,False,11,6,8,same_carrier_order_thinning,3,3
211,False,12,6,6,redundant,3,3
211,False,13,6,9,splits_indiscernibility_class,3,4
211,False,14,6,9,splits_indiscernibility_class,3,4
211,False,15,6,6,redundant,3,3
212,True,0,9,9,redundant,4,4
212,True,1,9,9,redundant,4,4
212,True,2,9,12,same_carrier_order_thinning,4,4
212,True,3,9,9,redundant,4,4
212,True,4,9,9,redundant,4,4
212,True,5,9,9,redundant,4,4
212,True,6,9,12,same_carrier_order_thinning,4,4
212,True,7,9,9,redundant,4,4
212,True,8,9,12,same_carrier_order_thinning,4,4
212,True,9,9,12,same_carrier_order_thinning,4,4
212,True,10,9,16,same_carrier_order_thinning,4,4
212,True,11,9,12,same_carrier_order_thinning,4,4
212,True,12,9,9,redundant,4,4
212,True,13,9,9,redundant,4,4
212,True,14,9,12,same_carrier_order_thinning,4,4
212,True,15,9,9,redundant,4,4
213,True,0,9,9,redundant,4,4
213,True,1,9,12,same_carrier_order_thinning,4,4
213,True,2,9,9,redundant,4,4
213,True,3,9,9,redundant,4,4
213,True,4,9,9,redundant,4,4
213,True,5,9,12,same_carrier_order_thinning,4,4
213,True,6,9,9,redundant,4,4
213,True,7,9,9,redundant,4,4
213,True,8,9,12,same_carrier_order_thinning,4,4
213,True,9,9,16,same_carrier_order_thinning,4,4
213,True,10,9,12,same_carrier_order_thinning,4,4
213,True,11,9,12,same_carrier_order_thinning,4,4
213,True,12,9,9,redundant,4,4
213,True,13,9,12,same_carrier_order_thinning,4,4
213,True,14,9,9,redundant,4,4
213,True,15,9,9,redundant,4,4
214,True,0,6,6,redundant,4,4
214,True,1,6,7,same_carrier_order_thinning,4,4
214,True,2,6,10,same_carrier_order_thinning,4,4
214,True,3,6,9,same_carrier_order_thinning,4,4
214,True,4,6,6,redundant,4,4
214,True,5,6,6,redundant,4,4
214,True,6,6,9,same_carrier_order_thinning,4,4
214,True,7,6,7,same_carrier_order_thinning,4,4
214,True,8,6,7,same_carrier_order_thinning,4,4
214,True,9,6,9,same_carrier_order_thinning,4,4
214,True,10,6,9,same_carrier_order_thinning,4,4
214,True,11,6,10,same_carrier_order_thinning,4,4
214,True,12,6,6,redundant,4,4
214,True,13,6,6,redundant,4,4
214,True,14,6,7,same_carrier_order_thinning,4,4
214,True,15,6,6,redundant,4,4
215,True,0,10,10,redundant,4,4
215,True,1,10,12,same_carrier_order_thinning,4,4
215,True,2,10,10,redundant,4,4
215,True,3,10,12,same_carrier_order_thinning,4,4
215,True,4,10,10,redundant,4,4
215,True,5,10,10,redundant,4,4
215,True,6,10,10,redundant,4,4
215,True,7,10,10,redundant,4,4
215,True,8,10,12,same_carrier_order_thinning,4,4
215,True,9,10,16,same_carrier_order_thinning,4,4
215,True,10,10,12,same_carrier_order_thinning,4,4
215,True,11,10,16,same_carrier_order_thinning,4,4
215,True,12,10,10,redundant,4,4
215,True,13,10,10,redundant,4,4
215,True,14,10,10,redundant,4,4
215,True,15,10,10,redundant,4,4
216,True,0,6,6,redundant,4,4
216,True,1,6,10,same_carrier_order_thinning,4,4
216,True,2,6,7,same_carrier_order_thinning,4,4
216,True,3,6,9,same_carrier_order_thinning,4,4
216,True,4,6,6,redundant,4,4
216,True,5,6,9,same_carrier_order_thinning,4,4
216,True,6,6,6,redundant,4,4
216,True,7,6,7,same_carrier_order_thinning,4,4
216,True,8,6,7,same_carrier_order_thinning,4,4
216,True,9,6,9,same_carrier_order_thinning,4,4
216,True,10,6,9,same_carrier_order_thinning,4,4
216,True,11,6,10,same_carrier_order_thinning,4,4
216,True,12,6,6,redundant,4,4
216,True,13,6,7,same_carrier_order_thinning,4,4
216,True,14,6,6,redundant,4,4
216,True,15,6,6,redundant,4,4
217,True,0,10,10,redundant,4,4
217,True,1,10,10,redundant,4,4
217,True,2,10,12,same_carrier_order_thinning,4,4
217,True,3,10,12,same_carrier_order_thinning,4,4
217,True,4,10,10,redundant,4,4
217,True,5,10,10,redundant,4,4
217,True,6,10,10,redundant,4,4
217,True,7,10,10,redundant,4,4
217,True,8,10,12,same_carrier_order_thinning,4,4
217,True,9,10,12,same_carrier_order_thinning,4,4
217,True,10,10,16,same_carrier_order_thinning,4,4
217,True,11,10,16,same_carrier_order_thinning,4,4
217,True,12,10,10,redundant,4,4
217,True,13,10,10,redundant,4,4
217,True,14,10,10,redundant,4,4
217,True,15,10,10,redundant,4,4
218,True,0,9,9,redundant,4,4
218,True,1,9,10,same_carrier_order_thinning,4,4
218,True,2,9,10,same_carrier_order_thinning,4,4
218,True,3,9,12,same_carrier_order_thinning,4,4
218,True,4,9,9,redundant,4,4
218,True,5,9,9,redundant,4,4
218,True,6,9,9,redundant,4,4
218,True,7,9,9,redundant,4,4
218,True,8,9,10,same_carrier_order_thinning,4,4
218,True,9,9,12,same_carrier_order_thinning,4,4
218,True,10,9,12,same_carrier_order_thinning,4,4
218,True,11,9,16,same_carrier_order_thinning,4,4
218,True,12,9,9,redundant,4,4
218,True,13,9,9,redundant,4,4
218,True,14,9,9,redundant,4,4
218,True,15,9,9,redundant,4,4
219,False,0,5,5,redundant,3,3
219,False,1,5,8,splits_indiscernibility_class,3,4
219,False,2,5,8,splits_indiscernibility_class,3,4
219,False,3,5,6,same_carrier_order_thinning,3,3
219,False,4,5,5,redundant,3,3
219,False,5,5,7,splits_indiscernibility_class,3,4
219,False,6,5,7,splits_indiscernibility_class,3,4
219,False,7,5,5,redundant,3,3
219,False,8,5,6,same_carrier_order_thinning,3,3
219,False,9,5,10,splits_indiscernibility_class,3,4
219,False,10,5,10,splits_indiscernibility_class,3,4
219,False,11,5,8,same_carrier_order_thinning,3,3
219,False,12,5,5,redundant,3,3
219,False,13,5,7,splits_indiscernibility_class,3,4
219,False,14,5,7,splits_indiscernibility_class,3,4
219,False,15,5,5,redundant,3,3
220,True,0,8,8,redundant,4,4
220,True,1,8,8,redundant,4,4
220,True,2,8,12,same_carrier_order_thinning,4,4
220,True,3,8,9,same_carrier_order_thinning,4,4
220,True,4,8,8,redundant,4,4
220,True,5,8,8,redundant,4,4
220,True,6,8,10,same_carrier_order_thinning,4,4
220,True,7,8,8,redundant,4,4
220,True,8,8,10,same_carrier_order_thinning,4,4
220,True,9,8,10,same_carrier_order_thinning,4,4
220,True,10,8,16,same_carrier_order_thinning,4,4
220,True,11,8,12,same_carrier_order_thinning,4,4
220,True,12,8,8,redundant,4,4
220,True,13,8,8,redundant,4,4
220,True,14,8,10,same_carrier_order_thinning,4,4
220,True,15,8,8,redundant,4,4
221,True,0,8,8,redundant,4,4
221,True,1,8,12,same_carrier_order_thinning,4,4
221,True,2,8,8,redundant,4,4
221,True,3,8,9,same_carrier_order_thinning,4,4
221,True,4,8,8,redundant,4,4
221,True,5,8,10,same_carrier_order_thinning,4,4
221,True,6,8,8,redundant,4,4
221,True,7,8,8,redundant,4,4
221,True,8,8,10,same_carrier_order_thinning,4,4
221,True,9,8,16,same_carrier_order_thinning,4,4
221,True,10,8,10,same_carrier_order_thinning,4,4
221,True,11,8,12,same_carrier_order_thinning,4,4
221,True,12,8,8,redundant,4,4
221,True,13,8,10,same_carrier_order_thinning,4,4
221,True,14,8,8,redundant,4,4
221,True,15,8,8,redundant,4,4
222,True,0,7,7,redundant,4,4
222,True,1,7,8,same_carrier_order_thinning,4,4
222,True,2,7,10,same_carrier_order_thinning,4,4
222,True,3,7,9,same_carrier_order_thinning,4,4
222,True,4,7,7,redundant,4,4
222,True,5,7,7,redundant,4,4
222,True,6,7,9,same_carrier_order_thinning,4,4
222,True,7,7,7,redundant,4,4
222,True,8,7,8,same_carrier_order_thinning,4,4
222,True,9,7,10,same_carrier_order_thinning,4,4
222,True,10,7,12,same_carrier_order_thinning,4,4
222,True,11,7,12,same_carrier_order_thinning,4,4
222,True,12,7,7,redundant,4,4
222,True,13,7,7,redundant,4,4
222,True,14,7,9,same_carrier_order_thinning,4,4
222,True,15,7,7,redundant,4,4
223,True,0,7,7,redundant,4,4
223,True,1,7,10,same_carrier_order_thinning,4,4
223,True,2,7,8,same_carrier_order_thinning,4,4
223,True,3,7,9,same_carrier_order_thinning,4,4
223,True,4,7,7,redundant,4,4
223,True,5,7,9,same_carrier_order_thinning,4,4
223,True,6,7,7,redundant,4,4
223,True,7,7,7,redundant,4,4
223,True,8,7,8,same_carrier_order_thinning,4,4
223,True,9,7,12,same_carrier_order_thinning,4,4
223,True,10,7,10,same_carrier_order_thinning,4,4
223,True,11,7,12,same_carrier_order_thinning,4,4
223,True,12,7,7,redundant,4,4
223,True,13,7,9,same_carrier_order_thinning,4,4
223,True,14,7,7,redundant,4,4
223,True,15,7,7,redundant,4,4
224,False,0,4,4,redundant,3,3
224,False,1,4,7,splits_indiscernibility_class,3,4
224,False,2,4,7,splits_indiscernibility_class,3,4
224,False,3,4,6,same_carrier_order_thinning,3,3
224,False,4,4,5,same_carrier_order_thinning,3,3
224,False,5,4,7,splits_indiscernibility_class,3,4
224,False,6,4,7,splits_indiscernibility_class,3,4
224,False,7,4,6,same_carrier_order_thinning,3,3
224,False,8,4,4,redundant,3,3
224,False,9,4,6,splits_indiscernibility_class,3,4
224,False,10,4,6,splits_indiscernibility_class,3,4
224,False,11,4,5,same_carrier_order_thinning,3,3
224,False,12,4,4,redundant,3,3
224,False,13,4,5,splits_indiscernibility_class,3,4
224,False,14,4,5,splits_indiscernibility_class,3,4
224,False,15,4,4,redundant,3,3
225,True,0,7,7,redundant,4,4
225,True,1,7,7,redundant,4,4
225,True,2,7,12,same_carrier_order_thinning,4,4
225,True,3,7,9,same_carrier_order_thinning,4,4
225,True,4,7,9,same_carrier_order_thinning,4,4
225,True,5,7,9,same_carrier_order_thinning,4,4
225,True,6,7,12,same_carrier_order_thinning,4,4
225,True,7,7,10,same_carrier_order_thinning,4,4
225,True,8,7,7,redundant,4,4
225,True,9,7,7,redundant,4,4
225,True,10,7,10,same_carrier_order_thinning,4,4
225,True,11,7,8,same_carrier_order_thinning,4,4
225,True,12,7,7,redundant,4,4
225,True,13,7,7,redundant,4,4
225,True,14,7,8,same_carrier_order_thinning,4,4
225,True,15,7,7,redundant,4,4
226,True,0,7,7,redundant,4,4
226,True,1,7,12,same_carrier_order_thinning,4,4
226,True,2,7,7,redundant,4,4
226,True,3,7,9,same_carrier_order_thinning,4,4
226,True,4,7,9,same_carrier_order_thinning,4,4
226,True,5,7,12,same_carrier_order_thinning,4,4
226,True,6,7,9,same_carrier_order_thinning,4,4
226,True,7,7,10,same_carrier_order_thinning,4,4
226,True,8,7,7,redundant,4,4
226,True,9,7,10,same_carrier_order_thinning,4,4
226,True,10,7,7,redundant,4,4
226,True,11,7,8,same_carrier_order_thinning,4,4
226,True,12,7,7,redundant,4,4
226,True,13,7,8,same_carrier_order_thinning,4,4
226,True,14,7,7,redundant,4,4
226,True,15,7,7,redundant,4,4
227,True,0,12,12,redundant,4,4
227,True,1,12,12,redundant,4,4
227,True,2,12,12,redundant,4,4
227,True,3,12,12,redundant,4,4
227,True,4,12,16,same_carrier_order_thinning,4,4
227,True,5,12,16,same_carrier_order_thinning,4,4
227,True,6,12,16,same_carrier_order_thinning,4,4
227,True,7,12,16,same_carrier_order_thinning,4,4
227,True,8,12,12,redundant,4,4
227,True,9,12,12,redundant,4,4
227,True,10,12,12,redundant,4,4
227,True,11,12,12,redundant,4,4
227,True,12,12,12,redundant,4,4
227,True,13,12,12,redundant,4,4
227,True,14,12,12,redundant,4,4
227,True,15,12,12,redundant,4,4
228,False,0,6,6,redundant,3,3
228,False,1,6,9,splits_indiscernibility_class,3,4
228,False,2,6,9,splits_indiscernibility_class,3,4
228,False,3,6,6,redundant,3,3
228,False,4,6,8,same_carrier_order_thinning,3,3
228,False,5,6,12,splits_indiscernibility_class,3,4
228,False,6,6,12,splits_indiscernibility_class,3,4
228,False,7,6,8,same_carrier_order_thinning,3,3
228,False,8,6,6,redundant,3,3
228,False,9,6,9,splits_indiscernibility_class,3,4
228,False,10,6,9,splits_indiscernibility_class,3,4
228,False,11,6,6,redundant,3,3
228,False,12,6,6,redundant,3,3
228,False,13,6,9,splits_indiscernibility_class,3,4
228,False,14,6,9,splits_indiscernibility_class,3,4
228,False,15,6,6,redundant,3,3
229,True,0,9,9,redundant,4,4
229,True,1,9,9,redundant,4,4
229,True,2,9,12,same_carrier_order_thinning,4,4
229,True,3,9,9,redundant,4,4
229,True,4,9,12,same_carrier_order_thinning,4,4
229,True,5,9,12,same_carrier_order_thinning,4,4
229,True,6,9,16,same_carrier_order_thinning,4,4
229,True,7,9,12,same_carrier_order_thinning,4,4
229,True,8,9,9,redundant,4,4
229,True,9,9,9,redundant,4,4
229,True,10,9,12,same_carrier_order_thinning,4,4
229,True,11,9,9,redundant,4,4
229,True,12,9,9,redundant,4,4
229,True,13,9,9,redundant,4,4
229,True,14,9,12,same_carrier_order_thinning,4,4
229,True,15,9,9,redundant,4,4
230,True,0,9,9,redundant,4,4
230,True,1,9,12,same_carrier_order_thinning,4,4
230,True,2,9,9,redundant,4,4
230,True,3,9,9,redundant,4,4
230,True,4,9,12,same_carrier_order_thinning,4,4
230,True,5,9,16,same_carrier_order_thinning,4,4
230,True,6,9,12,same_carrier_order_thinning,4,4
230,True,7,9,12,same_carrier_order_thinning,4,4
230,True,8,9,9,redundant,4,4
230,True,9,9,12,same_carrier_order_thinning,4,4
230,True,10,9,9,redundant,4,4
230,True,11,9,9,redundant,4,4
230,True,12,9,9,redundant,4,4
230,True,13,9,12,same_carrier_order_thinning,4,4
230,True,14,9,9,redundant,4,4
230,True,15,9,9,redundant,4,4
231,True,0,6,6,redundant,4,4
231,True,1,6,7,same_carrier_order_thinning,4,4
231,True,2,6,10,same_carrier_order_thinning,4,4
231,True,3,6,9,same_carrier_order_thinning,4,4
231,True,4,6,7,same_carrier_order_thinning,4,4
231,True,5,6,9,same_carrier_order_thinning,4,4
231,True,6,6,9,same_carrier_order_thinning,4,4
231,True,7,6,10,same_carrier_order_thinning,4,4
231,True,8,6,6,redundant,4,4
231,True,9,6,6,redundant,4,4
231,True,10,6,9,same_carrier_order_thinning,4,4
231,True,11,6,7,same_carrier_order_thinning,4,4
231,True,12,6,6,redundant,4,4
231,True,13,6,6,redundant,4,4
231,True,14,6,7,same_carrier_order_thinning,4,4
231,True,15,6,6,redundant,4,4
232,True,0,10,10,redundant,4,4
232,True,1,10,12,same_carrier_order_thinning,4,4
232,True,2,10,10,redundant,4,4
232,True,3,10,12,same_carrier_order_thinning,4,4
232,True,4,10,12,same_carrier_order_thinning,4,4
232,True,5,10,16,same_carrier_order_thinning,4,4
232,True,6,10,12,same_carrier_order_thinning,4,4
232,True,7,10,16,same_carrier_order_thinning,4,4
232,True,8,10,10,redundant,4,4
232,True,9,10,10,redundant,4,4
232,True,10,10,10,redundant,4,4
232,True,11,10,10,redundant,4,4
232,True,12,10,10,redundant,4,4
232,True,13,10,10,redundant,4,4
232,True,14,10,10,redundant,4,4
232,True,15,10,10,redundant,4,4
233,True,0,6,6,redundant,4,4
233,True,1,6,10,same_carrier_order_thinning,4,4
233,True,2,6,7,same_carrier_order_thinning,4,4
233,True,3,6,9,same_carrier_order_thinning,4,4
233,True,4,6,7,same_carrier_order_thinning,4,4
233,True,5,6,9,same_carrier_order_thinning,4,4
233,True,6,6,9,same_carrier_order_thinning,4,4
233,True,7,6,10,same_carrier_order_thinning,4,4
233,True,8,6,6,redundant,4,4
233,True,9,6,9,same_carrier_order_thinning,4,4
233,True,10,6,6,redundant,4,4
233,True,11,6,7,same_carrier_order_thinning,4,4
233,True,12,6,6,redundant,4,4
233,True,13,6,7,same_carrier_order_thinning,4,4
233,True,14,6,6,redundant,4,4
233,True,15,6,6,redundant,4,4
234,True,0,10,10,redundant,4,4
234,True,1,10,10,redundant,4,4
234,True,2,10,12,same_carrier_order_thinning,4,4
234,True,3,10,12,same_carrier_order_thinning,4,4
234,True,4,10,12,same_carrier_order_thinning,4,4
234,True,5,10,12,same_carrier_order_thinning,4,4
234,True,6,10,16,same_carrier_order_thinning,4,4
234,True,7,10,16,same_carrier_order_thinning,4,4
234,True,8,10,10,redundant,4,4
234,True,9,10,10,redundant,4,4
234,True,10,10,10,redundant,4,4
234,True,11,10,10,redundant,4,4
234,True,12,10,10,redundant,4,4
234,True,13,10,10,redundant,4,4
234,True,14,10,10,redundant,4,4
234,True,15,10,10,redundant,4,4
235,True,0,9,9,redundant,4,4
235,True,1,9,10,same_carrier_order_thinning,4,4
235,True,2,9,10,same_carrier_order_thinning,4,4
235,True,3,9,12,same_carrier_order_thinning,4,4
235,True,4,9,10,same_carrier_order_thinning,4,4
235,True,5,9,12,same_carrier_order_thinning,4,4
235,True,6,9,12,same_carrier_order_thinning,4,4
235,True,7,9,16,same_carrier_order_thinning,4,4
235,True,8,9,9,redundant,4,4
235,True,9,9,9,redundant,4,4
235,True,10,9,9,redundant,4,4
235,True,11,9,9,redundant,4,4
235,True,12,9,9,redundant,4,4
235,True,13,9,9,redundant,4,4
235,True,14,9,9,redundant,4,4
235,True,15,9,9,redundant,4,4
236,False,0,5,5,redundant,3,3
236,False,1,5,8,splits_indiscernibility_class,3,4
236,False,2,5,8,splits_indiscernibility_class,3,4
236,False,3,5,6,same_carrier_order_thinning,3,3
236,False,4,5,6,same_carrier_order_thinning,3,3
236,False,5,5,10,splits_indiscernibility_class,3,4
236,False,6,5,10,splits_indiscernibility_class,3,4
236,False,7,5,8,same_carrier_order_thinning,3,3
236,False,8,5,5,redundant,3,3
236,False,9,5,7,splits_indiscernibility_class,3,4
236,False,10,5,7,splits_indiscernibility_class,3,4
236,False,11,5,5,redundant,3,3
236,False,12,5,5,redundant,3,3
236,False,13,5,7,splits_indiscernibility_class,3,4
236,False,14,5,7,splits_indiscernibility_class,3,4
236,False,15,5,5,redundant,3,3
237,True,0,8,8,redundant,4,4
237,True,1,8,8,redundant,4,4
237,True,2,8,12,same_carrier_order_thinning,4,4
237,True,3,8,9,same_carrier_order_thinning,4,4
237,True,4,8,10,same_carrier_order_thinning,4,4
237,True,5,8,10,same_carrier_order_thinning,4,4
237,True,6,8,16,same_carrier_order_thinning,4,4
237,True,7,8,12,same_carrier_order_thinning,4,4
237,True,8,8,8,redundant,4,4
237,True,9,8,8,redundant,4,4
237,True,10,8,10,same_carrier_order_thinning,4,4
237,True,11,8,8,redundant,4,4
237,True,12,8,8,redundant,4,4
237,True,13,8,8,redundant,4,4
237,True,14,8,10,same_carrier_order_thinning,4,4
237,True,15,8,8,redundant,4,4
238,True,0,8,8,redundant,4,4
238,True,1,8,12,same_carrier_order_thinning,4,4
238,True,2,8,8,redundant,4,4
238,True,3,8,9,same_carrier_order_thinning,4,4
238,True,4,8,10,same_carrier_order_thinning,4,4
238,True,5,8,16,same_carrier_order_thinning,4,4
238,True,6,8,10,same_carrier_order_thinning,4,4
238,True,7,8,12,same_carrier_order_thinning,4,4
238,True,8,8,8,redundant,4,4
238,True,9,8,10,same_carrier_order_thinning,4,4
238,True,10,8,8,redundant,4,4
238,True,11,8,8,redundant,4,4
238,True,12,8,8,redundant,4,4
238,True,13,8,10,same_carrier_order_thinning,4,4
238,True,14,8,8,redundant,4,4
238,True,15,8,8,redundant,4,4
239,True,0,7,7,redundant,4,4
239,True,1,7,8,same_carrier_order_thinning,4,4
239,True,2,7,10,same_carrier_order_thinning,4,4
239,True,3,7,9,same_carrier_order_thinning,4,4
239,True,4,7,8,same_carrier_order_thinning,4,4
239,True,5,7,10,same_carrier_order_thinning,4,4
239,True,6,7,12,same_carrier_order_thinning,4,4
239,True,7,7,12,same_carrier_order_thinning,4,4
239,True,8,7,7,redundant,4,4
239,True,9,7,7,redundant,4,4
239,True,10,7,9,same_carrier_order_thinning,4,4
239,True,11,7,7,redundant,4,4
239,True,12,7,7,redundant,4,4
239,True,13,7,7,redundant,4,4
239,True,14,7,9,same_carrier_order_thinning,4,4
239,True,15,7,7,redundant,4,4
240,True,0,7,7,redundant,4,4
240,True,1,7,10,same_carrier_order_thinning,4,4
240,True,2,7,8,same_carrier_order_thinning,4,4
240,True,3,7,9,same_carrier_order_thinning,4,4
240,True,4,7,8,same_carrier_order_thinning,4,4
240,True,5,7,12,same_carrier_order_thinning,4,4
240,True,6,7,10,same_carrier_order_thinning,4,4
240,True,7,7,12,same_carrier_order_thinning,4,4
240,True,8,7,7,redundant,4,4
240,True,9,7,9,same_carrier_order_thinning,4,4
240,True,10,7,7,redundant,4,4
240,True,11,7,7,redundant,4,4
240,True,12,7,7,redundant,4,4
240,True,13,7,9,same_carrier_order_thinning,4,4
240,True,14,7,7,redundant,4,4
240,True,15,7,7,redundant,4,4
241,False,0,3,3,redundant,2,2
241,False,1,3,4,splits_indiscernibility_class,2,3
241,False,2,3,4,same_carrier_order_thinning,2,2
241,False,3,3,5,splits_indiscernibility_class,2,3
241,False,4,3,4,splits_indiscernibility_class,2,3
241,False,5,3,4,splits_indiscernibility_class,2,3
241,False,6,3,5,splits_indiscernibility_class,2,3
241,False,7,3,5,splits_indiscernibility_class,2,3
241,False,8,3,4,splits_indiscernibility_class,2,3
241,False,9,3,4,splits_indiscernibility_class,2,3
241,False,10,3,5,splits_indiscernibility_class,2,3
241,False,11,3,5,splits_indiscernibility_class,2,3
241,False,12,3,4,splits_indiscernibility_class,2,3
241,False,13,3,3,redundant,2,2
241,False,14,3,5,splits_indiscernibility_class,2,3
241,False,15,3,3,redundant,2,2
242,False,0,4,4,redundant,3,3
242,False,1,4,4,redundant,3,3
242,False,2,4,6,same_carrier_order_thinning,3,3
242,False,3,4,5,same_carrier_order_thinning,3,3
242,False,4,4,6,splits_indiscernibility_class,3,4
242,False,5,4,5,splits_indiscernibility_class,3,4
242,False,6,4,8,splits_indiscernibility_class,3,4
242,False,7,4,6,splits_indiscernibility_class,3,4
242,False,8,4,6,splits_indiscernibility_class,3,4
242,False,9,4,5,splits_indiscernibility_class,3,4
242,False,10,4,8,splits_indiscernibility_class,3,4
242,False,11,4,6,splits_indiscernibility_class,3,4
242,False,12,4,5,same_carrier_order_thinning,3,3
242,False,13,4,4,redundant,3,3
242,False,14,4,6,same_carrier_order_thinning,3,3
242,False,15,4,4,redundant,3,3
243,False,0,4,4,redundant,2,2
243,False,1,4,6,splits_indiscernibility_class,2,3
243,False,2,4,4,redundant,2,2
243,False,3,4,6,splits_indiscernibility_class,2,3
243,False,4,4,6,splits_indiscernibility_class,2,3
243,False,5,4,6,splits_indiscernibility_class,2,3
243,False,6,4,6,splits_indiscernibility_class,2,3
243,False,7,4,6,splits_indiscernibility_class,2,3
243,False,8,4,6,splits_indiscernibility_class,2,3
243,False,9,4,6,splits_indiscernibility_class,2,3
243,False,10,4,6,splits_indiscernibility_class,2,3
243,False,11,4,6,splits_indiscernibility_class,2,3
243,False,12,4,6,splits_indiscernibility_class,2,3
243,False,13,4,4,redundant,2,2
243,False,14,4,6,splits_indiscernibility_class,2,3
243,False,15,4,4,redundant,2,2
244,False,0,6,6,redundant,3,3
244,False,1,6,6,redundant,3,3
244,False,2,6,6,redundant,3,3
244,False,3,6,6,redundant,3,3
244,False,4,6,10,splits_indiscernibility_class,3,4
244,False,5,6,8,splits_indiscernibility_class,3,4
244,False,6,6,10,splits_indiscernibility_class,3,4
244,False,7,6,8,splits_indiscernibility_class,3,4
244,False,8,6,10,splits_indiscernibility_class,3,4
244,False,9,6,8,splits_indiscernibility_class,3,4
244,False,10,6,10,splits_indiscernibility_class,3,4
244,False,11,6,8,splits_indiscernibility_class,3,4
244,False,12,6,8,same_carrier_order_thinning,3,3
244,False,13,6,6,redundant,3,3
244,False,14,6,8,same_carrier_order_thinning,3,3
244,False,15,6,6,redundant,3,3
245,False,0,5,5,redundant,3,3
245,False,1,5,5,redundant,3,3
245,False,2,5,6,same_carrier_order_thinning,3,3
245,False,3,5,5,redundant,3,3
245,False,4,5,8,splits_indiscernibility_class,3,4
245,False,5,5,7,splits_indiscernibility_class,3,4
245,False,6,5,10,splits_indiscernibility_class,3,4
245,False,7,5,7,splits_indiscernibility_class,3,4
245,False,8,5,8,splits_indiscernibility_class,3,4
245,False,9,5,7,splits_indiscernibility_class,3,4
245,False,10,5,10,splits_indiscernibility_class,3,4
245,False,11,5,7,splits_indiscernibility_class,3,4
245,False,12,5,6,same_carrier_order_thinning,3,3
245,False,13,5,5,redundant,3,3
245,False,14,5,8,same_carrier_order_thinning,3,3
245,False,15,5,5,redundant,3,3
246,False,0,4,4,redundant,3,3
246,False,1,4,6,splits_indiscernibility_class,3,4
246,False,2,4,6,same_carrier_order_thinning,3,3
246,False,3,4,8,splits_indiscernibility_class,3,4
246,False,4,4,4,redundant,3,3
246,False,5,4,5,splits_indiscernibility_class,3,4
246,False,6,4,5,same_carrier_order_thinning,3,3
246,False,7,4,6,splits_indiscernibility_class,3,4
246,False,8,4,6,splits_indiscernibility_class,3,4
246,False,9,4,5,same_carrier_order_thinning,3,3
246,False,10,4,8,splits_indiscernibility_class,3,4
246,False,11,4,6,same_carrier_order_thinning,3,3
246,False,12,4,5,splits_indiscernibility_class,3,4
246,False,13,4,4,redundant,3,3
246,False,14,4,6,splits_indiscernibility_class,3,4
246,False,15,4,4,redundant,3,3
247,True,0,6,6,redundant,4,4
247,True,1,6,6,redundant,4,4
247,True,2,6,10,same_carrier_order_thinning,4,4
247,True,3,6,8,same_carrier_order_thinning,4,4
247,True,4,6,6,redundant,4,4
247,True,5,6,6,redundant,4,4
247,True,6,6,8,same_carrier_order_thinning,4,4
247,True,7,6,7,same_carrier_order_thinning,4,4
247,True,8,6,9,same_carrier_order_thinning,4,4
247,True,9,6,7,same_carrier_order_thinning,4,4
247,True,10,6,12,same_carrier_order_thinning,4,4
247,True,11,6,8,same_carrier_order_thinning,4,4
247,True,12,6,7,same_carrier_order_thinning,4,4
247,True,13,6,6,redundant,4,4
247,True,14,6,8,same_carrier_order_thinning,4,4
247,True,15,6,6,redundant,4,4
248,False,0,6,6,redundant,3,3
248,False,1,6,10,splits_indiscernibility_class,3,4
248,False,2,6,6,redundant,3,3
248,False,3,6,10,splits_indiscernibility_class,3,4
248,False,4,6,6,redundant,3,3
248,False,5,6,8,splits_indiscernibility_class,3,4
248,False,6,6,6,redundant,3,3
248,False,7,6,8,splits_indiscernibility_class,3,4
248,False,8,6,10,splits_indiscernibility_class,3,4
248,False,9,6,8,same_carrier_order_thinning,3,3
248,False,10,6,10,splits_indiscernibility_class,3,4
248,False,11,6,8,same_carrier_order_thinning,3,3
248,False,12,6,8,splits_indiscernibility_class,3,4
248,False,13,6,6,redundant,3,3
248,False,14,6,8,splits_indiscernibility_class,3,4
248,False,15,6,6,redundant,3,3
249,True,0,10,10,redundant,4,4
249,True,1,10,10,redundant,4,4
249,True,2,10,10,redundant,4,4
249,True,3,10,10,redundant,4,4
249,True,4,10,10,redundant,4,4
249,True,5,10,10,redundant,4,4
249,True,6,10,10,redundant,4,4
249,True,7,10,10,redundant,4,4
249,True,8,10,16,same_carrier_order_thinning,4,4
249,True,9,10,12,same_carrier_order_thinning,4,4
249,True,10,10,16,same_carrier_order_thinning,4,4
249,True,11,10,12,same_carrier_order_thinning,4,4
249,True,12,10,12,same_carrier_order_thinning,4,4
249,True,13,10,10,redundant,4,4
249,True,14,10,12,same_carrier_order_thinning,4,4
249,True,15,10,10,redundant,4,4
250,True,0,8,8,redundant,4,4
250,True,1,8,8,redundant,4,4
250,True,2,8,10,same_carrier_order_thinning,4,4
250,True,3,8,8,redundant,4,4
250,True,4,8,8,redundant,4,4
250,True,5,8,8,redundant,4,4
250,True,6,8,10,same_carrier_order_thinning,4,4
250,True,7,8,8,redundant,4,4
250,True,8,8,12,same_carrier_order_thinning,4,4
250,True,9,8,10,same_carrier_order_thinning,4,4
250,True,10,8,16,same_carrier_order_thinning,4,4
250,True,11,8,10,same_carrier_order_thinning,4,4
250,True,12,8,9,same_carrier_order_thinning,4,4
250,True,13,8,8,redundant,4,4
250,True,14,8,12,same_carrier_order_thinning,4,4
250,True,15,8,8,redundant,4,4
251,False,0,4,4,redundant,3,3
251,False,1,4,5,splits_indiscernibility_class,3,4
251,False,2,4,6,same_carrier_order_thinning,3,3
251,False,3,4,7,splits_indiscernibility_class,3,4
251,False,4,4,5,splits_indiscernibility_class,3,4
251,False,5,4,4,redundant,3,3
251,False,6,4,7,splits_indiscernibility_class,3,4
251,False,7,4,5,same_carrier_order_thinning,3,3
251,False,8,4,5,same_carrier_order_thinning,3,3
251,False,9,4,6,splits_indiscernibility_class,3,4
251,False,10,4,6,same_carrier_order_thinning,3,3
251,False,11,4,7,splits_indiscernibility_class,3,4
251,False,12,4,6,splits_indiscernibility_class,3,4
251,False,13,4,4,redundant,3,3
251,False,14,4,7,splits_indiscernibility_class,3,4
251,False,15,4,4,redundant,3,3
252,True,0,5,5,redundant,4,4
252,True,1,5,5,redundant,4,4
252,True,2,5,8,same_carrier_order_thinning,4,4
252,True,3,5,7,same_carrier_order_thinning,4,4
252,True,4,5,6,same_carrier_order_thinning,4,4
252,True,5,5,5,redundant,4,4
252,True,6,5,8,same_carrier_order_thinning,4,4
252,True,7,5,6,same_carrier_order_thinning,4,4
252,True,8,5,7,same_carrier_order_thinning,4,4
252,True,9,5,6,same_carrier_order_thinning,4,4
252,True,10,5,9,same_carrier_order_thinning,4,4
252,True,11,5,7,same_carrier_order_thinning,4,4
252,True,12,5,7,same_carrier_order_thinning,4,4
252,True,13,5,5,redundant,4,4
252,True,14,5,8,same_carrier_order_thinning,4,4
252,True,15,5,5,redundant,4,4
253,False,0,6,6,redundant,3,3
253,False,1,6,8,splits_indiscernibility_class,3,4
253,False,2,6,6,redundant,3,3
253,False,3,6,8,splits_indiscernibility_class,3,4
253,False,4,6,8,splits_indiscernibility_class,3,4
253,False,5,6,6,redundant,3,3
253,False,6,6,8,splits_indiscernibility_class,3,4
253,False,7,6,6,redundant,3,3
253,False,8,6,8,same_carrier_order_thinning,3,3
253,False,9,6,10,splits_indiscernibility_class,3,4
253,False,10,6,8,same_carrier_order_thinning,3,3
253,False,11,6,10,splits_indiscernibility_class,3,4
253,False,12,6,10,splits_indiscernibility_class,3,4
253,False,13,6,6,redundant,3,3
253,False,14,6,10,splits_indiscernibility_class,3,4
253,False,15,6,6,redundant,3,3
254,True,0,8,8,redundant,4,4
254,True,1,8,8,redundant,4,4
254,True,2,8,8,redundant,4,4
254,True,3,8,8,redundant,4,4
254,True,4,8,10,same_carrier_order_thinning,4,4
254,True,5,8,8,redundant,4,4
254,True,6,8,10,same_carrier_order_thinning,4,4
254,True,7,8,8,redundant,4,4
254,True,8,8,12,same_carrier_order_thinning,4,4
254,True,9,8,10,same_carrier_order_thinning,4,4
254,True,10,8,12,same_carrier_order_thinning,4,4
254,True,11,8,10,same_carrier_order_thinning,4,4
254,True,12,8,12,same_carrier_order_thinning,4,4
254,True,13,8,8,redundant,4,4
254,True,14,8,12,same_carrier_order_thinning,4,4
254,True,15,8,8,redundant,4,4
255,True,0,7,7,redundant,4,4
255,True,1,7,7,redundant,4,4
255,True,2,7,8,same_carrier_order_thinning,4,4
255,True,3,7,7,redundant,4,4
255,True,4,7,8,same_carrier_order_thinning,4,4
255,True,5,7,7,redundant,4,4
255,True,6,7,10,same_carrier_order_thinning,4,4
255,True,7,7,7,redundant,4,4
255,True,8,7,10,same_carrier_order_thinning,4,4
255,True,9,7,9,same_carrier_order_thinning,4,4
255,True,10,7,12,same_carrier_order_thinning,4,4
255,True,11,7,9,same_carrier_order_thinning,4,4
255,True,12,7,9,same_carrier_order_thinning,4,4
255,True,13,7,7,redundant,4,4
255,True,14,7,12,same_carrier_order_thinning,4,4
255,True,15,7,7,redundant,4,4
256,True,0,5,5,redundant,4,4
256,True,1,5,6,same_carrier_order_thinning,4,4
256,True,2,5,8,same_carrier_order_thinning,4,4
256,True,3,5,8,same_carrier_order_thinning,4,4
256,True,4,5,5,redundant,4,4
256,True,5,5,5,redundant,4,4
256,True,6,5,7,same_carrier_order_thinning,4,4
256,True,7,5,6,same_carrier_order_thinning,4,4
256,True,8,5,7,same_carrier_order_thinning,4,4
256,True,9,5,7,same_carrier_order_thinning,4,4
256,True,10,5,9,same_carrier_order_thinning,4,4
256,True,11,5,8,same_carrier_order_thinning,4,4
256,True,12,5,6,same_carrier_order_thinning,4,4
256,True,13,5,5,redundant,4,4
256,True,14,5,7,same_carrier_order_thinning,4,4
256,True,15,5,5,redundant,4,4
257,True,0,8,8,redundant,4,4
257,True,1,8,10,same_carrier_order_thinning,4,4
257,True,2,8,8,redundant,4,4
257,True,3,8,10,same_carrier_order_thinning,4,4
257,True,4,8,8,redundant,4,4
257,True,5,8,8,redundant,4,4
257,True,6,8,8,redundant,4,4
257,True,7,8,8,redundant,4,4
257,True,8,8,12,same_carrier_order_thinning,4,4
257,True,9,8,12,same_carrier_order_thinning,4,4
257,True,10,8,12,same_carrier_order_thinning,4,4
257,True,11,8,12,same_carrier_order_thinning,4,4
257,True,12,8,10,same_carrier_order_thinning,4,4
257,True,13,8,8,redundant,4,4
257,True,14,8,10,same_carrier_order_thinning,4,4
257,True,15,8,8,redundant,4,4
258,False,0,5,5,redundant,3,3
258,False,1,5,8,splits_indiscernibility_class,3,4
258,False,2,5,6,same_carrier_order_thinning,3,3
258,False,3,5,10,splits_indiscernibility_class,3,4
258,False,4,5,5,redundant,3,3
258,False,5,5,7,splits_indiscernibility_class,3,4
258,False,6,5,5,redundant,3,3
258,False,7,5,7,splits_indiscernibility_class,3,4
258,False,8,5,8,splits_indiscernibility_class,3,4
258,False,9,5,6,same_carrier_order_thinning,3,3
258,False,10,5,10,splits_indiscernibility_class,3,4
258,False,11,5,8,same_carrier_order_thinning,3,3
258,False,12,5,7,splits_indiscernibility_class,3,4
258,False,13,5,5,redundant,3,3
258,False,14,5,7,splits_indiscernibility_class,3,4
258,False,15,5,5,redundant,3,3
259,True,0,8,8,redundant,4,4
259,True,1,8,8,redundant,4,4
259,True,2,8,10,same_carrier_order_thinning,4,4
259,True,3,8,10,same_carrier_order_thinning,4,4
259,True,4,8,8,redundant,4,4
259,True,5,8,8,redundant,4,4
259,True,6,8,8,redundant,4,4
259,True,7,8,8,redundant,4,4
259,True,8,8,12,same_carrier_order_thinning,4,4
259,True,9,8,9,same_carrier_order_thinning,4,4
259,True,10,8,16,same_carrier_order_thinning,4,4
259,True,11,8,12,same_carrier_order_thinning,4,4
259,True,12,8,10,same_carrier_order_thinning,4,4
259,True,13,8,8,redundant,4,4
259,True,14,8,10,same_carrier_order_thinning,4,4
259,True,15,8,8,redundant,4,4
260,True,0,7,7,redundant,4,4
260,True,1,7,8,same_carrier_order_thinning,4,4
260,True,2,7,8,same_carrier_order_thinning,4,4
260,True,3,7,10,same_carrier_order_thinning,4,4
260,True,4,7,7,redundant,4,4
260,True,5,7,7,redundant,4,4
260,True,6,7,7,redundant,4,4
260,True,7,7,7,redundant,4,4
260,True,8,7,10,same_carrier_order_thinning,4,4
260,True,9,7,9,same_carrier_order_thinning,4,4
260,True,10,7,12,same_carrier_order_thinning,4,4
260,True,11,7,12,same_carrier_order_thinning,4,4
260,True,12,7,9,same_carrier_order_thinning,4,4
260,True,13,7,7,redundant,4,4
260,True,14,7,9,same_carrier_order_thinning,4,4
260,True,15,7,7,redundant,4,4
261,False,0,5,5,redundant,3,3
261,False,1,5,6,splits_indiscernibility_class,3,4
261,False,2,5,6,same_carrier_order_thinning,3,3
261,False,3,5,7,splits_indiscernibility_class,3,4
261,False,4,5,6,splits_indiscernibility_class,3,4
261,False,5,5,5,redundant,3,3
261,False,6,5,7,splits_indiscernibility_class,3,4
261,False,7,5,5,redundant,3,3
261,False,8,5,6,same_carrier_order_thinning,3,3
261,False,9,5,7,splits_indiscernibility_class,3,4
261,False,10,5,8,same_carrier_order_thinning,3,3
261,False,11,5,9,splits_indiscernibility_class,3,4
261,False,12,5,7,splits_indiscernibility_class,3,4
261,False,13,5,5,redundant,3,3
261,False,14,5,9,splits_indiscernibility_class,3,4
261,False,15,5,5,redundant,3,3
262,True,0,6,6,redundant,4,4
262,True,1,6,6,redundant,4,4
262,True,2,6,8,same_carrier_order_thinning,4,4
262,True,3,6,7,same_carrier_order_thinning,4,4
262,True,4,6,7,same_carrier_order_thinning,4,4
262,True,5,6,6,redundant,4,4
262,True,6,6,8,same_carrier_order_thinning,4,4
262,True,7,6,6,redundant,4,4
262,True,8,6,8,same_carrier_order_thinning,4,4
262,True,9,6,7,same_carrier_order_thinning,4,4
262,True,10,6,12,same_carrier_order_thinning,4,4
262,True,11,6,9,same_carrier_order_thinning,4,4
262,True,12,6,8,same_carrier_order_thinning,4,4
262,True,13,6,6,redundant,4,4
262,True,14,6,10,same_carrier_order_thinning,4,4
262,True,15,6,6,redundant,4,4
263,True,0,6,6,redundant,4,4
263,True,1,6,7,same_carrier_order_thinning,4,4
263,True,2,6,8,same_carrier_order_thinning,4,4
263,True,3,6,8,same_carrier_order_thinning,4,4
263,True,4,6,6,redundant,4,4
263,True,5,6,6,redundant,4,4
263,True,6,6,7,same_carrier_order_thinning,4,4
263,True,7,6,6,redundant,4,4
263,True,8,6,8,same_carrier_order_thinning,4,4
263,True,9,6,8,same_carrier_order_thinning,4,4
263,True,10,6,12,same_carrier_order_thinning,4,4
263,True,11,6,10,same_carrier_order_thinning,4,4
263,True,12,6,7,same_carrier_order_thinning,4,4
263,True,13,6,6,redundant,4,4
263,True,14,6,9,same_carrier_order_thinning,4,4
263,True,15,6,6,redundant,4,4
264,True,0,7,7,redundant,4,4
264,True,1,7,7,redundant,4,4
264,True,2,7,10,same_carrier_order_thinning,4,4
264,True,3,7,8,same_carrier_order_thinning,4,4
264,True,4,7,7,redundant,4,4
264,True,5,7,7,redundant,4,4
264,True,6,7,8,same_carrier_order_thinning,4,4
264,True,7,7,7,redundant,4,4
264,True,8,7,10,same_carrier_order_thinning,4,4
264,True,9,7,8,same_carrier_order_thinning,4,4
264,True,10,7,16,same_carrier_order_thinning,4,4
264,True,11,7,10,same_carrier_order_thinning,4,4
264,True,12,7,8,same_carrier_order_thinning,4,4
264,True,13,7,7,redundant,4,4
264,True,14,7,10,same_carrier_order_thinning,4,4
264,True,15,7,7,redundant,4,4
265,False,0,4,4,redundant,3,3
265,False,1,4,6,splits_indiscernibility_class,3,4
265,False,2,4,6,same_carrier_order_thinning,3,3
265,False,3,4,8,splits_indiscernibility_class,3,4
265,False,4,4,6,splits_indiscernibility_class,3,4
265,False,5,4,5,same_carrier_order_thinning,3,3
265,False,6,4,8,splits_indiscernibility_class,3,4
265,False,7,4,6,same_carrier_order_thinning,3,3
265,False,8,4,4,redundant,3,3
265,False,9,4,5,splits_indiscernibility_class,3,4
265,False,10,4,5,same_carrier_order_thinning,3,3
265,False,11,4,6,splits_indiscernibility_class,3,4
265,False,12,4,5,splits_indiscernibility_class,3,4
265,False,13,4,4,redundant,3,3
265,False,14,4,6,splits_indiscernibility_class,3,4
265,False,15,4,4,redundant,3,3
266,True,0,6,6,redundant,4,4
266,True,1,6,6,redundant,4,4
266,True,2,6,10,same_carrier_order_thinning,4,4
266,True,3,6,8,same_carrier_order_thinning,4,4
266,True,4,6,9,same_carrier_order_thinning,4,4
266,True,5,6,7,same_carrier_order_thinning,4,4
266,True,6,6,12,same_carrier_order_thinning,4,4
266,True,7,6,8,same_carrier_order_thinning,4,4
266,True,8,6,6,redundant,4,4
266,True,9,6,6,redundant,4,4
266,True,10,6,8,same_carrier_order_thinning,4,4
266,True,11,6,7,same_carrier_order_thinning,4,4
266,True,12,6,7,same_carrier_order_thinning,4,4
266,True,13,6,6,redundant,4,4
266,True,14,6,8,same_carrier_order_thinning,4,4
266,True,15,6,6,redundant,4,4
267,False,0,6,6,redundant,3,3
267,False,1,6,10,splits_indiscernibility_class,3,4
267,False,2,6,6,redundant,3,3
267,False,3,6,10,splits_indiscernibility_class,3,4
267,False,4,6,10,splits_indiscernibility_class,3,4
267,False,5,6,8,same_carrier_order_thinning,3,3
267,False,6,6,10,splits_indiscernibility_class,3,4
267,False,7,6,8,same_carrier_order_thinning,3,3
267,False,8,6,6,redundant,3,3
267,False,9,6,8,splits_indiscernibility_class,3,4
267,False,10,6,6,redundant,3,3
267,False,11,6,8,splits_indiscernibility_class,3,4
267,False,12,6,8,splits_indiscernibility_class,3,4
267,False,13,6,6,redundant,3,3
267,False,14,6,8,splits_indiscernibility_class,3,4
267,False,15,6,6,redundant,3,3
268,True,0,10,10,redundant,4,4
268,True,1,10,10,redundant,4,4
268,True,2,10,10,redundant,4,4
268,True,3,10,10,redundant,4,4
268,True,4,10,16,same_carrier_order_thinning,4,4
268,True,5,10,12,same_carrier_order_thinning,4,4
268,True,6,10,16,same_carrier_order_thinning,4,4
268,True,7,10,12,same_carrier_order_thinning,4,4
268,True,8,10,10,redundant,4,4
268,True,9,10,10,redundant,4,4
268,True,10,10,10,redundant,4,4
268,True,11,10,10,redundant,4,4
268,True,12,10,12,same_carrier_order_thinning,4,4
268,True,13,10,10,redundant,4,4
268,True,14,10,12,same_carrier_order_thinning,4,4
268,True,15,10,10,redundant,4,4
269,True,0,8,8,redundant,4,4
269,True,1,8,8,redundant,4,4
269,True,2,8,10,same_carrier_order_thinning,4,4
269,True,3,8,8,redundant,4,4
269,True,4,8,12,same_carrier_order_thinning,4,4
269,True,5,8,10,same_carrier_order_thinning,4,4
269,True,6,8,16,same_carrier_order_thinning,4,4
269,True,7,8,10,same_carrier_order_thinning,4,4
269,True,8,8,8,redundant,4,4
269,True,9,8,8,redundant,4,4
269,True,10,8,10,same_carrier_order_thinning,4,4
269,True,11,8,8,redundant,4,4
269,True,12,8,9,same_carrier_order_thinning,4,4
269,True,13,8,8,redundant,4,4
269,True,14,8,12,same_carrier_order_thinning,4,4
269,True,15,8,8,redundant,4,4
270,True,0,6,6,redundant,4,4
270,True,1,6,9,same_carrier_order_thinning,4,4
270,True,2,6,10,same_carrier_order_thinning,4,4
270,True,3,6,12,same_carrier_order_thinning,4,4
270,True,4,6,6,redundant,4,4
270,True,5,6,7,same_carrier_order_thinning,4,4
270,True,6,6,8,same_carrier_order_thinning,4,4
270,True,7,6,8,same_carrier_order_thinning,4,4
270,True,8,6,6,redundant,4,4
270,True,9,6,7,same_carrier_order_thinning,4,4
270,True,10,6,8,same_carrier_order_thinning,4,4
270,True,11,6,8,same_carrier_order_thinning,4,4
270,True,12,6,6,redundant,4,4
270,True,13,6,6,redundant,4,4
270,True,14,6,7,same_carrier_order_thinning,4,4
270,True,15,6,6,redundant,4,4
271,True,0,10,10,redundant,4,4
271,True,1,10,16,same_carrier_order_thinning,4,4
271,True,2,10,10,redundant,4,4
271,True,3,10,16,same_carrier_order_thinning,4,4
271,True,4,10,10,redundant,4,4
271,True,5,10,12,same_carrier_order_thinning,4,4
271,True,6,10,10,redundant,4,4
271,True,7,10,12,same_carrier_order_thinning,4,4
271,True,8,10,10,redundant,4,4
271,True,9,10,12,same_carrier_order_thinning,4,4
271,True,10,10,10,redundant,4,4
271,True,11,10,12,same_carrier_order_thinning,4,4
271,True,12,10,10,redundant,4,4
271,True,13,10,10,redundant,4,4
271,True,14,10,10,redundant,4,4
271,True,15,10,10,redundant,4,4
272,True,0,8,8,redundant,4,4
272,True,1,8,12,same_carrier_order_thinning,4,4
272,True,2,8,10,same_carrier_order_thinning,4,4
272,True,3,8,16,same_carrier_order_thinning,4,4
272,True,4,8,8,redundant,4,4
272,True,5,8,10,same_carrier_order_thinning,4,4
272,True,6,8,8,redundant,4,4
272,True,7,8,10,same_carrier_order_thinning,4,4
272,True,8,8,8,redundant,4,4
272,True,9,8,9,same_carrier_order_thinning,4,4
272,True,10,8,10,same_carrier_order_thinning,4,4
272,True,11,8,12,same_carrier_order_thinning,4,4
272,True,12,8,8,redundant,4,4
272,True,13,8,8,redundant,4,4
272,True,14,8,8,redundant,4,4
272,True,15,8,8,redundant,4,4
273,False,0,4,4,redundant,3,3
273,False,1,4,5,splits_indiscernibility_class,3,4
273,False,2,4,6,same_carrier_order_thinning,3,3
273,False,3,4,7,splits_indiscernibility_class,3,4
273,False,4,4,5,same_carrier_order_thinning,3,3
273,False,5,4,6,splits_indiscernibility_class,3,4
273,False,6,4,6,same_carrier_order_thinning,3,3
273,False,7,4,7,splits_indiscernibility_class,3,4
273,False,8,4,5,splits_indiscernibility_class,3,4
273,False,9,4,4,redundant,3,3
273,False,10,4,7,splits_indiscernibility_class,3,4
273,False,11,4,5,same_carrier_order_thinning,3,3
273,False,12,4,6,splits_indiscernibility_class,3,4
273,False,13,4,4,redundant,3,3
273,False,14,4,7,splits_indiscernibility_class,3,4
273,False,15,4,4,redundant,3,3
274,True,0,5,5,redundant,4,4
274,True,1,5,5,redundant,4,4
274,True,2,5,8,same_carrier_order_thinning,4,4
274,True,3,5,7,same_carrier_order_thinning,4,4
274,True,4,5,7,same_carrier_order_thinning,4,4
274,True,5,5,6,same_carrier_order_thinning,4,4
274,True,6,5,9,same_carrier_order_thinning,4,4
274,True,7,5,7,same_carrier_order_thinning,4,4
274,True,8,5,6,same_carrier_order_thinning,4,4
274,True,9,5,5,redundant,4,4
274,True,10,5,8,same_carrier_order_thinning,4,4
274,True,11,5,6,same_carrier_order_thinning,4,4
274,True,12,5,7,same_carrier_order_thinning,4,4
274,True,13,5,5,redundant,4,4
274,True,14,5,8,same_carrier_order_thinning,4,4
274,True,15,5,5,redundant,4,4
275,False,0,6,6,redundant,3,3
275,False,1,6,8,splits_indiscernibility_class,3,4
275,False,2,6,6,redundant,3,3
275,False,3,6,8,splits_indiscernibility_class,3,4
275,False,4,6,8,same_carrier_order_thinning,3,3
275,False,5,6,10,splits_indiscernibility_class,3,4
275,False,6,6,8,same_carrier_order_thinning,3,3
275,False,7,6,10,splits_indiscernibility_class,3,4
275,False,8,6,8,splits_indiscernibility_class,3,4
275,False,9,6,6,redundant,3,3
275,False,10,6,8,splits_indiscernibility_class,3,4
275,False,11,6,6,redundant,3,3
275,False,12,6,10,splits_indiscernibility_class,3,4
275,False,13,6,6,redundant,3,3
275,False,14,6,10,splits_indiscernibility_class,3,4
275,False,15,6,6,redundant,3,3
276,True,0,8,8,redundant,4,4
276,True,1,8,8,redundant,4,4
276,True,2,8,8,redundant,4,4
276,True,3,8,8,redundant,4,4
276,True,4,8,12,same_carrier_order_thinning,4,4
276,True,5,8,10,same_carrier_order_thinning,4,4
276,True,6,8,12,same_carrier_order_thinning,4,4
276,True,7,8,10,same_carrier_order_thinning,4,4
276,True,8,8,10,same_carrier_order_thinning,4,4
276,True,9,8,8,redundant,4,4
276,True,10,8,10,same_carrier_order_thinning,4,4
276,True,11,8,8,redundant,4,4
276,True,12,8,12,same_carrier_order_thinning,4,4
276,True,13,8,8,redundant,4,4
276,True,14,8,12,same_carrier_order_thinning,4,4
276,True,15,8,8,redundant,4,4
277,True,0,7,7,redundant,4,4
277,True,1,7,7,redundant,4,4
277,True,2,7,8,same_carrier_order_thinning,4,4
277,True,3,7,7,redundant,4,4
277,True,4,7,10,same_carrier_order_thinning,4,4
277,True,5,7,9,same_carrier_order_thinning,4,4
277,True,6,7,12,same_carrier_order_thinning,4,4
277,True,7,7,9,same_carrier_order_thinning,4,4
277,True,8,7,8,same_carrier_order_thinning,4,4
277,True,9,7,7,redundant,4,4
277,True,10,7,10,same_carrier_order_thinning,4,4
277,True,11,7,7,redundant,4,4
277,True,12,7,9,same_carrier_order_thinning,4,4
277,True,13,7,7,redundant,4,4
277,True,14,7,12,same_carrier_order_thinning,4,4
277,True,15,7,7,redundant,4,4
278,True,0,5,5,redundant,4,4
278,True,1,5,6,same_carrier_order_thinning,4,4
278,True,2,5,8,same_carrier_order_thinning,4,4
278,True,3,5,8,same_carrier_order_thinning,4,4
278,True,4,5,7,same_carrier_order_thinning,4,4
278,True,5,5,7,same_carrier_order_thinning,4,4
278,True,6,5,9,same_carrier_order_thinning,4,4
278,True,7,5,8,same_carrier_order_thinning,4,4
278,True,8,5,5,redundant,4,4
278,True,9,5,5,redundant,4,4
278,True,10,5,7,same_carrier_order_thinning,4,4
278,True,11,5,6,same_carrier_order_thinning,4,4
278,True,12,5,6,same_carrier_order_thinning,4,4
278,True,13,5,5,redundant,4,4
278,True,14,5,7,same_carrier_order_thinning,4,4
278,True,15,5,5,redundant,4,4
279,True,0,8,8,redundant,4,4
279,True,1,8,10,same_carrier_order_thinning,4,4
279,True,2,8,8,redundant,4,4
279,True,3,8,10,same_carrier_order_thinning,4,4
279,True,4,8,12,same_carrier_order_thinning,4,4
279,True,5,8,12,same_carrier_order_thinning,4,4
279,True,6,8,12,same_carrier_order_thinning,4,4
279,True,7,8,12,same_carrier_order_thinning,4,4
279,True,8,8,8,redundant,4,4
279,True,9,8,8,redundant,4,4
279,True,10,8,8,redundant,4,4
279,True,11,8,8,redundant,4,4
279,True,12,8,10,same_carrier_order_thinning,4,4
279,True,13,8,8,redundant,4,4
279,True,14,8,10,same_carrier_order_thinning,4,4
279,True,15,8,8,redundant,4,4
280,False,0,5,5,redundant,3,3
280,False,1,5,8,splits_indiscernibility_class,3,4
280,False,2,5,6,same_carrier_order_thinning,3,3
280,False,3,5,10,splits_indiscernibility_class,3,4
280,False,4,5,8,splits_indiscernibility_class,3,4
280,False,5,5,6,same_carrier_order_thinning,3,3
280,False,6,5,10,splits_indiscernibility_class,3,4
280,False,7,5,8,same_carrier_order_thinning,3,3
280,False,8,5,5,redundant,3,3
280,False,9,5,7,splits_indiscernibility_class,3,4
280,False,10,5,5,redundant,3,3
280,False,11,5,7,splits_indiscernibility_class,3,4
280,False,12,5,7,splits_indiscernibility_class,3,4
280,False,13,5,5,redundant,3,3
280,False,14,5,7,splits_indiscernibility_class,3,4
280,False,15,5,5,redundant,3,3
281,True,0,8,8,redundant,4,4
281,True,1,8,8,redundant,4,4
281,True,2,8,10,same_carrier_order_thinning,4,4
281,True,3,8,10,same_carrier_order_thinning,4,4
281,True,4,8,12,same_carrier_order_thinning,4,4
281,True,5,8,9,same_carrier_order_thinning,4,4
281,True,6,8,16,same_carrier_order_thinning,4,4
281,True,7,8,12,same_carrier_order_thinning,4,4
281,True,8,8,8,redundant,4,4
281,True,9,8,8,redundant,4,4
281,True,10,8,8,redundant,4,4
281,True,11,8,8,redundant,4,4
281,True,12,8,10,same_carrier_order_thinning,4,4
281,True,13,8,8,redundant,4,4
281,True,14,8,10,same_carrier_order_thinning,4,4
281,True,15,8,8,redundant,4,4
282,True,0,8,8,redundant,4,4
282,True,1,8,12,same_carrier_order_thinning,4,4
282,True,2,8,10,same_carrier_order_thinning,4,4
282,True,3,8,16,same_carrier_order_thinning,4,4
282,True,4,8,8,redundant,4,4
282,True,5,8,9,same_carrier_order_thinning,4,4
282,True,6,8,10,same_carrier_order_thinning,4,4
282,True,7,8,12,same_carrier_order_thinning,4,4
282,True,8,8,8,redundant,4,4
282,True,9,8,10,same_carrier_order_thinning,4,4
282,True,10,8,8,redundant,4,4
282,True,11,8,10,same_carrier_order_thinning,4,4
282,True,12,8,8,redundant,4,4
282,True,13,8,8,redundant,4,4
282,True,14,8,8,redundant,4,4
282,True,15,8,8,redundant,4,4
283,True,0,7,7,redundant,4,4
283,True,1,7,8,same_carrier_order_thinning,4,4
283,True,2,7,8,same_carrier_order_thinning,4,4
283,True,3,7,10,same_carrier_order_thinning,4,4
283,True,4,7,10,same_carrier_order_thinning,4,4
283,True,5,7,9,same_carrier_order_thinning,4,4
283,True,6,7,12,same_carrier_order_thinning,4,4
283,True,7,7,12,same_carrier_order_thinning,4,4
283,True,8,7,7,redundant,4,4
283,True,9,7,7,redundant,4,4
283,True,10,7,7,redundant,4,4
283,True,11,7,7,redundant,4,4
283,True,12,7,9,same_carrier_order_thinning,4,4
283,True,13,7,7,redundant,4,4
283,True,14,7,9,same_carrier_order_thinning,4,4
283,True,15,7,7,redundant,4,4
284,False,0,5,5,redundant,3,3
284,False,1,5,6,splits_indiscernibility_class,3,4
284,False,2,5,6,same_carrier_order_thinning,3,3
284,False,3,5,7,splits_indiscernibility_class,3,4
284,False,4,5,6,same_carrier_order_thinning,3,3
284,False,5,5,7,splits_indiscernibility_class,3,4
284,False,6,5,8,same_carrier_order_thinning,3,3
284,False,7,5,9,splits_indiscernibility_class,3,4
284,False,8,5,6,splits_indiscernibility_class,3,4
284,False,9,5,5,redundant,3,3
284,False,10,5,7,splits_indiscernibility_class,3,4
284,False,11,5,5,redundant,3,3
284,False,12,5,7,splits_indiscernibility_class,3,4
284,False,13,5,5,redundant,3,3
284,False,14,5,9,splits_indiscernibility_class,3,4
284,False,15,5,5,redundant,3,3
285,True,0,6,6,redundant,4,4
285,True,1,6,6,redundant,4,4
285,True,2,6,8,same_carrier_order_thinning,4,4
285,True,3,6,7,same_carrier_order_thinning,4,4
285,True,4,6,8,same_carrier_order_thinning,4,4
285,True,5,6,7,same_carrier_order_thinning,4,4
285,True,6,6,12,same_carrier_order_thinning,4,4
285,True,7,6,9,same_carrier_order_thinning,4,4
285,True,8,6,7,same_carrier_order_thinning,4,4
285,True,9,6,6,redundant,4,4
285,True,10,6,8,same_carrier_order_thinning,4,4
285,True,11,6,6,redundant,4,4
285,True,12,6,8,same_carrier_order_thinning,4,4
285,True,13,6,6,redundant,4,4
285,True,14,6,10,same_carrier_order_thinning,4,4
285,True,15,6,6,redundant,4,4
286,True,0,6,6,redundant,4,4
286,True,1,6,7,same_carrier_order_thinning,4,4
286,True,2,6,8,same_carrier_order_thinning,4,4
286,True,3,6,8,same_carrier_order_thinning,4,4
286,True,4,6,8,same_carrier_order_thinning,4,4
286,True,5,6,8,same_carrier_order_thinning,4,4
286,True,6,6,12,same_carrier_order_thinning,4,4
286,True,7,6,10,same_carrier_order_thinning,4,4
286,True,8,6,6,redundant,4,4
286,True,9,6,6,redundant,4,4
286,True,10,6,7,same_carrier_order_thinning,4,4
286,True,11,6,6,redundant,4,4
286,True,12,6,7,same_carrier_order_thinning,4,4
286,True,13,6,6,redundant,4,4
286,True,14,6,9,same_carrier_order_thinning,4,4
286,True,15,6,6,redundant,4,4
287,True,0,7,7,redundant,4,4
287,True,1,7,7,redundant,4,4
287,True,2,7,10,same_carrier_order_thinning,4,4
287,True,3,7,8,same_carrier_order_thinning,4,4
287,True,4,7,10,same_carrier_order_thinning,4,4
287,True,5,7,8,same_carrier_order_thinning,4,4
287,True,6,7,16,same_carrier_order_thinning,4,4
287,True,7,7,10,same_carrier_order_thinning,4,4
287,True,8,7,7,redundant,4,4
287,True,9,7,7,redundant,4,4
287,True,10,7,8,same_carrier_order_thinning,4,4
287,True,11,7,7,redundant,4,4
287,True,12,7,8,same_carrier_order_thinning,4,4
287,True,13,7,7,redundant,4,4
287,True,14,7,10,same_carrier_order_thinning,4,4
287,True,15,7,7,redundant,4,4
288,False,0,4,4,redundant,3,3
288,False,1,4,5,same_carrier_order_thinning,3,3
288,False,2,4,6,same_carrier_order_thinning,3,3
288,False,3,4,6,same_carrier_order_thinning,3,3
288,False,4,4,5,splits_indiscernibility_class,3,4
288,False,5,4,6,splits_indiscernibility_class,3,4
288,False,6,4,7,splits_indiscernibility_class,3,4
288,False,7,4,7,splits_indiscernibility_class,3,4
288,False,8,4,5,splits_indiscernibility_class,3,4
288,False,9,4,6,splits_indiscernibility_class,3,4
288,False,10,4,7,splits_indiscernibility_class,3,4
288,False,11,4,7,splits_indiscernibility_class,3,4
288,False,12,4,4,redundant,3,3
288,False,13,4,4,redundant,3,3
288,False,14,4,5,same_carrier_order_thinning,3,3
288,False,15,4,4,redundant,3,3
289,False,0,6,6,redundant,3,3
289,False,1,6,8,same_carrier_order_thinning,3,3
289,False,2,6,6,redundant,3,3
289,False,3,6,8,same_carrier_order_thinning,3,3
289,False,4,6,8,splits_indiscernibility_class,3,4
289,False,5,6,10,splits_indiscernibility_class,3,4
289,False,6,6,8,splits_indiscernibility_class,3,4
289,False,7,6,10,splits_indiscernibility_class,3,4
289,False,8,6,8,splits_indiscernibility_class,3,4
289,False,9,6,10,splits_indiscernibility_class,3,4
289,False,10,6,8,splits_indiscernibility_class,3,4
289,False,11,6,10,splits_indiscernibility_class,3,4
289,False,12,6,6,redundant,3,3
289,False,13,6,6,redundant,3,3
289,False,14,6,6,redundant,3,3
289,False,15,6,6,redundant,3,3
290,True,0,5,5,redundant,4,4
290,True,1,5,7,same_carrier_order_thinning,4,4
290,True,2,5,8,same_carrier_order_thinning,4,4
290,True,3,5,9,same_carrier_order_thinning,4,4
290,True,4,5,5,redundant,4,4
290,True,5,5,6,same_carrier_order_thinning,4,4
290,True,6,5,7,same_carrier_order_thinning,4,4
290,True,7,5,7,same_carrier_order_thinning,4,4
290,True,8,5,6,same_carrier_order_thinning,4,4
290,True,9,5,7,same_carrier_order_thinning,4,4
290,True,10,5,8,same_carrier_order_thinning,4,4
290,True,11,5,8,same_carrier_order_thinning,4,4
290,True,12,5,5,redundant,4,4
290,True,13,5,5,redundant,4,4
290,True,14,5,6,same_carrier_order_thinning,4,4
290,True,15,5,5,redundant,4,4
291,True,0,8,8,redundant,4,4
291,True,1,8,12,same_carrier_order_thinning,4,4
291,True,2,8,8,redundant,4,4
291,True,3,8,12,same_carrier_order_thinning,4,4
291,True,4,8,8,redundant,4,4
291,True,5,8,10,same_carrier_order_thinning,4,4
291,True,6,8,8,redundant,4,4
291,True,7,8,10,same_carrier_order_thinning,4,4
291,True,8,8,10,same_carrier_order_thinning,4,4
291,True,9,8,12,same_carrier_order_thinning,4,4
291,True,10,8,10,same_carrier_order_thinning,4,4
291,True,11,8,12,same_carrier_order_thinning,4,4
291,True,12,8,8,redundant,4,4
291,True,13,8,8,redundant,4,4
291,True,14,8,8,redundant,4,4
291,True,15,8,8,redundant,4,4
292,True,0,7,7,redundant,4,4
292,True,1,7,10,same_carrier_order_thinning,4,4
292,True,2,7,8,same_carrier_order_thinning,4,4
292,True,3,7,12,same_carrier_order_thinning,4,4
292,True,4,7,7,redundant,4,4
292,True,5,7,9,same_carrier_order_thinning,4,4
292,True,6,7,7,redundant,4,4
292,True,7,7,9,same_carrier_order_thinning,4,4
292,True,8,7,8,same_carrier_order_thinning,4,4
292,True,9,7,9,same_carrier_order_thinning,4,4
292,True,10,7,10,same_carrier_order_thinning,4,4
292,True,11,7,12,same_carrier_order_thinning,4,4
292,True,12,7,7,redundant,4,4
292,True,13,7,7,redundant,4,4
292,True,14,7,7,redundant,4,4
292,True,15,7,7,redundant,4,4
293,True,0,5,5,redundant,4,4
293,True,1,5,7,same_carrier_order_thinning,4,4
293,True,2,5,8,same_carrier_order_thinning,4,4
293,True,3,5,9,same_carrier_order_thinning,4,4
293,True,4,5,6,same_carrier_order_thinning,4,4
293,True,5,5,7,same_carrier_order_thinning,4,4
293,True,6,5,8,same_carrier_order_thinning,4,4
293,True,7,5,8,same_carrier_order_thinning,4,4
293,True,8,5,5,redundant,4,4
293,True,9,5,6,same_carrier_order_thinning,4,4
293,True,10,5,7,same_carrier_order_thinning,4,4
293,True,11,5,7,same_carrier_order_thinning,4,4
293,True,12,5,5,redundant,4,4
293,True,13,5,5,redundant,4,4
293,True,14,5,6,same_carrier_order_thinning,4,4
293,True,15,5,5,redundant,4,4
294,True,0,8,8,redundant,4,4
294,True,1,8,12,same_carrier_order_thinning,4,4
294,True,2,8,8,redundant,4,4
294,True,3,8,12,same_carrier_order_thinning,4,4
294,True,4,8,10,same_carrier_order_thinning,4,4
294,True,5,8,12,same_carrier_order_thinning,4,4
294,True,6,8,10,same_carrier_order_thinning,4,4
294,True,7,8,12,same_carrier_order_thinning,4,4
294,True,8,8,8,redundant,4,4
294,True,9,8,10,same_carrier_order_thinning,4,4
294,True,10,8,8,redundant,4,4
294,True,11,8,10,same_carrier_order_thinning,4,4
294,True,12,8,8,redundant,4,4
294,True,13,8,8,redundant,4,4
294,True,14,8,8,redundant,4,4
294,True,15,8,8,redundant,4,4
295,True,0,7,7,redundant,4,4
295,True,1,7,10,same_carrier_order_thinning,4,4
295,True,2,7,8,same_carrier_order_thinning,4,4
295,True,3,7,12,same_carrier_order_thinning,4,4
295,True,4,7,8,same_carrier_order_thinning,4,4
295,True,5,7,9,same_carrier_order_thinning,4,4
295,True,6,7,10,same_carrier_order_thinning,4,4
295,True,7,7,12,same_carrier_order_thinning,4,4
295,True,8,7,7,redundant,4,4
295,True,9,7,9,same_carrier_order_thinning,4,4
295,True,10,7,7,redundant,4,4
295,True,11,7,9,same_carrier_order_thinning,4,4
295,True,12,7,7,redundant,4,4
295,True,13,7,7,redundant,4,4
295,True,14,7,7,redundant,4,4
295,True,15,7,7,redundant,4,4
296,False,0,3,3,redundant,2,2
296,False,1,3,4,same_carrier_order_thinning,2,2
296,False,2,3,4,splits_indiscernibility_class,2,3
296,False,3,3,5,splits_indiscernibility_class,2,3
296,False,4,3,4,splits_indiscernibility_class,2,3
296,False,5,3,5,splits_indiscernibility_class,2,3
296,False,6,3,4,splits_indiscernibility_class,2,3
296,False,7,3,5,splits_indiscernibility_class,2,3
296,False,8,3,4,splits_indiscernibility_class,2,3
296,False,9,3,5,splits_indiscernibility_class,2,3
296,False,10,3,4,splits_indiscernibility_class,2,3
296,False,11,3,5,splits_indiscernibility_class,2,3
296,False,12,3,4,splits_indiscernibility_class,2,3
296,False,13,3,5,splits_indiscernibility_class,2,3
296,False,14,3,3,redundant,2,2
296,False,15,3,3,redundant,2,2
297,False,0,4,4,redundant,2,2
297,False,1,4,4,redundant,2,2
297,False,2,4,6,splits_indiscernibility_class,2,3
297,False,3,4,6,splits_indiscernibility_class,2,3
297,False,4,4,6,splits_indiscernibility_class,2,3
297,False,5,4,6,splits_indiscernibility_class,2,3
297,False,6,4,6,splits_indiscernibility_class,2,3
297,False,7,4,6,splits_indiscernibility_class,2,3
297,False,8,4,6,splits_indiscernibility_class,2,3
297,False,9,4,6,splits_indiscernibility_class,2,3
297,False,10,4,6,splits_indiscernibility_class,2,3
297,False,11,4,6,splits_indiscernibility_class,2,3
297,False,12,4,6,splits_indiscernibility_class,2,3
297,False,13,4,6,splits_indiscernibility_class,2,3
297,False,14,4,4,redundant,2,2
297,False,15,4,4,redundant,2,2
298,False,0,4,4,redundant,3,3
298,False,1,4,6,same_carrier_order_thinning,3,3
298,False,2,4,4,redundant,3,3
298,False,3,4,5,same_carrier_order_thinning,3,3
298,False,4,4,6,splits_indiscernibility_class,3,4
298,False,5,4,8,splits_indiscernibility_class,3,4
298,False,6,4,5,splits_indiscernibility_class,3,4
298,False,7,4,6,splits_indiscernibility_class,3,4
298,False,8,4,6,splits_indiscernibility_class,3,4
298,False,9,4,8,splits_indiscernibility_class,3,4
298,False,10,4,5,splits_indiscernibility_class,3,4
298,False,11,4,6,splits_indiscernibility_class,3,4
298,False,12,4,5,same_carrier_order_thinning,3,3
298,False,13,4,6,same_carrier_order_thinning,3,3
298,False,14,4,4,redundant,3,3
298,False,15,4,4,redundant,3,3
299,False,0,6,6,redundant,3,3
299,False,1,6,6,redundant,3,3
299,False,2,6,6,redundant,3,3
299,False,3,6,6,redundant,3,3
299,False,4,6,10,splits_indiscernibility_class,3,4
299,False,5,6,10,splits_indiscernibility_class,3,4
299,False,6,6,8,splits_indiscernibility_class,3,4
299,False,7,6,8,splits_indiscernibility_class,3,4
299,False,8,6,10,splits_indiscernibility_class,3,4
299,False,9,6,10,splits_indiscernibility_class,3,4
299,False,10,6,8,splits_indiscernibility_class,3,4
299,False,11,6,8,splits_indiscernibility_class,3,4
299,False,12,6,8,same_carrier_order_thinning,3,3
299,False,13,6,8,same_carrier_order_thinning,3,3
299,False,14,6,6,redundant,3,3
299,False,15,6,6,redundant,3,3
300,False,0,5,5,redundant,3,3
300,False,1,5,6,same_carrier_order_thinning,3,3
300,False,2,5,5,redundant,3,3
300,False,3,5,5,redundant,3,3
300,False,4,5,8,splits_indiscernibility_class,3,4
300,False,5,5,10,splits_indiscernibility_class,3,4
300,False,6,5,7,splits_indiscernibility_class,3,4
300,False,7,5,7,splits_indiscernibility_class,3,4
300,False,8,5,8,splits_indiscernibility_class,3,4
300,False,9,5,10,splits_indiscernibility_class,3,4
300,False,10,5,7,splits_indiscernibility_class,3,4
300,False,11,5,7,splits_indiscernibility_class,3,4
300,False,12,5,6,same_carrier_order_thinning,3,3
300,False,13,5,8,same_carrier_order_thinning,3,3
300,False,14,5,5,redundant,3,3
300,False,15,5,5,redundant,3,3
301,False,0,4,4,redundant,3,3
301,False,1,4,6,same_carrier_order_thinning,3,3
301,False,2,4,6,splits_indiscernibility_class,3,4
301,False,3,4,8,splits_indiscernibility_class,3,4
301,False,4,4,4,redundant,3,3
301,False,5,4,5,same_carrier_order_thinning,3,3
301,False,6,4,5,splits_indiscernibility_class,3,4
301,False,7,4,6,splits_indiscernibility_class,3,4
301,False,8,4,6,splits_indiscernibility_class,3,4
301,False,9,4,8,splits_indiscernibility_class,3,4
301,False,10,4,5,same_carrier_order_thinning,3,3
301,False,11,4,6,same_carrier_order_thinning,3,3
301,False,12,4,5,splits_indiscernibility_class,3,4
301,False,13,4,6,splits_indiscernibility_class,3,4
301,False,14,4,4,redundant,3,3
301,False,15,4,4,redundant,3,3
302,False,0,6,6,redundant,3,3
302,False,1,6,6,redundant,3,3
302,False,2,6,10,splits_indiscernibility_class,3,4
302,False,3,6,10,splits_indiscernibility_class,3,4
302,False,4,6,6,redundant,3,3
302,False,5,6,6,redundant,3,3
302,False,6,6,8,splits_indiscernibility_class,3,4
302,False,7,6,8,splits_indiscernibility_class,3,4
302,False,8,6,10,splits_indiscernibility_class,3,4
302,False,9,6,10,splits_indiscernibility_class,3,4
302,False,10,6,8,same_carrier_order_thinning,3,3
302,False,11,6,8,same_carrier_order_thinning,3,3
302,False,12,6,8,splits_indiscernibility_class,3,4
302,False,13,6,8,splits_indiscernibility_class,3,4
302,False,14,6,6,redundant,3,3
302,False,15,6,6,redundant,3,3
303,True,0,6,6,redundant,4,4
303,True,1,6,10,same_carrier_order_thinning,4,4
303,True,2,6,6,redundant,4,4
303,True,3,6,8,same_carrier_order_thinning,4,4
303,True,4,6,6,redundant,4,4
303,True,5,6,8,same_carrier_order_thinning,4,4
303,True,6,6,6,redundant,4,4
303,True,7,6,7,same_carrier_order_thinning,4,4
303,True,8,6,9,same_carrier_order_thinning,4,4
303,True,9,6,12,same_carrier_order_thinning,4,4
303,True,10,6,7,same_carrier_order_thinning,4,4
303,True,11,6,8,same_carrier_order_thinning,4,4
303,True,12,6,7,same_carrier_order_thinning,4,4
303,True,13,6,8,same_carrier_order_thinning,4,4
303,True,14,6,6,redundant,4,4
303,True,15,6,6,redundant,4,4
304,True,0,10,10,redundant,4,4
304,True,1,10,10,redundant,4,4
304,True,2,10,10,redundant,4,4
304,True,3,10,10,redundant,4,4
304,True,4,10,10,redundant,4,4
304,True,5,10,10,redundant,4,4
304,True,6,10,10,redundant,4,4
304,True,7,10,10,redundant,4,4
304,True,8,10,16,same_carrier_order_thinning,4,4
304,True,9,10,16,same_carrier_order_thinning,4,4
304,True,10,10,12,same_carrier_order_thinning,4,4
304,True,11,10,12,same_carrier_order_thinning,4,4
304,True,12,10,12,same_carrier_order_thinning,4,4
304,True,13,10,12,same_carrier_order_thinning,4,4
304,True,14,10,10,redundant,4,4
304,True,15,10,10,redundant,4,4
305,True,0,8,8,redundant,4,4
305,True,1,8,10,same_carrier_order_thinning,4,4
305,True,2,8,8,redundant,4,4
305,True,3,8,8,redundant,4,4
305,True,4,8,8,redundant,4,4
305,True,5,8,10,same_carrier_order_thinning,4,4
305,True,6,8,8,redundant,4,4
305,True,7,8,8,redundant,4,4
305,True,8,8,12,same_carrier_order_thinning,4,4
305,True,9,8,16,same_carrier_order_thinning,4,4
305,True,10,8,10,same_carrier_order_thinning,4,4
305,True,11,8,10,same_carrier_order_thinning,4,4
305,True,12,8,9,same_carrier_order_thinning,4,4
305,True,13,8,12,same_carrier_order_thinning,4,4
305,True,14,8,8,redundant,4,4
305,True,15,8,8,redundant,4,4
306,False,0,5,5,redundant,3,3
306,False,1,5,6,same_carrier_order_thinning,3,3
306,False,2,5,8,splits_indiscernibility_class,3,4
306,False,3,5,10,splits_indiscernibility_class,3,4
306,False,4,5,5,redundant,3,3
306,False,5,5,5,redundant,3,3
306,False,6,5,7,splits_indiscernibility_class,3,4
306,False,7,5,7,splits_indiscernibility_class,3,4
306,False,8,5,8,splits_indiscernibility_class,3,4
306,False,9,5,10,splits_indiscernibility_class,3,4
306,False,10,5,6,same_carrier_order_thinning,3,3
306,False,11,5,8,same_carrier_order_thinning,3,3
306,False,12,5,7,splits_indiscernibility_class,3,4
306,False,13,5,7,splits_indiscernibility_class,3,4
306,False,14,5,5,redundant,3,3
306,False,15,5,5,redundant,3,3
307,True,0,8,8,redundant,4,4
307,True,1,8,10,same_carrier_order_thinning,4,4
307,True,2,8,8,redundant,4,4
307,True,3,8,10,same_carrier_order_thinning,4,4
307,True,4,8,8,redundant,4,4
307,True,5,8,8,redundant,4,4
307,True,6,8,8,redundant,4,4
307,True,7,8,8,redundant,4,4
307,True,8,8,12,same_carrier_order_thinning,4,4
307,True,9,8,16,same_carrier_order_thinning,4,4
307,True,10,8,9,same_carrier_order_thinning,4,4
307,True,11,8,12,same_carrier_order_thinning,4,4
307,True,12,8,10,same_carrier_order_thinning,4,4
307,True,13,8,10,same_carrier_order_thinning,4,4
307,True,14,8,8,redundant,4,4
307,True,15,8,8,redundant,4,4
308,False,0,4,4,redundant,3,3
308,False,1,4,6,same_carrier_order_thinning,3,3
308,False,2,4,5,splits_indiscernibility_class,3,4
308,False,3,4,7,splits_indiscernibility_class,3,4
308,False,4,4,5,splits_indiscernibility_class,3,4
308,False,5,4,7,splits_indiscernibility_class,3,4
308,False,6,4,4,redundant,3,3
308,False,7,4,5,same_carrier_order_thinning,3,3
308,False,8,4,5,same_carrier_order_thinning,3,3
308,False,9,4,6,same_carrier_order_thinning,3,3
308,False,10,4,6,splits_indiscernibility_class,3,4
308,False,11,4,7,splits_indiscernibility_class,3,4
308,False,12,4,6,splits_indiscernibility_class,3,4
308,False,13,4,7,splits_indiscernibility_class,3,4
308,False,14,4,4,redundant,3,3
308,False,15,4,4,redundant,3,3
309,False,0,6,6,redundant,3,3
309,False,1,6,6,redundant,3,3
309,False,2,6,8,splits_indiscernibility_class,3,4
309,False,3,6,8,splits_indiscernibility_class,3,4
309,False,4,6,8,splits_indiscernibility_class,3,4
309,False,5,6,8,splits_indiscernibility_class,3,4
309,False,6,6,6,redundant,3,3
309,False,7,6,6,redundant,3,3
309,False,8,6,8,same_carrier_order_thinning,3,3
309,False,9,6,8,same_carrier_order_thinning,3,3
309,False,10,6,10,splits_indiscernibility_class,3,4
309,False,11,6,10,splits_indiscernibility_class,3,4
309,False,12,6,10,splits_indiscernibility_class,3,4
309,False,13,6,10,splits_indiscernibility_class,3,4
309,False,14,6,6,redundant,3,3
309,False,15,6,6,redundant,3,3
310,True,0,5,5,redundant,4,4
310,True,1,5,8,same_carrier_order_thinning,4,4
310,True,2,5,5,redundant,4,4
310,True,3,5,7,same_carrier_order_thinning,4,4
310,True,4,5,6,same_carrier_order_thinning,4,4
310,True,5,5,8,same_carrier_order_thinning,4,4
310,True,6,5,5,redundant,4,4
310,True,7,5,6,same_carrier_order_thinning,4,4
310,True,8,5,7,same_carrier_order_thinning,4,4
310,True,9,5,9,same_carrier_order_thinning,4,4
310,True,10,5,6,same_carrier_order_thinning,4,4
310,True,11,5,7,same_carrier_order_thinning,4,4
310,True,12,5,7,same_carrier_order_thinning,4,4
310,True,13,5,8,same_carrier_order_thinning,4,4
310,True,14,5,5,redundant,4,4
310,True,15,5,5,redundant,4,4
311,True,0,8,8,redundant,4,4
311,True,1,8,8,redundant,4,4
311,True,2,8,8,redundant,4,4
311,True,3,8,8,redundant,4,4
311,True,4,8,10,same_carrier_order_thinning,4,4
311,True,5,8,10,same_carrier_order_thinning,4,4
311,True,6,8,8,redundant,4,4
311,True,7,8,8,redundant,4,4
311,True,8,8,12,same_carrier_order_thinning,4,4
311,True,9,8,12,same_carrier_order_thinning,4,4
311,True,10,8,10,same_carrier_order_thinning,4,4
311,True,11,8,10,same_carrier_order_thinning,4,4
311,True,12,8,12,same_carrier_order_thinning,4,4
311,True,13,8,12,same_carrier_order_thinning,4,4
311,True,14,8,8,redundant,4,4
311,True,15,8,8,redundant,4,4
312,True,0,7,7,redundant,4,4
312,True,1,7,8,same_carrier_order_thinning,4,4
312,True,2,7,7,redundant,4,4
312,True,3,7,7,redundant,4,4
312,True,4,7,8,same_carrier_order_thinning,4,4
312,True,5,7,10,same_carrier_order_thinning,4,4
312,True,6,7,7,redundant,4,4
312,True,7,7,7,redundant,4,4
312,True,8,7,10,same_carrier_order_thinning,4,4
312,True,9,7,12,same_carrier_order_thinning,4,4
312,True,10,7,9,same_carrier_order_thinning,4,4
312,True,11,7,9,same_carrier_order_thinning,4,4
312,True,12,7,9,same_carrier_order_thinning,4,4
312,True,13,7,12,same_carrier_order_thinning,4,4
312,True,14,7,7,redundant,4,4
312,True,15,7,7,redundant,4,4
313,True,0,5,5,redundant,4,4
313,True,1,5,8,same_carrier_order_thinning,4,4
313,True,2,5,6,same_carrier_order_thinning,4,4
313,True,3,5,8,same_carrier_order_thinning,4,4
313,True,4,5,5,redundant,4,4
313,True,5,5,7,same_carrier_order_thinning,4,4
313,True,6,5,5,redundant,4,4
313,True,7,5,6,same_carrier_order_thinning,4,4
313,True,8,5,7,same_carrier_order_thinning,4,4
313,True,9,5,9,same_carrier_order_thinning,4,4
313,True,10,5,7,same_carrier_order_thinning,4,4
313,True,11,5,8,same_carrier_order_thinning,4,4
313,True,12,5,6,same_carrier_order_thinning,4,4
313,True,13,5,7,same_carrier_order_thinning,4,4
313,True,14,5,5,redundant,4,4
313,True,15,5,5,redundant,4,4
314,True,0,8,8,redundant,4,4
314,True,1,8,8,redundant,4,4
314,True,2,8,10,same_carrier_order_thinning,4,4
314,True,3,8,10,same_carrier_order_thinning,4,4
314,True,4,8,8,redundant,4,4
314,True,5,8,8,redundant,4,4
314,True,6,8,8,redundant,4,4
314,True,7,8,8,redundant,4,4
314,True,8,8,12,same_carrier_order_thinning,4,4
314,True,9,8,12,same_carrier_order_thinning,4,4
314,True,10,8,12,same_carrier_order_thinning,4,4
314,True,11,8,12,same_carrier_order_thinning,4,4
314,True,12,8,10,same_carrier_order_thinning,4,4
314,True,13,8,10,same_carrier_order_thinning,4,4
314,True,14,8,8,redundant,4,4
314,True,15,8,8,redundant,4,4
315,True,0,7,7,redundant,4,4
315,True,1,7,8,same_carrier_order_thinning,4,4
315,True,2,7,8,same_carrier_order_thinning,4,4
315,True,3,7,10,same_carrier_order_thinning,4,4
315,True,4,7,7,redundant,4,4
315,True,5,7,7,redundant,4,4
315,True,6,7,7,redundant,4,4
315,True,7,7,7,redundant,4,4
315,True,8,7,10,same_carrier_order_thinning,4,4
315,True,9,7,12,same_carrier_order_thinning,4,4
315,True,10,7,9,same_carrier_order_thinning,4,4
315,True,11,7,12,same_carrier_order_thinning,4,4
315,True,12,7,9,same_carrier_order_thinning,4,4
315,True,13,7,9,same_carrier_order_thinning,4,4
315,True,14,7,7,redundant,4,4
315,True,15,7,7,redundant,4,4
316,False,0,5,5,redundant,3,3
316,False,1,5,6,same_carrier_order_thinning,3,3
316,False,2,5,6,splits_indiscernibility_class,3,4
316,False,3,5,7,splits_indiscernibility_class,3,4
316,False,4,5,6,splits_indiscernibility_class,3,4
316,False,5,5,7,splits_indiscernibility_class,3,4
316,False,6,5,5,redundant,3,3
316,False,7,5,5,redundant,3,3
316,False,8,5,6,same_carrier_order_thinning,3,3
316,False,9,5,8,same_carrier_order_thinning,3,3
316,False,10,5,7,splits_indiscernibility_class,3,4
316,False,11,5,9,splits_indiscernibility_class,3,4
316,False,12,5,7,splits_indiscernibility_class,3,4
316,False,13,5,9,splits_indiscernibility_class,3,4
316,False,14,5,5,redundant,3,3
316,False,15,5,5,redundant,3,3
317,True,0,6,6,redundant,4,4
317,True,1,6,8,same_carrier_order_thinning,4,4
317,True,2,6,6,redundant,4,4
317,True,3,6,7,same_carrier_order_thinning,4,4
317,True,4,6,7,same_carrier_order_thinning,4,4
317,True,5,6,8,same_carrier_order_thinning,4,4
317,True,6,6,6,redundant,4,4
317,True,7,6,6,redundant,4,4
317,True,8,6,8,same_carrier_order_thinning,4,4
317,True,9,6,12,same_carrier_order_thinning,4,4
317,True,10,6,7,same_carrier_order_thinning,4,4
317,True,11,6,9,same_carrier_order_thinning,4,4
317,True,12,6,8,same_carrier_order_thinning,4,4
317,True,13,6,10,same_carrier_order_thinning,4,4
317,True,14,6,6,redundant,4,4
317,True,15,6,6,redundant,4,4
318,True,0,6,6,redundant,4,4
318,True,1,6,8,same_carrier_order_thinning,4,4
318,True,2,6,7,same_carrier_order_thinning,4,4
318,True,3,6,8,same_carrier_order_thinning,4,4
318,True,4,6,6,redundant,4,4
318,True,5,6,7,same_carrier_order_thinning,4,4
318,True,6,6,6,redundant,4,4
318,True,7,6,6,redundant,4,4
318,True,8,6,8,same_carrier_order_thinning,4,4
318,True,9,6,12,same_carrier_order_thinning,4,4
318,True,10,6,8,same_carrier_order_thinning,4,4
318,True,11,6,10,same_carrier_order_thinning,4,4
318,True,12,6,7,same_carrier_order_thinning,4,4
318,True,13,6,9,same_carrier_order_thinning,4,4
318,True,14,6,6,redundant,4,4
318,True,15,6,6,redundant,4,4
319,True,0,7,7,redundant,4,4
319,True,1,7,10,same_carrier_order_thinning,4,4
319,True,2,7,7,redundant,4,4
319,True,3,7,8,same_carrier_order_thinning,4,4
319,True,4,7,7,redundant,4,4
319,True,5,7,8,same_carrier_order_thinning,4,4
319,True,6,7,7,redundant,4,4
319,True,7,7,7,redundant,4,4
319,True,8,7,10,same_carrier_order_thinning,4,4
319,True,9,7,16,same_carrier_order_thinning,4,4
319,True,10,7,8,same_carrier_order_thinning,4,4
319,True,11,7,10,same_carrier_order_thinning,4,4
319,True,12,7,8,same_carrier_order_thinning,4,4
319,True,13,7,10,same_carrier_order_thinning,4,4
319,True,14,7,7,redundant,4,4
319,True,15,7,7,redundant,4,4
320,False,0,4,4,redundant,3,3
320,False,1,4,6,same_carrier_order_thinning,3,3
320,False,2,4,6,splits_indiscernibility_class,3,4
320,False,3,4,8,splits_indiscernibility_class,3,4
320,False,4,4,6,splits_indiscernibility_class,3,4
320,False,5,4,8,splits_indiscernibility_class,3,4
320,False,6,4,5,same_carrier_order_thinning,3,3
320,False,7,4,6,same_carrier_order_thinning,3,3
320,False,8,4,4,redundant,3,3
320,False,9,4,5,same_carrier_order_thinning,3,3
320,False,10,4,5,splits_indiscernibility_class,3,4
320,False,11,4,6,splits_indiscernibility_class,3,4
320,False,12,4,5,splits_indiscernibility_class,3,4
320,False,13,4,6,splits_indiscernibility_class,3,4
320,False,14,4,4,redundant,3,3
320,False,15,4,4,redundant,3,3
321,False,0,6,6,redundant,3,3
321,False,1,6,6,redundant,3,3
321,False,2,6,10,splits_indiscernibility_class,3,4
321,False,3,6,10,splits_indiscernibility_class,3,4
321,False,4,6,10,splits_indiscernibility_class,3,4
321,False,5,6,10,splits_indiscernibility_class,3,4
321,False,6,6,8,same_carrier_order_thinning,3,3
321,False,7,6,8,same_carrier_order_thinning,3,3
321,False,8,6,6,redundant,3,3
321,False,9,6,6,redundant,3,3
321,False,10,6,8,splits_indiscernibility_class,3,4
321,False,11,6,8,splits_indiscernibility_class,3,4
321,False,12,6,8,splits_indiscernibility_class,3,4
321,False,13,6,8,splits_indiscernibility_class,3,4
321,False,14,6,6,redundant,3,3
321,False,15,6,6,redundant,3,3
322,True,0,6,6,redundant,4,4
322,True,1,6,10,same_carrier_order_thinning,4,4
322,True,2,6,6,redundant,4,4
322,True,3,6,8,same_carrier_order_thinning,4,4
322,True,4,6,9,same_carrier_order_thinning,4,4
322,True,5,6,12,same_carrier_order_thinning,4,4
322,True,6,6,7,same_carrier_order_thinning,4,4
322,True,7,6,8,same_carrier_order_thinning,4,4
322,True,8,6,6,redundant,4,4
322,True,9,6,8,same_carrier_order_thinning,4,4
322,True,10,6,6,redundant,4,4
322,True,11,6,7,same_carrier_order_thinning,4,4
322,True,12,6,7,same_carrier_order_thinning,4,4
322,True,13,6,8,same_carrier_order_thinning,4,4
322,True,14,6,6,redundant,4,4
322,True,15,6,6,redundant,4,4
323,True,0,10,10,redundant,4,4
323,True,1,10,10,redundant,4,4
323,True,2,10,10,redundant,4,4
323,True,3,10,10,redundant,4,4
323,True,4,10,16,same_carrier_order_thinning,4,4
323,True,5,10,16,same_carrier_order_thinning,4,4
323,True,6,10,12,same_carrier_order_thinning,4,4
323,True,7,10,12,same_carrier_order_thinning,4,4
323,True,8,10,10,redundant,4,4
323,True,9,10,10,redundant,4,4
323,True,10,10,10,redundant,4,4
323,True,11,10,10,redundant,4,4
323,True,12,10,12,same_carrier_order_thinning,4,4
323,True,13,10,12,same_carrier_order_thinning,4,4
323,True,14,10,10,redundant,4,4
323,True,15,10,10,redundant,4,4
324,True,0,8,8,redundant,4,4
324,True,1,8,10,same_carrier_order_thinning,4,4
324,True,2,8,8,redundant,4,4
324,True,3,8,8,redundant,4,4
324,True,4,8,12,same_carrier_order_thinning,4,4
324,True,5,8,16,same_carrier_order_thinning,4,4
324,True,6,8,10,same_carrier_order_thinning,4,4
324,True,7,8,10,same_carrier_order_thinning,4,4
324,True,8,8,8,redundant,4,4
324,True,9,8,10,same_carrier_order_thinning,4,4
324,True,10,8,8,redundant,4,4
324,True,11,8,8,redundant,4,4
324,True,12,8,9,same_carrier_order_thinning,4,4
324,True,13,8,12,same_carrier_order_thinning,4,4
324,True,14,8,8,redundant,4,4
324,True,15,8,8,redundant,4,4
325,True,0,6,6,redundant,4,4
325,True,1,6,10,same_carrier_order_thinning,4,4
325,True,2,6,9,same_carrier_order_thinning,4,4
325,True,3,6,12,same_carrier_order_thinning,4,4
325,True,4,6,6,redundant,4,4
325,True,5,6,8,same_carrier_order_thinning,4,4
325,True,6,6,7,same_carrier_order_thinning,4,4
325,True,7,6,8,same_carrier_order_thinning,4,4
325,True,8,6,6,redundant,4,4
325,True,9,6,8,same_carrier_order_thinning,4,4
325,True,10,6,7,same_carrier_order_thinning,4,4
325,True,11,6,8,same_carrier_order_thinning,4,4
325,True,12,6,6,redundant,4,4
325,True,13,6,7,same_carrier_order_thinning,4,4
325,True,14,6,6,redundant,4,4
325,True,15,6,6,redundant,4,4
326,True,0,10,10,redundant,4,4
326,True,1,10,10,redundant,4,4
326,True,2,10,16,same_carrier_order_thinning,4,4
326,True,3,10,16,same_carrier_order_thinning,4,4
326,True,4,10,10,redundant,4,4
326,True,5,10,10,redundant,4,4
326,True,6,10,12,same_carrier_order_thinning,4,4
326,True,7,10,12,same_carrier_order_thinning,4,4
326,True,8,10,10,redundant,4,4
326,True,9,10,10,redundant,4,4
326,True,10,10,12,same_carrier_order_thinning,4,4
326,True,11,10,12,same_carrier_order_thinning,4,4
326,True,12,10,10,redundant,4,4
326,True,13,10,10,redundant,4,4
326,True,14,10,10,redundant,4,4
326,True,15,10,10,redundant,4,4
327,True,0,8,8,redundant,4,4
327,True,1,8,10,same_carrier_order_thinning,4,4
327,True,2,8,12,same_carrier_order_thinning,4,4
327,True,3,8,16,same_carrier_order_thinning,4,4
327,True,4,8,8,redundant,4,4
327,True,5,8,8,redundant,4,4
327,True,6,8,10,same_carrier_order_thinning,4,4
327,True,7,8,10,same_carrier_order_thinning,4,4
327,True,8,8,8,redundant,4,4
327,True,9,8,10,same_carrier_order_thinning,4,4
327,True,10,8,9,same_carrier_order_thinning,4,4
327,True,11,8,12,same_carrier_order_thinning,4,4
327,True,12,8,8,redundant,4,4
327,True,13,8,8,redundant,4,4
327,True,14,8,8,redundant,4,4
327,True,15,8,8,redundant,4,4
328,False,0,5,5,redundant,3,3
328,False,1,5,6,same_carrier_order_thinning,3,3
328,False,2,5,8,splits_indiscernibility_class,3,4
328,False,3,5,10,splits_indiscernibility_class,3,4
328,False,4,5,8,splits_indiscernibility_class,3,4
328,False,5,5,10,splits_indiscernibility_class,3,4
328,False,6,5,6,same_carrier_order_thinning,3,3
328,False,7,5,8,same_carrier_order_thinning,3,3
328,False,8,5,5,redundant,3,3
328,False,9,5,5,redundant,3,3
328,False,10,5,7,splits_indiscernibility_class,3,4
328,False,11,5,7,splits_indiscernibility_class,3,4
328,False,12,5,7,splits_indiscernibility_class,3,4
328,False,13,5,7,splits_indiscernibility_class,3,4
328,False,14,5,5,redundant,3,3
328,False,15,5,5,redundant,3,3
329,True,0,8,8,redundant,4,4
329,True,1,8,10,same_carrier_order_thinning,4,4
329,True,2,8,8,redundant,4,4
329,True,3,8,10,same_carrier_order_thinning,4,4
329,True,4,8,12,same_carrier_order_thinning,4,4
329,True,5,8,16,same_carrier_order_thinning,4,4
329,True,6,8,9,same_carrier_order_thinning,4,4
329,True,7,8,12,same_carrier_order_thinning,4,4
329,True,8,8,8,redundant,4,4
329,True,9,8,8,redundant,4,4
329,True,10,8,8,redundant,4,4
329,True,11,8,8,redundant,4,4
329,True,12,8,10,same_carrier_order_thinning,4,4
329,True,13,8,10,same_carrier_order_thinning,4,4
329,True,14,8,8,redundant,4,4
329,True,15,8,8,redundant,4,4
330,True,0,8,8,redundant,4,4
330,True,1,8,10,same_carrier_order_thinning,4,4
330,True,2,8,12,same_carrier_order_thinning,4,4
330,True,3,8,16,same_carrier_order_thinning,4,4
330,True,4,8,8,redundant,4,4
330,True,5,8,10,same_carrier_order_thinning,4,4
330,True,6,8,9,same_carrier_order_thinning,4,4
330,True,7,8,12,same_carrier_order_thinning,4,4
330,True,8,8,8,redundant,4,4
330,True,9,8,8,redundant,4,4
330,True,10,8,10,same_carrier_order_thinning,4,4
330,True,11,8,10,same_carrier_order_thinning,4,4
330,True,12,8,8,redundant,4,4
330,True,13,8,8,redundant,4,4
330,True,14,8,8,redundant,4,4
330,True,15,8,8,redundant,4,4
331,False,0,4,4,redundant,3,3
331,False,1,4,6,same_carrier_order_thinning,3,3
331,False,2,4,5,splits_indiscernibility_class,3,4
331,False,3,4,7,splits_indiscernibility_class,3,4
331,False,4,4,5,same_carrier_order_thinning,3,3
331,False,5,4,6,same_carrier_order_thinning,3,3
331,False,6,4,6,splits_indiscernibility_class,3,4
331,False,7,4,7,splits_indiscernibility_class,3,4
331,False,8,4,5,splits_indiscernibility_class,3,4
331,False,9,4,7,splits_indiscernibility_class,3,4
331,False,10,4,4,redundant,3,3
331,False,11,4,5,same_carrier_order_thinning,3,3
331,False,12,4,6,splits_indiscernibility_class,3,4
331,False,13,4,7,splits_indiscernibility_class,3,4
331,False,14,4,4,redundant,3,3
331,False,15,4,4,redundant,3,3
332,False,0,6,6,redundant,3,3
332,False,1,6,6,redundant,3,3
332,False,2,6,8,splits_indiscernibility_class,3,4
332,False,3,6,8,splits_indiscernibility_class,3,4
332,False,4,6,8,same_carrier_order_thinning,3,3
332,False,5,6,8,same_carrier_order_thinning,3,3
332,False,6,6,10,splits_indiscernibility_class,3,4
332,False,7,6,10,splits_indiscernibility_class,3,4
332,False,8,6,8,splits_indiscernibility_class,3,4
332,False,9,6,8,splits_indiscernibility_class,3,4
332,False,10,6,6,redundant,3,3
332,False,11,6,6,redundant,3,3
332,False,12,6,10,splits_indiscernibility_class,3,4
332,False,13,6,10,splits_indiscernibility_class,3,4
332,False,14,6,6,redundant,3,3
332,False,15,6,6,redundant,3,3
333,True,0,5,5,redundant,4,4
333,True,1,5,8,same_carrier_order_thinning,4,4
333,True,2,5,5,redundant,4,4
333,True,3,5,7,same_carrier_order_thinning,4,4
333,True,4,5,7,same_carrier_order_thinning,4,4
333,True,5,5,9,same_carrier_order_thinning,4,4
333,True,6,5,6,same_carrier_order_thinning,4,4
333,True,7,5,7,same_carrier_order_thinning,4,4
333,True,8,5,6,same_carrier_order_thinning,4,4
333,True,9,5,8,same_carrier_order_thinning,4,4
333,True,10,5,5,redundant,4,4
333,True,11,5,6,same_carrier_order_thinning,4,4
333,True,12,5,7,same_carrier_order_thinning,4,4
333,True,13,5,8,same_carrier_order_thinning,4,4
333,True,14,5,5,redundant,4,4
333,True,15,5,5,redundant,4,4
334,True,0,8,8,redundant,4,4
334,True,1,8,8,redundant,4,4
334,True,2,8,8,redundant,4,4
334,True,3,8,8,redundant,4,4
334,True,4,8,12,same_carrier_order_thinning,4,4
334,True,5,8,12,same_carrier_order_thinning,4,4
334,True,6,8,10,same_carrier_order_thinning,4,4
334,True,7,8,10,same_carrier_order_thinning,4,4
334,True,8,8,10,same_carrier_order_thinning,4,4
334,True,9,8,10,same_carrier_order_thinning,4,4
334,True,10,8,8,redundant,4,4
334,True,11,8,8,redundant,4,4
334,True,12,8,12,same_carrier_order_thinning,4,4
334,True,13,8,12,same_carrier_order_thinning,4,4
334,True,14,8,8,redundant,4,4
334,True,15,8,8,redundant,4,4
335,True,0,7,7,redundant,4,4
335,True,1,7,8,same_carrier_order_thinning,4,4
335,True,2,7,7,redundant,4,4
335,True,3,7,7,redundant,4,4
335,True,4,7,10,same_carrier_order_thinning,4,4
335,True,5,7,12,same_carrier_order_thinning,4,4
335,True,6,7,9,same_carrier_order_thinning,4,4
335,True,7,7,9,same_carrier_order_thinning,4,4
335,True,8,7,8,same_carrier_order_thinning,4,4
335,True,9,7,10,same_carrier_order_thinning,4,4
335,True,10,7,7,redundant,4,4
335,True,11,7,7,redundant,4,4
335,True,12,7,9,same_carrier_order_thinning,4,4
335,True,13,7,12,same_carrier_order_thinning,4,4
335,True,14,7,7,redundant,4,4
335,True,15,7,7,redundant,4,4
336,True,0,5,5,redundant,4,4
336,True,1,5,8,same_carrier_order_thinning,4,4
336,True,2,5,6,same_carrier_order_thinning,4,4
336,True,3,5,8,same_carrier_order_thinning,4,4
336,True,4,5,7,same_carrier_order_thinning,4,4
336,True,5,5,9,same_carrier_order_thinning,4,4
336,True,6,5,7,same_carrier_order_thinning,4,4
336,True,7,5,8,same_carrier_order_thinning,4,4
336,True,8,5,5,redundant,4,4
336,True,9,5,7,same_carrier_order_thinning,4,4
336,True,10,5,5,redundant,4,4
336,True,11,5,6,same_carrier_order_thinning,4,4
336,True,12,5,6,same_carrier_order_thinning,4,4
336,True,13,5,7,same_carrier_order_thinning,4,4
336,True,14,5,5,redundant,4,4
336,True,15,5,5,redundant,4,4
337,True,0,8,8,redundant,4,4
337,True,1,8,8,redundant,4,4
337,True,2,8,10,same_carrier_order_thinning,4,4
337,True,3,8,10,same_carrier_order_thinning,4,4
337,True,4,8,12,same_carrier_order_thinning,4,4
337,True,5,8,12,same_carrier_order_thinning,4,4
337,True,6,8,12,same_carrier_order_thinning,4,4
337,True,7,8,12,same_carrier_order_thinning,4,4
337,True,8,8,8,redundant,4,4
337,True,9,8,8,redundant,4,4
337,True,10,8,8,redundant,4,4
337,True,11,8,8,redundant,4,4
337,True,12,8,10,same_carrier_order_thinning,4,4
337,True,13,8,10,same_carrier_order_thinning,4,4
337,True,14,8,8,redundant,4,4
337,True,15,8,8,redundant,4,4
338,True,0,7,7,redundant,4,4
338,True,1,7,8,same_carrier_order_thinning,4,4
338,True,2,7,8,same_carrier_order_thinning,4,4
338,True,3,7,10,same_carrier_order_thinning,4,4
338,True,4,7,10,same_carrier_order_thinning,4,4
338,True,5,7,12,same_carrier_order_thinning,4,4
338,True,6,7,9,same_carrier_order_thinning,4,4
338,True,7,7,12,same_carrier_order_thinning,4,4
338,True,8,7,7,redundant,4,4
338,True,9,7,7,redundant,4,4
338,True,10,7,7,redundant,4,4
338,True,11,7,7,redundant,4,4
338,True,12,7,9,same_carrier_order_thinning,4,4
338,True,13,7,9,same_carrier_order_thinning,4,4
338,True,14,7,7,redundant,4,4
338,True,15,7,7,redundant,4,4
339,False,0,5,5,redundant,3,3
339,False,1,5,6,same_carrier_order_thinning,3,3
339,False,2,5,6,splits_indiscernibility_class,3,4
339,False,3,5,7,splits_indiscernibility_class,3,4
339,False,4,5,6,same_carrier_order_thinning,3,3
339,False,5,5,8,same_carrier_order_thinning,3,3
339,False,6,5,7,splits_indiscernibility_class,3,4
339,False,7,5,9,splits_indiscernibility_class,3,4
339,False,8,5,6,splits_indiscernibility_class,3,4
339,False,9,5,7,splits_indiscernibility_class,3,4
339,False,10,5,5,redundant,3,3
339,False,11,5,5,redundant,3,3
339,False,12,5,7,splits_indiscernibility_class,3,4
339,False,13,5,9,splits_indiscernibility_class,3,4
339,False,14,5,5,redundant,3,3
339,False,15,5,5,redundant,3,3
340,True,0,6,6,redundant,4,4
340,True,1,6,8,same_carrier_order_thinning,4,4
340,True,2,6,6,redundant,4,4
340,True,3,6,7,same_carrier_order_thinning,4,4
340,True,4,6,8,same_carrier_order_thinning,4,4
340,True,5,6,12,same_carrier_order_thinning,4,4
340,True,6,6,7,same_carrier_order_thinning,4,4
340,True,7,6,9,same_carrier_order_thinning,4,4
340,True,8,6,7,same_carrier_order_thinning,4,4
340,True,9,6,8,same_carrier_order_thinning,4,4
340,True,10,6,6,redundant,4,4
340,True,11,6,6,redundant,4,4
340,True,12,6,8,same_carrier_order_thinning,4,4
340,True,13,6,10,same_carrier_order_thinning,4,4
340,True,14,6,6,redundant,4,4
340,True,15,6,6,redundant,4,4
341,True,0,6,6,redundant,4,4
341,True,1,6,8,same_carrier_order_thinning,4,4
341,True,2,6,7,same_carrier_order_thinning,4,4
341,True,3,6,8,same_carrier_order_thinning,4,4
341,True,4,6,8,same_carrier_order_thinning,4,4
341,True,5,6,12,same_carrier_order_thinning,4,4
341,True,6,6,8,same_carrier_order_thinning,4,4
341,True,7,6,10,same_carrier_order_thinning,4,4
341,True,8,6,6,redundant,4,4
341,True,9,6,7,same_carrier_order_thinning,4,4
341,True,10,6,6,redundant,4,4
341,True,11,6,6,redundant,4,4
341,True,12,6,7,same_carrier_order_thinning,4,4
341,True,13,6,9,same_carrier_order_thinning,4,4
341,True,14,6,6,redundant,4,4
341,True,15,6,6,redundant,4,4
342,True,0,7,7,redundant,4,4
342,True,1,7,10,same_carrier_order_thinning,4,4
342,True,2,7,7,redundant,4,4
342,True,3,7,8,same_carrier_order_thinning,4,4
342,True,4,7,10,same_carrier_order_thinning,4,4
342,True,5,7,16,same_carrier_order_thinning,4,4
342,True,6,7,8,same_carrier_order_thinning,4,4
342,True,7,7,10,same_carrier_order_thinning,4,4
342,True,8,7,7,redundant,4,4
342,True,9,7,8,same_carrier_order_thinning,4,4
342,True,10,7,7,redundant,4,4
342,True,11,7,7,redundant,4,4
342,True,12,7,8,same_carrier_order_thinning,4,4
342,True,13,7,10,same_carrier_order_thinning,4,4
342,True,14,7,7,redundant,4,4
342,True,15,7,7,redundant,4,4
343,False,0,4,4,redundant,3,3
343,False,1,4,6,same_carrier_order_thinning,3,3
343,False,2,4,5,same_carrier_order_thinning,3,3
343,False,3,4,6,same_carrier_order_thinning,3,3
343,False,4,4,5,splits_indiscernibility_class,3,4
343,False,5,4,7,splits_indiscernibility_class,3,4
343,False,6,4,6,splits_indiscernibility_class,3,4
343,False,7,4,7,splits_indiscernibility_class,3,4
343,False,8,4,5,splits_indiscernibility_class,3,4
343,False,9,4,7,splits_indiscernibility_class,3,4
343,False,10,4,6,splits_indiscernibility_class,3,4
343,False,11,4,7,splits_indiscernibility_class,3,4
343,False,12,4,4,redundant,3,3
343,False,13,4,5,same_carrier_order_thinning,3,3
343,False,14,4,4,redundant,3,3
343,False,15,4,4,redundant,3,3
344,False,0,6,6,redundant,3,3
344,False,1,6,6,redundant,3,3
344,False,2,6,8,same_carrier_order_thinning,3,3
344,False,3,6,8,same_carrier_order_thinning,3,3
344,False,4,6,8,splits_indiscernibility_class,3,4
344,False,5,6,8,splits_indiscernibility_class,3,4
344,False,6,6,10,splits_indiscernibility_class,3,4
344,False,7,6,10,splits_indiscernibility_class,3,4
344,False,8,6,8,splits_indiscernibility_class,3,4
344,False,9,6,8,splits_indiscernibility_class,3,4
344,False,10,6,10,splits_indiscernibility_class,3,4
344,False,11,6,10,splits_indiscernibility_class,3,4
344,False,12,6,6,redundant,3,3
344,False,13,6,6,redundant,3,3
344,False,14,6,6,redundant,3,3
344,False,15,6,6,redundant,3,3
345,True,0,5,5,redundant,4,4
345,True,1,5,8,same_carrier_order_thinning,4,4
345,True,2,5,7,same_carrier_order_thinning,4,4
345,True,3,5,9,same_carrier_order_thinning,4,4
345,True,4,5,5,redundant,4,4
345,True,5,5,7,same_carrier_order_thinning,4,4
345,True,6,5,6,same_carrier_order_thinning,4,4
345,True,7,5,7,same_carrier_order_thinning,4,4
345,True,8,5,6,same_carrier_order_thinning,4,4
345,True,9,5,8,same_carrier_order_thinning,4,4
345,True,10,5,7,same_carrier_order_thinning,4,4
345,True,11,5,8,same_carrier_order_thinning,4,4
345,True,12,5,5,redundant,4,4
345,True,13,5,6,same_carrier_order_thinning,4,4
345,True,14,5,5,redundant,4,4
345,True,15,5,5,redundant,4,4
346,True,0,8,8,redundant,4,4
346,True,1,8,8,redundant,4,4
346,True,2,8,12,same_carrier_order_thinning,4,4
346,True,3,8,12,same_carrier_order_thinning,4,4
346,True,4,8,8,redundant,4,4
346,True,5,8,8,redundant,4,4
346,True,6,8,10,same_carrier_order_thinning,4,4
346,True,7,8,10,same_carrier_order_thinning,4,4
346,True,8,8,10,same_carrier_order_thinning,4,4
346,True,9,8,10,same_carrier_order_thinning,4,4
346,True,10,8,12,same_carrier_order_thinning,4,4
346,True,11,8,12,same_carrier_order_thinning,4,4
346,True,12,8,8,redundant,4,4
346,True,13,8,8,redundant,4,4
346,True,14,8,8,redundant,4,4
346,True,15,8,8,redundant,4,4
347,True,0,7,7,redundant,4,4
347,True,1,7,8,same_carrier_order_thinning,4,4
347,True,2,7,10,same_carrier_order_thinning,4,4
347,True,3,7,12,same_carrier_order_thinning,4,4
347,True,4,7,7,redundant,4,4
347,True,5,7,7,redundant,4,4
347,True,6,7,9,same_carrier_order_thinning,4,4
347,True,7,7,9,same_carrier_order_thinning,4,4
347,True,8,7,8,same_carrier_order_thinning,4,4
347,True,9,7,10,same_carrier_order_thinning,4,4
347,True,10,7,9,same_carrier_order_thinning,4,4
347,True,11,7,12,same_carrier_order_thinning,4,4
347,True,12,7,7,redundant,4,4
347,True,13,7,7,redundant,4,4
347,True,14,7,7,redundant,4,4
347,True,15,7,7,redundant,4,4
348,True,0,5,5,redundant,4,4
348,True,1,5,8,same_carrier_order_thinning,4,4
348,True,2,5,7,same_carrier_order_thinning,4,4
348,True,3,5,9,same_carrier_order_thinning,4,4
348,True,4,5,6,same_carrier_order_thinning,4,4
348,True,5,5,8,same_carrier_order_thinning,4,4
348,True,6,5,7,same_carrier_order_thinning,4,4
348,True,7,5,8,same_carrier_order_thinning,4,4
348,True,8,5,5,redundant,4,4
348,True,9,5,7,same_carrier_order_thinning,4,4
348,True,10,5,6,same_carrier_order_thinning,4,4
348,True,11,5,7,same_carrier_order_thinning,4,4
348,True,12,5,5,redundant,4,4
348,True,13,5,6,same_carrier_order_thinning,4,4
348,True,14,5,5,redundant,4,4
348,True,15,5,5,redundant,4,4
349,True,0,8,8,redundant,4,4
349,True,1,8,8,redundant,4,4
349,True,2,8,12,same_carrier_order_thinning,4,4
349,True,3,8,12,same_carrier_order_thinning,4,4
349,True,4,8,10,same_carrier_order_thinning,4,4
349,True,5,8,10,same_carrier_order_thinning,4,4
349,True,6,8,12,same_carrier_order_thinning,4,4
349,True,7,8,12,same_carrier_order_thinning,4,4
349,True,8,8,8,redundant,4,4
349,True,9,8,8,redundant,4,4
349,True,10,8,10,same_carrier_order_thinning,4,4
349,True,11,8,10,same_carrier_order_thinning,4,4
349,True,12,8,8,redundant,4,4
349,True,13,8,8,redundant,4,4
349,True,14,8,8,redundant,4,4
349,True,15,8,8,redundant,4,4
350,True,0,7,7,redundant,4,4
350,True,1,7,8,same_carrier_order_thinning,4,4
350,True,2,7,10,same_carrier_order_thinning,4,4
350,True,3,7,12,same_carrier_order_thinning,4,4
350,True,4,7,8,same_carrier_order_thinning,4,4
350,True,5,7,10,same_carrier_order_thinning,4,4
350,True,6,7,9,same_carrier_order_thinning,4,4
350,True,7,7,12,same_carrier_order_thinning,4,4
350,True,8,7,7,redundant,4,4
350,True,9,7,7,redundant,4,4
350,True,10,7,9,same_carrier_order_thinning,4,4
350,True,11,7,9,same_carrier_order_thinning,4,4
350,True,12,7,7,redundant,4,4
350,True,13,7,7,redundant,4,4
350,True,14,7,7,redundant,4,4
350,True,15,7,7,redundant,4,4
351,False,0,5,5,redundant,3,3
351,False,1,5,6,same_carrier_order_thinning,3,3
351,False,2,5,6,same_carrier_order_thinning,3,3
351,False,3,5,8,same_carrier_order_thinning,3,3
351,False,4,5,6,splits_indiscernibility_class,3,4
351,False,5,5,7,splits_indiscernibility_class,3,4
351,False,6,5,7,splits_indiscernibility_class,3,4
351,False,7,5,9,splits_indiscernibility_class,3,4
351,False,8,5,6,splits_indiscernibility_class,3,4
351,False,9,5,7,splits_indiscernibility_class,3,4
351,False,10,5,7,splits_indiscernibility_class,3,4
351,False,11,5,9,splits_indiscernibility_class,3,4
351,False,12,5,5,redundant,3,3
351,False,13,5,5,redundant,3,3
351,False,14,5,5,redundant,3,3
351,False,15,5,5,redundant,3,3
352,True,0,6,6,redundant,4,4
352,True,1,6,8,same_carrier_order_thinning,4,4
352,True,2,6,8,same_carrier_order_thinning,4,4
352,True,3,6,12,same_carrier_order_thinning,4,4
352,True,4,6,6,redundant,4,4
352,True,5,6,7,same_carrier_order_thinning,4,4
352,True,6,6,7,same_carrier_order_thinning,4,4
352,True,7,6,9,same_carrier_order_thinning,4,4
352,True,8,6,7,same_carrier_order_thinning,4,4
352,True,9,6,8,same_carrier_order_thinning,4,4
352,True,10,6,8,same_carrier_order_thinning,4,4
352,True,11,6,10,same_carrier_order_thinning,4,4
352,True,12,6,6,redundant,4,4
352,True,13,6,6,redundant,4,4
352,True,14,6,6,redundant,4,4
352,True,15,6,6,redundant,4,4
353,True,0,6,6,redundant,4,4
353,True,1,6,8,same_carrier_order_thinning,4,4
353,True,2,6,8,same_carrier_order_thinning,4,4
353,True,3,6,12,same_carrier_order_thinning,4,4
353,True,4,6,7,same_carrier_order_thinning,4,4
353,True,5,6,8,same_carrier_order_thinning,4,4
353,True,6,6,8,same_carrier_order_thinning,4,4
353,True,7,6,10,same_carrier_order_thinning,4,4
353,True,8,6,6,redundant,4,4
353,True,9,6,7,same_carrier_order_thinning,4,4
353,True,10,6,7,same_carrier_order_thinning,4,4
353,True,11,6,9,same_carrier_order_thinning,4,4
353,True,12,6,6,redundant,4,4
353,True,13,6,6,redundant,4,4
353,True,14,6,6,redundant,4,4
353,True,15,6,6,redundant,4,4
354,True,0,7,7,redundant,4,4
354,True,1,7,10,same_carrier_order_thinning,4,4
354,True,2,7,10,same_carrier_order_thinning,4,4
354,True,3,7,16,same_carrier_order_thinning,4,4
354,True,4,7,7,redundant,4,4
354,True,5,7,8,same_carrier_order_thinning,4,4
354,True,6,7,8,same_carrier_order_thinning,4,4
354,True,7,7,10,same_carrier_order_thinning,4,4
354,True,8,7,7,redundant,4,4
354,True,9,7,8,same_carrier_order_thinning,4,4
354,True,10,7,8,same_carrier_order_thinning,4,4
354,True,11,7,10,same_carrier_order_thinning,4,4
354,True,12,7,7,redundant,4,4
354,True,13,7,7,redundant,4,4
354,True,14,7,7,redundant,4,4
354,True,15,7,7,redundant,4,4
