input,outcome,received,recovered,possible,exact
0,0,0,0,0,1
1,0,128,1,1,1
2,0,192,2,1,1
3,0,64,3,1,1
4,0,160,4,1,1
5,0,32,5,1,1
6,0,96,6,1,1
7,0,224,7,1,1
8,0,240,8,1,1
9,0,112,9,1,1
10,0,48,10,1,1
11,0,176,11,1,1
12,0,80,12,1,1
13,0,208,13,1,1
14,0,144,14,1,1
15,0,16,15,1,1
16,0,136,16,1,1
17,0,8,17,1,1
18,0,72,18,1,1
19,0,200,19,1,1
20,0,40,20,1,1
21,0,168,21,1,1
22,0,232,22,1,1
23,0,104,23,1,1
24,0,120,24,1,1
25,0,248,25,1,1
26,0,184,26,1,1
27,0,56,27,1,1
28,0,216,28,1,1
29,0,88,29,1,1
30,0,24,30,1,1
31,0,152,31,1,1
32,0,204,32,1,1
33,0,76,33,1,1
34,0,12,34,1,1
35,0,140,35,1,1
36,0,108,36,1,1
37,0,236,37,1,1
38,0,172,38,1,1
39,0,44,39,1,1
40,0,60,40,1,1
41,0,188,41,1,1
42,0,252,42,1,1
43,0,124,43,1,1
44,0,156,44,1,1
45,0,28,45,1,1
46,0,92,46,1,1
47,0,220,47,1,1
48,0,68,48,1,1
49,0,196,49,1,1
50,0,132,50,1,1
51,0,4,51,1,1
52,0,228,52,1,1
53,0,100,53,1,1
54,0,36,54,1,1
55,0,164,55,1,1
56,0,180,56,1,1
57,0,52,57,1,1
58,0,116,58,1,1
59,0,244,59,1,1
60,0,20,60,1,1
61,0,148,61,1,1
62,0,212,62,1,1
63,0,84,63,1,1
64,0,170,64,1,1
65,0,42,65,1,1
66,0,106,66,1,1
67,0,234,67,1,1
68,0,10,68,1,1
69,0,138,69,1,1
70,0,202,70,1,1
71,0,74,71,1,1
72,0,90,72,1,1
73,0,218,73,1,1
74,0,154,74,1,1
75,0,26,75,1,1
76,0,250,76,1,1
77,0,122,77,1,1
78,0,58,78,1,1
79,0,186,79,1,1
80,0,34,80,1,1
81,0,162,81,1,1
82,0,226,82,1,1
83,0,98,83,1,1
84,0,130,84,1,1
85,0,2,85,1,1
86,0,66,86,1,1
87,0,194,87,1,1
88,0,210,88,1,1
89,0,82,89,1,1
90,0,18,90,1,1
91,0,146,91,1,1
92,0,114,92,1,1
93,0,242,93,1,1
94,0,178,94,1,1
95,0,50,95,1,1
96,0,102,96,1,1
97,0,230,97,1,1
98,0,166,98,1,1
99,0,38,99,1,1
100,0,198,100,1,1
101,0,70,101,1,1
102,0,6,102,1,1
103,0,134,103,1,1
104,0,150,104,1,1
105,0,22,105,1,1
106,0,86,106,1,1
107,0,214,107,1,1
108,0,54,108,1,1
109,0,182,109,1,1
110,0,246,110,1,1
111,0,118,111,1,1
112,0,238,112,1,1
113,0,110,113,1,1
114,0,46,114,1,1
115,0,174,115,1,1
116,0,78,116,1,1
117,0,206,117,1,1
118,0,142,118,1,1
119,0,14,119,1,1
120,0,30,120,1,1
121,0,158,121,1,1
122,0,222,122,1,1
123,0,94,123,1,1
124,0,190,124,1,1
125,0,62,125,1,1
126,0,126,126,1,1
127,0,254,127,1,1
128,0,255,128,1,1
129,0,127,129,1,1
130,0,63,130,1,1
131,0,191,131,1,1
132,0,95,132,1,1
133,0,223,133,1,1
134,0,159,134,1,1
135,0,31,135,1,1
136,0,15,136,1,1
137,0,143,137,1,1
138,0,207,138,1,1
139,0,79,139,1,1
140,0,175,140,1,1
141,0,47,141,1,1
142,0,111,142,1,1
143,0,239,143,1,1
144,0,119,144,1,1
145,0,247,145,1,1
146,0,183,146,1,1
147,0,55,147,1,1
148,0,215,148,1,1
149,0,87,149,1,1
150,0,23,150,1,1
151,0,151,151,1,1
152,0,135,152,1,1
153,0,7,153,1,1
154,0,71,154,1,1
155,0,199,155,1,1
156,0,39,156,1,1
157,0,167,157,1,1
158,0,231,158,1,1
159,0,103,159,1,1
160,0,51,160,1,1
161,0,179,161,1,1
162,0,243,162,1,1
163,0,115,163,1,1
164,0,147,164,1,1
165,0,19,165,1,1
166,0,83,166,1,1
167,0,211,167,1,1
168,0,195,168,1,1
169,0,67,169,1,1
170,0,3,170,1,1
171,0,131,171,1,1
172,0,99,172,1,1
173,0,227,173,1,1
174,0,163,174,1,1
175,0,35,175,1,1
176,0,187,176,1,1
177,0,59,177,1,1
178,0,123,178,1,1
179,0,251,179,1,1
180,0,27,180,1,1
181,0,155,181,1,1
182,0,219,182,1,1
183,0,91,183,1,1
184,0,75,184,1,1
185,0,203,185,1,1
186,0,139,186,1,1
187,0,11,187,1,1
188,0,235,188,1,1
189,0,107,189,1,1
190,0,43,190,1,1
191,0,171,191,1,1
192,0,85,192,1,1
193,0,213,193,1,1
194,0,149,194,1,1
195,0,21,195,1,1
196,0,245,196,1,1
197,0,117,197,1,1
198,0,53,198,1,1
199,0,181,199,1,1
200,0,165,200,1,1
201,0,37,201,1,1
202,0,101,202,1,1
203,0,229,203,1,1
204,0,5,204,1,1
205,0,133,205,1,1
206,0,197,206,1,1
207,0,69,207,1,1
208,0,221,208,1,1
209,0,93,209,1,1
210,0,29,210,1,1
211,0,157,211,1,1
212,0,125,212,1,1
213,0,253,213,1,1
214,0,189,214,1,1
215,0,61,215,1,1
216,0,45,216,1,1
217,0,173,217,1,1
218,0,237,218,1,1
219,0,109,219,1,1
220,0,141,220,1,1
221,0,13,221,1,1
222,0,77,222,1,1
223,0,205,223,1,1
224,0,153,224,1,1
225,0,25,225,1,1
226,0,89,226,1,1
227,0,217,227,1,1
228,0,57,228,1,1
229,0,185,229,1,1
230,0,249,230,1,1
231,0,121,231,1,1
232,0,105,232,1,1
233,0,233,233,1,1
234,0,169,234,1,1
235,0,41,235,1,1
236,0,201,236,1,1
237,0,73,237,1,1
238,0,9,238,1,1
239,0,137,239,1,1
240,0,17,240,1,1
241,0,145,241,1,1
242,0,209,242,1,1
243,0,81,243,1,1
244,0,177,244,1,1
245,0,49,245,1,1
246,0,113,246,1,1
247,0,241,247,1,1
248,0,225,248,1,1
249,0,97,249,1,1
250,0,33,250,1,1
251,0,161,251,1,1
252,0,65,252,1,1
253,0,193,253,1,1
254,0,129,254,1,1
255,0,1,255,1,1
0,1,0,0,0,1
1,1,64,1,1,1
2,1,192,2,1,1
3,1,128,3,1,1
4,1,80,4,1,1
5,1,16,5,1,1
6,1,144,6,1,1
7,1,208,7,1,1
8,1,240,8,1,1
9,1,176,9,1,1
10,1,48,10,1,1
11,1,112,11,1,1
12,1,160,12,1,1
13,1,224,13,1,1
14,1,96,14,1,1
15,1,32,15,1,1
16,1,68,16,1,1
17,1,4,17,1,1
18,1,132,18,1,1
19,1,196,19,1,1
20,1,20,20,1,1
21,1,84,21,1,1
22,1,212,22,1,1
23,1,148,23,1,1
24,1,180,24,1,1
25,1,244,25,1,1
26,1,116,26,1,1
27,1,52,27,1,1
28,1,228,28,1,1
29,1,164,29,1,1
30,1,36,30,1,1
31,1,100,31,1,1
32,1,204,32,1,1
33,1,140,33,1,1
34,1,12,34,1,1
35,1,76,35,1,1
36,1,156,36,1,1
37,1,220,37,1,1
38,1,92,38,1,1
39,1,28,39,1,1
40,1,60,40,1,1
41,1,124,41,1,1
42,1,252,42,1,1
43,1,188,43,1,1
44,1,108,44,1,1
45,1,44,45,1,1
46,1,172,46,1,1
47,1,236,47,1,1
48,1,136,48,1,1
49,1,200,49,1,1
50,1,72,50,1,1
51,1,8,51,1,1
52,1,216,52,1,1
53,1,152,53,1,1
54,1,24,54,1,1
55,1,88,55,1,1
56,1,120,56,1,1
57,1,56,57,1,1
58,1,184,58,1,1
59,1,248,59,1,1
60,1,40,60,1,1
61,1,104,61,1,1
62,1,232,62,1,1
63,1,168,63,1,1
64,1,85,64,1,1
65,1,21,65,1,1
66,1,149,66,1,1
67,1,213,67,1,1
68,1,5,68,1,1
69,1,69,69,1,1
70,1,197,70,1,1
71,1,133,71,1,1
72,1,165,72,1,1
73,1,229,73,1,1
74,1,101,74,1,1
75,1,37,75,1,1
76,1,245,76,1,1
77,1,181,77,1,1
78,1,53,78,1,1
79,1,117,79,1,1
80,1,17,80,1,1
81,1,81,81,1,1
82,1,209,82,1,1
83,1,145,83,1,1
84,1,65,84,1,1
85,1,1,85,1,1
86,1,129,86,1,1
87,1,193,87,1,1
88,1,225,88,1,1
89,1,161,89,1,1
90,1,33,90,1,1
91,1,97,91,1,1
92,1,177,92,1,1
93,1,241,93,1,1
94,1,113,94,1,1
95,1,49,95,1,1
96,1,153,96,1,1
97,1,217,97,1,1
98,1,89,98,1,1
99,1,25,99,1,1
100,1,201,100,1,1
101,1,137,101,1,1
102,1,9,102,1,1
103,1,73,103,1,1
104,1,105,104,1,1
105,1,41,105,1,1
106,1,169,106,1,1
107,1,233,107,1,1
108,1,57,108,1,1
109,1,121,109,1,1
110,1,249,110,1,1
111,1,185,111,1,1
112,1,221,112,1,1
113,1,157,113,1,1
114,1,29,114,1,1
115,1,93,115,1,1
116,1,141,116,1,1
117,1,205,117,1,1
118,1,77,118,1,1
119,1,13,119,1,1
120,1,45,120,1,1
121,1,109,121,1,1
122,1,237,122,1,1
123,1,173,123,1,1
124,1,125,124,1,1
125,1,61,125,1,1
126,1,189,126,1,1
127,1,253,127,1,1
128,1,255,128,1,1
129,1,191,129,1,1
130,1,63,130,1,1
131,1,127,131,1,1
132,1,175,132,1,1
133,1,239,133,1,1
134,1,111,134,1,1
135,1,47,135,1,1
136,1,15,136,1,1
137,1,79,137,1,1
138,1,207,138,1,1
139,1,143,139,1,1
140,1,95,140,1,1
141,1,31,141,1,1
142,1,159,142,1,1
143,1,223,143,1,1
144,1,187,144,1,1
145,1,251,145,1,1
146,1,123,146,1,1
147,1,59,147,1,1
148,1,235,148,1,1
149,1,171,149,1,1
150,1,43,150,1,1
151,1,107,151,1,1
152,1,75,152,1,1
153,1,11,153,1,1
154,1,139,154,1,1
155,1,203,155,1,1
156,1,27,156,1,1
157,1,91,157,1,1
158,1,219,158,1,1
159,1,155,159,1,1
160,1,51,160,1,1
161,1,115,161,1,1
162,1,243,162,1,1
163,1,179,163,1,1
164,1,99,164,1,1
165,1,35,165,1,1
166,1,163,166,1,1
167,1,227,167,1,1
168,1,195,168,1,1
169,1,131,169,1,1
170,1,3,170,1,1
171,1,67,171,1,1
172,1,147,172,1,1
173,1,211,173,1,1
174,1,83,174,1,1
175,1,19,175,1,1
176,1,119,176,1,1
177,1,55,177,1,1
178,1,183,178,1,1
179,1,247,179,1,1
180,1,39,180,1,1
181,1,103,181,1,1
182,1,231,182,1,1
183,1,167,183,1,1
184,1,135,184,1,1
185,1,199,185,1,1
186,1,71,186,1,1
187,1,7,187,1,1
188,1,215,188,1,1
189,1,151,189,1,1
190,1,23,190,1,1
191,1,87,191,1,1
192,1,170,192,1,1
193,1,234,193,1,1
194,1,106,194,1,1
195,1,42,195,1,1
196,1,250,196,1,1
197,1,186,197,1,1
198,1,58,198,1,1
199,1,122,199,1,1
200,1,90,200,1,1
201,1,26,201,1,1
202,1,154,202,1,1
203,1,218,203,1,1
204,1,10,204,1,1
205,1,74,205,1,1
206,1,202,206,1,1
207,1,138,207,1,1
208,1,238,208,1,1
209,1,174,209,1,1
210,1,46,210,1,1
211,1,110,211,1,1
212,1,190,212,1,1
213,1,254,213,1,1
214,1,126,214,1,1
215,1,62,215,1,1
216,1,30,216,1,1
217,1,94,217,1,1
218,1,222,218,1,1
219,1,158,219,1,1
220,1,78,220,1,1
221,1,14,221,1,1
222,1,142,222,1,1
223,1,206,223,1,1
224,1,102,224,1,1
225,1,38,225,1,1
226,1,166,226,1,1
227,1,230,227,1,1
228,1,54,228,1,1
229,1,118,229,1,1
230,1,246,230,1,1
231,1,182,231,1,1
232,1,150,232,1,1
233,1,214,233,1,1
234,1,86,234,1,1
235,1,22,235,1,1
236,1,198,236,1,1
237,1,134,237,1,1
238,1,6,238,1,1
239,1,70,239,1,1
240,1,34,240,1,1
241,1,98,241,1,1
242,1,226,242,1,1
243,1,162,243,1,1
244,1,114,244,1,1
245,1,50,245,1,1
246,1,178,246,1,1
247,1,242,247,1,1
248,1,210,248,1,1
249,1,146,249,1,1
250,1,18,250,1,1
251,1,82,251,1,1
252,1,130,252,1,1
253,1,194,253,1,1
254,1,66,254,1,1
255,1,2,255,1,1
0,2,0,0,0,1
1,2,128,1,1,1
2,2,64,2,1,1
3,2,192,3,1,1
4,2,160,4,1,1
5,2,32,5,1,1
6,2,224,6,1,1
7,2,96,7,1,1
8,2,80,8,1,1
9,2,208,9,1,1
10,2,16,10,1,1
11,2,144,11,1,1
12,2,240,12,1,1
13,2,112,13,1,1
14,2,176,14,1,1
15,2,48,15,1,1
16,2,136,16,1,1
17,2,8,17,1,1
18,2,200,18,1,1
19,2,72,19,1,1
20,2,40,20,1,1
21,2,168,21,1,1
22,2,104,22,1,1
23,2,232,23,1,1
24,2,216,24,1,1
25,2,88,25,1,1
26,2,152,26,1,1
27,2,24,27,1,1
28,2,120,28,1,1
29,2,248,29,1,1
30,2,56,30,1,1
31,2,184,31,1,1
32,2,68,32,1,1
33,2,196,33,1,1
34,2,4,34,1,1
35,2,132,35,1,1
36,2,228,36,1,1
37,2,100,37,1,1
38,2,164,38,1,1
39,2,36,39,1,1
40,2,20,40,1,1
41,2,148,41,1,1
42,2,84,42,1,1
43,2,212,43,1,1
44,2,180,44,1,1
45,2,52,45,1,1
46,2,244,46,1,1
47,2,116,47,1,1
48,2,204,48,1,1
49,2,76,49,1,1
50,2,140,50,1,1
51,2,12,51,1,1
52,2,108,52,1,1
53,2,236,53,1,1
54,2,44,54,1,1
55,2,172,55,1,1
56,2,156,56,1,1
57,2,28,57,1,1
58,2,220,58,1,1
59,2,92,59,1,1
60,2,60,60,1,1
61,2,188,61,1,1
62,2,124,62,1,1
63,2,252,63,1,1
64,2,170,64,1,1
65,2,42,65,1,1
66,2,234,66,1,1
67,2,106,67,1,1
68,2,10,68,1,1
69,2,138,69,1,1
70,2,74,70,1,1
71,2,202,71,1,1
72,2,250,72,1,1
73,2,122,73,1,1
74,2,186,74,1,1
75,2,58,75,1,1
76,2,90,76,1,1
77,2,218,77,1,1
78,2,26,78,1,1
79,2,154,79,1,1
80,2,34,80,1,1
81,2,162,81,1,1
82,2,98,82,1,1
83,2,226,83,1,1
84,2,130,84,1,1
85,2,2,85,1,1
86,2,194,86,1,1
87,2,66,87,1,1
88,2,114,88,1,1
89,2,242,89,1,1
90,2,50,90,1,1
91,2,178,91,1,1
92,2,210,92,1,1
93,2,82,93,1,1
94,2,146,94,1,1
95,2,18,95,1,1
96,2,238,96,1,1
97,2,110,97,1,1
98,2,174,98,1,1
99,2,46,99,1,1
100,2,78,100,1,1
101,2,206,101,1,1
102,2,14,102,1,1
103,2,142,103,1,1
104,2,190,104,1,1
105,2,62,105,1,1
106,2,254,106,1,1
107,2,126,107,1,1
108,2,30,108,1,1
109,2,158,109,1,1
110,2,94,110,1,1
111,2,222,111,1,1
112,2,102,112,1,1
113,2,230,113,1,1
114,2,38,114,1,1
115,2,166,115,1,1
116,2,198,116,1,1
117,2,70,117,1,1
118,2,134,118,1,1
119,2,6,119,1,1
120,2,54,120,1,1
121,2,182,121,1,1
122,2,118,122,1,1
123,2,246,123,1,1
124,2,150,124,1,1
125,2,22,125,1,1
126,2,214,126,1,1
127,2,86,127,1,1
128,2,85,128,1,1
129,2,213,129,1,1
130,2,21,130,1,1
131,2,149,131,1,1
132,2,245,132,1,1
133,2,117,133,1,1
134,2,181,134,1,1
135,2,53,135,1,1
136,2,5,136,1,1
137,2,133,137,1,1
138,2,69,138,1,1
139,2,197,139,1,1
140,2,165,140,1,1
141,2,37,141,1,1
142,2,229,142,1,1
143,2,101,143,1,1
144,2,221,144,1,1
145,2,93,145,1,1
146,2,157,146,1,1
147,2,29,147,1,1
148,2,125,148,1,1
149,2,253,149,1,1
150,2,61,150,1,1
151,2,189,151,1,1
152,2,141,152,1,1
153,2,13,153,1,1
154,2,205,154,1,1
155,2,77,155,1,1
156,2,45,156,1,1
157,2,173,157,1,1
158,2,109,158,1,1
159,2,237,159,1,1
160,2,17,160,1,1
161,2,145,161,1,1
162,2,81,162,1,1
163,2,209,163,1,1
164,2,177,164,1,1
165,2,49,165,1,1
166,2,241,166,1,1
167,2,113,167,1,1
168,2,65,168,1,1
169,2,193,169,1,1
170,2,1,170,1,1
171,2,129,171,1,1
172,2,225,172,1,1
173,2,97,173,1,1
174,2,161,174,1,1
175,2,33,175,1,1
176,2,153,176,1,1
177,2,25,177,1,1
178,2,217,178,1,1
179,2,89,179,1,1
180,2,57,180,1,1
181,2,185,181,1,1
182,2,121,182,1,1
183,2,249,183,1,1
184,2,201,184,1,1
185,2,73,185,1,1
186,2,137,186,1,1
187,2,9,187,1,1
188,2,105,188,1,1
189,2,233,189,1,1
190,2,41,190,1,1
191,2,169,191,1,1
192,2,255,192,1,1
193,2,127,193,1,1
194,2,191,194,1,1
195,2,63,195,1,1
196,2,95,196,1,1
197,2,223,197,1,1
198,2,31,198,1,1
199,2,159,199,1,1
200,2,175,200,1,1
201,2,47,201,1,1
202,2,239,202,1,1
203,2,111,203,1,1
204,2,15,204,1,1
205,2,143,205,1,1
206,2,79,206,1,1
207,2,207,207,1,1
208,2,119,208,1,1
209,2,247,209,1,1
210,2,55,210,1,1
211,2,183,211,1,1
212,2,215,212,1,1
213,2,87,213,1,1
214,2,151,214,1,1
215,2,23,215,1,1
216,2,39,216,1,1
217,2,167,217,1,1
218,2,103,218,1,1
219,2,231,219,1,1
220,2,135,220,1,1
221,2,7,221,1,1
222,2,199,222,1,1
223,2,71,223,1,1
224,2,187,224,1,1
225,2,59,225,1,1
226,2,251,226,1,1
227,2,123,227,1,1
228,2,27,228,1,1
229,2,155,229,1,1
230,2,91,230,1,1
231,2,219,231,1,1
232,2,235,232,1,1
233,2,107,233,1,1
234,2,171,234,1,1
235,2,43,235,1,1
236,2,75,236,1,1
237,2,203,237,1,1
238,2,11,238,1,1
239,2,139,239,1,1
240,2,51,240,1,1
241,2,179,241,1,1
242,2,115,242,1,1
243,2,243,243,1,1
244,2,147,244,1,1
245,2,19,245,1,1
246,2,211,246,1,1
247,2,83,247,1,1
248,2,99,248,1,1
249,2,227,249,1,1
250,2,35,250,1,1
251,2,163,251,1,1
252,2,195,252,1,1
253,2,67,253,1,1
254,2,131,254,1,1
255,2,3,255,1,1
0,3,0,0,0,1
1,3,64,1,1,1
2,3,128,2,1,1
3,3,192,3,1,1
4,3,80,4,1,1
5,3,16,5,1,1
6,3,208,6,1,1
7,3,144,7,1,1
8,3,160,8,1,1
9,3,224,9,1,1
10,3,32,10,1,1
11,3,96,11,1,1
12,3,240,12,1,1
13,3,176,13,1,1
14,3,112,14,1,1
15,3,48,15,1,1
16,3,68,16,1,1
17,3,4,17,1,1
18,3,196,18,1,1
19,3,132,19,1,1
20,3,20,20,1,1
21,3,84,21,1,1
22,3,148,22,1,1
23,3,212,23,1,1
24,3,228,24,1,1
25,3,164,25,1,1
26,3,100,26,1,1
27,3,36,27,1,1
28,3,180,28,1,1
29,3,244,29,1,1
30,3,52,30,1,1
31,3,116,31,1,1
32,3,136,32,1,1
33,3,200,33,1,1
34,3,8,34,1,1
35,3,72,35,1,1
36,3,216,36,1,1
37,3,152,37,1,1
38,3,88,38,1,1
39,3,24,39,1,1
40,3,40,40,1,1
41,3,104,41,1,1
42,3,168,42,1,1
43,3,232,43,1,1
44,3,120,44,1,1
45,3,56,45,1,1
46,3,248,46,1,1
47,3,184,47,1,1
48,3,204,48,1,1
49,3,140,49,1,1
50,3,76,50,1,1
51,3,12,51,1,1
52,3,156,52,1,1
53,3,220,53,1,1
54,3,28,54,1,1
55,3,92,55,1,1
56,3,108,56,1,1
57,3,44,57,1,1
58,3,236,58,1,1
59,3,172,59,1,1
60,3,60,60,1,1
61,3,124,61,1,1
62,3,188,62,1,1
63,3,252,63,1,1
64,3,85,64,1,1
65,3,21,65,1,1
66,3,213,66,1,1
67,3,149,67,1,1
68,3,5,68,1,1
69,3,69,69,1,1
70,3,133,70,1,1
71,3,197,71,1,1
72,3,245,72,1,1
73,3,181,73,1,1
74,3,117,74,1,1
75,3,53,75,1,1
76,3,165,76,1,1
77,3,229,77,1,1
78,3,37,78,1,1
79,3,101,79,1,1
80,3,17,80,1,1
81,3,81,81,1,1
82,3,145,82,1,1
83,3,209,83,1,1
84,3,65,84,1,1
85,3,1,85,1,1
86,3,193,86,1,1
87,3,129,87,1,1
88,3,177,88,1,1
89,3,241,89,1,1
90,3,49,90,1,1
91,3,113,91,1,1
92,3,225,92,1,1
93,3,161,93,1,1
94,3,97,94,1,1
95,3,33,95,1,1
96,3,221,96,1,1
97,3,157,97,1,1
98,3,93,98,1,1
99,3,29,99,1,1
100,3,141,100,1,1
101,3,205,101,1,1
102,3,13,102,1,1
103,3,77,103,1,1
104,3,125,104,1,1
105,3,61,105,1,1
106,3,253,106,1,1
107,3,189,107,1,1
108,3,45,108,1,1
109,3,109,109,1,1
110,3,173,110,1,1
111,3,237,111,1,1
112,3,153,112,1,1
113,3,217,113,1,1
114,3,25,114,1,1
115,3,89,115,1,1
116,3,201,116,1,1
117,3,137,117,1,1
118,3,73,118,1,1
119,3,9,119,1,1
120,3,57,120,1,1
121,3,121,121,1,1
122,3,185,122,1,1
123,3,249,123,1,1
124,3,105,124,1,1
125,3,41,125,1,1
126,3,233,126,1,1
127,3,169,127,1,1
128,3,170,128,1,1
129,3,234,129,1,1
130,3,42,130,1,1
131,3,106,131,1,1
132,3,250,132,1,1
133,3,186,133,1,1
134,3,122,134,1,1
135,3,58,135,1,1
136,3,10,136,1,1
137,3,74,137,1,1
138,3,138,138,1,1
139,3,202,139,1,1
140,3,90,140,1,1
141,3,26,141,1,1
142,3,218,142,1,1
143,3,154,143,1,1
144,3,238,144,1,1
145,3,174,145,1,1
146,3,110,146,1,1
147,3,46,147,1,1
148,3,190,148,1,1
149,3,254,149,1,1
150,3,62,150,1,1
151,3,126,151,1,1
152,3,78,152,1,1
153,3,14,153,1,1
154,3,206,154,1,1
155,3,142,155,1,1
156,3,30,156,1,1
157,3,94,157,1,1
158,3,158,158,1,1
159,3,222,159,1,1
160,3,34,160,1,1
161,3,98,161,1,1
162,3,162,162,1,1
163,3,226,163,1,1
164,3,114,164,1,1
165,3,50,165,1,1
166,3,242,166,1,1
167,3,178,167,1,1
168,3,130,168,1,1
169,3,194,169,1,1
170,3,2,170,1,1
171,3,66,171,1,1
172,3,210,172,1,1
173,3,146,173,1,1
174,3,82,174,1,1
175,3,18,175,1,1
176,3,102,176,1,1
177,3,38,177,1,1
178,3,230,178,1,1
179,3,166,179,1,1
180,3,54,180,1,1
181,3,118,181,1,1
182,3,182,182,1,1
183,3,246,183,1,1
184,3,198,184,1,1
185,3,134,185,1,1
186,3,70,186,1,1
187,3,6,187,1,1
188,3,150,188,1,1
189,3,214,189,1,1
190,3,22,190,1,1
191,3,86,191,1,1
192,3,255,192,1,1
193,3,191,193,1,1
194,3,127,194,1,1
195,3,63,195,1,1
196,3,175,196,1,1
197,3,239,197,1,1
198,3,47,198,1,1
199,3,111,199,1,1
200,3,95,200,1,1
201,3,31,201,1,1
202,3,223,202,1,1
203,3,159,203,1,1
204,3,15,204,1,1
205,3,79,205,1,1
206,3,143,206,1,1
207,3,207,207,1,1
208,3,187,208,1,1
209,3,251,209,1,1
210,3,59,210,1,1
211,3,123,211,1,1
212,3,235,212,1,1
213,3,171,213,1,1
214,3,107,214,1,1
215,3,43,215,1,1
216,3,27,216,1,1
217,3,91,217,1,1
218,3,155,218,1,1
219,3,219,219,1,1
220,3,75,220,1,1
221,3,11,221,1,1
222,3,203,222,1,1
223,3,139,223,1,1
224,3,119,224,1,1
225,3,55,225,1,1
226,3,247,226,1,1
227,3,183,227,1,1
228,3,39,228,1,1
229,3,103,229,1,1
230,3,167,230,1,1
231,3,231,231,1,1
232,3,215,232,1,1
233,3,151,233,1,1
234,3,87,234,1,1
235,3,23,235,1,1
236,3,135,236,1,1
237,3,199,237,1,1
238,3,7,238,1,1
239,3,71,239,1,1
240,3,51,240,1,1
241,3,115,241,1,1
242,3,179,242,1,1
243,3,243,243,1,1
244,3,99,244,1,1
245,3,35,245,1,1
246,3,227,246,1,1
247,3,163,247,1,1
248,3,147,248,1,1
249,3,211,249,1,1
250,3,19,250,1,1
251,3,83,251,1,1
252,3,195,252,1,1
253,3,131,253,1,1
254,3,67,254,1,1
255,3,3,255,1,1
0,4,0,0,0,1
1,4,32,1,1,1
2,4,48,2,1,1
3,4,16,3,1,1
4,4,160,4,1,1
5,4,128,5,1,1
6,4,144,6,1,1
7,4,176,7,1,1
8,4,240,8,1,1
9,4,208,9,1,1
10,4,192,10,1,1
11,4,224,11,1,1
12,4,80,12,1,1
13,4,112,13,1,1
14,4,96,14,1,1
15,4,64,15,1,1
16,4,34,16,1,1
17,4,2,17,1,1
18,4,18,18,1,1
19,4,50,19,1,1
20,4,130,20,1,1
21,4,162,21,1,1
22,4,178,22,1,1
23,4,146,23,1,1
24,4,210,24,1,1
25,4,242,25,1,1
26,4,226,26,1,1
27,4,194,27,1,1
28,4,114,28,1,1
29,4,82,29,1,1
30,4,66,30,1,1
31,4,98,31,1,1
32,4,51,32,1,1
33,4,19,33,1,1
34,4,3,34,1,1
35,4,35,35,1,1
36,4,147,36,1,1
37,4,179,37,1,1
38,4,163,38,1,1
39,4,131,39,1,1
40,4,195,40,1,1
41,4,227,41,1,1
42,4,243,42,1,1
43,4,211,43,1,1
44,4,99,44,1,1
45,4,67,45,1,1
46,4,83,46,1,1
47,4,115,47,1,1
48,4,17,48,1,1
49,4,49,49,1,1
50,4,33,50,1,1
51,4,1,51,1,1
52,4,177,52,1,1
53,4,145,53,1,1
54,4,129,54,1,1
55,4,161,55,1,1
56,4,225,56,1,1
57,4,193,57,1,1
58,4,209,58,1,1
59,4,241,59,1,1
60,4,65,60,1,1
61,4,97,61,1,1
62,4,113,62,1,1
63,4,81,63,1,1
64,4,170,64,1,1
65,4,138,65,1,1
66,4,154,66,1,1
67,4,186,67,1,1
68,4,10,68,1,1
69,4,42,69,1,1
70,4,58,70,1,1
71,4,26,71,1,1
72,4,90,72,1,1
73,4,122,73,1,1
74,4,106,74,1,1
75,4,74,75,1,1
76,4,250,76,1,1
77,4,218,77,1,1
78,4,202,78,1,1
79,4,234,79,1,1
80,4,136,80,1,1
81,4,168,81,1,1
82,4,184,82,1,1
83,4,152,83,1,1
84,4,40,84,1,1
85,4,8,85,1,1
86,4,24,86,1,1
87,4,56,87,1,1
88,4,120,88,1,1
89,4,88,89,1,1
90,4,72,90,1,1
91,4,104,91,1,1
92,4,216,92,1,1
93,4,248,93,1,1
94,4,232,94,1,1
95,4,200,95,1,1
96,4,153,96,1,1
97,4,185,97,1,1
98,4,169,98,1,1
99,4,137,99,1,1
100,4,57,100,1,1
101,4,25,101,1,1
102,4,9,102,1,1
103,4,41,103,1,1
104,4,105,104,1,1
105,4,73,105,1,1
106,4,89,106,1,1
107,4,121,107,1,1
108,4,201,108,1,1
109,4,233,109,1,1
110,4,249,110,1,1
111,4,217,111,1,1
112,4,187,112,1,1
113,4,155,113,1,1
114,4,139,114,1,1
115,4,171,115,1,1
116,4,27,116,1,1
117,4,59,117,1,1
118,4,43,118,1,1
119,4,11,119,1,1
120,4,75,120,1,1
121,4,107,121,1,1
122,4,123,122,1,1
123,4,91,123,1,1
124,4,235,124,1,1
125,4,203,125,1,1
126,4,219,126,1,1
127,4,251,127,1,1
128,4,255,128,1,1
129,4,223,129,1,1
130,4,207,130,1,1
131,4,239,131,1,1
132,4,95,132,1,1
133,4,127,133,1,1
134,4,111,134,1,1
135,4,79,135,1,1
136,4,15,136,1,1
137,4,47,137,1,1
138,4,63,138,1,1
139,4,31,139,1,1
140,4,175,140,1,1
141,4,143,141,1,1
142,4,159,142,1,1
143,4,191,143,1,1
144,4,221,144,1,1
145,4,253,145,1,1
146,4,237,146,1,1
147,4,205,147,1,1
148,4,125,148,1,1
149,4,93,149,1,1
150,4,77,150,1,1
151,4,109,151,1,1
152,4,45,152,1,1
153,4,13,153,1,1
154,4,29,154,1,1
155,4,61,155,1,1
156,4,141,156,1,1
157,4,173,157,1,1
158,4,189,158,1,1
159,4,157,159,1,1
160,4,204,160,1,1
161,4,236,161,1,1
162,4,252,162,1,1
163,4,220,163,1,1
164,4,108,164,1,1
165,4,76,165,1,1
166,4,92,166,1,1
167,4,124,167,1,1
168,4,60,168,1,1
169,4,28,169,1,1
170,4,12,170,1,1
171,4,44,171,1,1
172,4,156,172,1,1
173,4,188,173,1,1
174,4,172,174,1,1
175,4,140,175,1,1
176,4,238,176,1,1
177,4,206,177,1,1
178,4,222,178,1,1
179,4,254,179,1,1
180,4,78,180,1,1
181,4,110,181,1,1
182,4,126,182,1,1
183,4,94,183,1,1
184,4,30,184,1,1
185,4,62,185,1,1
186,4,46,186,1,1
187,4,14,187,1,1
188,4,190,188,1,1
189,4,158,189,1,1
190,4,142,190,1,1
191,4,174,191,1,1
192,4,85,192,1,1
193,4,117,193,1,1
194,4,101,194,1,1
195,4,69,195,1,1
196,4,245,196,1,1
197,4,213,197,1,1
198,4,197,198,1,1
199,4,229,199,1,1
200,4,165,200,1,1
201,4,133,201,1,1
202,4,149,202,1,1
203,4,181,203,1,1
204,4,5,204,1,1
205,4,37,205,1,1
206,4,53,206,1,1
207,4,21,207,1,1
208,4,119,208,1,1
209,4,87,209,1,1
210,4,71,210,1,1
211,4,103,211,1,1
212,4,215,212,1,1
213,4,247,213,1,1
214,4,231,214,1,1
215,4,199,215,1,1
216,4,135,216,1,1
217,4,167,217,1,1
218,4,183,218,1,1
219,4,151,219,1,1
220,4,39,220,1,1
221,4,7,221,1,1
222,4,23,222,1,1
223,4,55,223,1,1
224,4,102,224,1,1
225,4,70,225,1,1
226,4,86,226,1,1
227,4,118,227,1,1
228,4,198,228,1,1
229,4,230,229,1,1
230,4,246,230,1,1
231,4,214,231,1,1
232,4,150,232,1,1
233,4,182,233,1,1
234,4,166,234,1,1
235,4,134,235,1,1
236,4,54,236,1,1
237,4,22,237,1,1
238,4,6,238,1,1
239,4,38,239,1,1
240,4,68,240,1,1
241,4,100,241,1,1
242,4,116,242,1,1
243,4,84,243,1,1
244,4,228,244,1,1
245,4,196,245,1,1
246,4,212,246,1,1
247,4,244,247,1,1
248,4,180,248,1,1
249,4,148,249,1,1
250,4,132,250,1,1
251,4,164,251,1,1
252,4,20,252,1,1
253,4,52,253,1,1
254,4,36,254,1,1
255,4,4,255,1,1
0,5,0,0,0,1
1,5,16,1,1,1
2,5,48,2,1,1
3,5,32,3,1,1
4,5,80,4,1,1
5,5,64,5,1,1
6,5,96,6,1,1
7,5,112,7,1,1
8,5,240,8,1,1
9,5,224,9,1,1
10,5,192,10,1,1
11,5,208,11,1,1
12,5,160,12,1,1
13,5,176,13,1,1
14,5,144,14,1,1
15,5,128,15,1,1
16,5,17,16,1,1
17,5,1,17,1,1
18,5,33,18,1,1
19,5,49,19,1,1
20,5,65,20,1,1
21,5,81,21,1,1
22,5,113,22,1,1
23,5,97,23,1,1
24,5,225,24,1,1
25,5,241,25,1,1
26,5,209,26,1,1
27,5,193,27,1,1
28,5,177,28,1,1
29,5,161,29,1,1
30,5,129,30,1,1
31,5,145,31,1,1
32,5,51,32,1,1
33,5,35,33,1,1
34,5,3,34,1,1
35,5,19,35,1,1
36,5,99,36,1,1
37,5,115,37,1,1
38,5,83,38,1,1
39,5,67,39,1,1
40,5,195,40,1,1
41,5,211,41,1,1
42,5,243,42,1,1
43,5,227,43,1,1
44,5,147,44,1,1
45,5,131,45,1,1
46,5,163,46,1,1
47,5,179,47,1,1
48,5,34,48,1,1
49,5,50,49,1,1
50,5,18,50,1,1
51,5,2,51,1,1
52,5,114,52,1,1
53,5,98,53,1,1
54,5,66,54,1,1
55,5,82,55,1,1
56,5,210,56,1,1
57,5,194,57,1,1
58,5,226,58,1,1
59,5,242,59,1,1
60,5,130,60,1,1
61,5,146,61,1,1
62,5,178,62,1,1
63,5,162,63,1,1
64,5,85,64,1,1
65,5,69,65,1,1
66,5,101,66,1,1
67,5,117,67,1,1
68,5,5,68,1,1
69,5,21,69,1,1
70,5,53,70,1,1
71,5,37,71,1,1
72,5,165,72,1,1
73,5,181,73,1,1
74,5,149,74,1,1
75,5,133,75,1,1
76,5,245,76,1,1
77,5,229,77,1,1
78,5,197,78,1,1
79,5,213,79,1,1
80,5,68,80,1,1
81,5,84,81,1,1
82,5,116,82,1,1
83,5,100,83,1,1
84,5,20,84,1,1
85,5,4,85,1,1
86,5,36,86,1,1
87,5,52,87,1,1
88,5,180,88,1,1
89,5,164,89,1,1
90,5,132,90,1,1
91,5,148,91,1,1
92,5,228,92,1,1
93,5,244,93,1,1
94,5,212,94,1,1
95,5,196,95,1,1
96,5,102,96,1,1
97,5,118,97,1,1
98,5,86,98,1,1
99,5,70,99,1,1
100,5,54,100,1,1
101,5,38,101,1,1
102,5,6,102,1,1
103,5,22,103,1,1
104,5,150,104,1,1
105,5,134,105,1,1
106,5,166,106,1,1
107,5,182,107,1,1
108,5,198,108,1,1
109,5,214,109,1,1
110,5,246,110,1,1
111,5,230,111,1,1
112,5,119,112,1,1
113,5,103,113,1,1
114,5,71,114,1,1
115,5,87,115,1,1
116,5,39,116,1,1
117,5,55,117,1,1
118,5,23,118,1,1
119,5,7,119,1,1
120,5,135,120,1,1
121,5,151,121,1,1
122,5,183,122,1,1
123,5,167,123,1,1
124,5,215,124,1,1
125,5,199,125,1,1
126,5,231,126,1,1
127,5,247,127,1,1
128,5,255,128,1,1
129,5,239,129,1,1
130,5,207,130,1,1
131,5,223,131,1,1
132,5,175,132,1,1
133,5,191,133,1,1
134,5,159,134,1,1
135,5,143,135,1,1
136,5,15,136,1,1
137,5,31,137,1,1
138,5,63,138,1,1
139,5,47,139,1,1
140,5,95,140,1,1
141,5,79,141,1,1
142,5,111,142,1,1
143,5,127,143,1,1
144,5,238,144,1,1
145,5,254,145,1,1
146,5,222,146,1,1
147,5,206,147,1,1
148,5,190,148,1,1
149,5,174,149,1,1
150,5,142,150,1,1
151,5,158,151,1,1
152,5,30,152,1,1
153,5,14,153,1,1
154,5,46,154,1,1
155,5,62,155,1,1
156,5,78,156,1,1
157,5,94,157,1,1
158,5,126,158,1,1
159,5,110,159,1,1
160,5,204,160,1,1
161,5,220,161,1,1
162,5,252,162,1,1
163,5,236,163,1,1
164,5,156,164,1,1
165,5,140,165,1,1
166,5,172,166,1,1
167,5,188,167,1,1
168,5,60,168,1,1
169,5,44,169,1,1
170,5,12,170,1,1
171,5,28,171,1,1
172,5,108,172,1,1
173,5,124,173,1,1
174,5,92,174,1,1
175,5,76,175,1,1
176,5,221,176,1,1
177,5,205,177,1,1
178,5,237,178,1,1
179,5,253,179,1,1
180,5,141,180,1,1
181,5,157,181,1,1
182,5,189,182,1,1
183,5,173,183,1,1
184,5,45,184,1,1
185,5,61,185,1,1
186,5,29,186,1,1
187,5,13,187,1,1
188,5,125,188,1,1
189,5,109,189,1,1
190,5,77,190,1,1
191,5,93,191,1,1
192,5,170,192,1,1
193,5,186,193,1,1
194,5,154,194,1,1
195,5,138,195,1,1
196,5,250,196,1,1
197,5,234,197,1,1
198,5,202,198,1,1
199,5,218,199,1,1
200,5,90,200,1,1
201,5,74,201,1,1
202,5,106,202,1,1
203,5,122,203,1,1
204,5,10,204,1,1
205,5,26,205,1,1
206,5,58,206,1,1
207,5,42,207,1,1
208,5,187,208,1,1
209,5,171,209,1,1
210,5,139,210,1,1
211,5,155,211,1,1
212,5,235,212,1,1
213,5,251,213,1,1
214,5,219,214,1,1
215,5,203,215,1,1
216,5,75,216,1,1
217,5,91,217,1,1
218,5,123,218,1,1
219,5,107,219,1,1
220,5,27,220,1,1
221,5,11,221,1,1
222,5,43,222,1,1
223,5,59,223,1,1
224,5,153,224,1,1
225,5,137,225,1,1
226,5,169,226,1,1
227,5,185,227,1,1
228,5,201,228,1,1
229,5,217,229,1,1
230,5,249,230,1,1
231,5,233,231,1,1
232,5,105,232,1,1
233,5,121,233,1,1
234,5,89,234,1,1
235,5,73,235,1,1
236,5,57,236,1,1
237,5,41,237,1,1
238,5,9,238,1,1
239,5,25,239,1,1
240,5,136,240,1,1
241,5,152,241,1,1
242,5,184,242,1,1
243,5,168,243,1,1
244,5,216,244,1,1
245,5,200,245,1,1
246,5,232,246,1,1
247,5,248,247,1,1
248,5,120,248,1,1
249,5,104,249,1,1
250,5,72,250,1,1
251,5,88,251,1,1
252,5,40,252,1,1
253,5,56,253,1,1
254,5,24,254,1,1
255,5,8,255,1,1
0,6,0,0,0,1
1,6,32,1,1,1
2,6,16,2,1,1
3,6,48,3,1,1
4,6,160,4,1,1
5,6,128,5,1,1
6,6,176,6,1,1
7,6,144,7,1,1
8,6,80,8,1,1
9,6,112,9,1,1
10,6,64,10,1,1
11,6,96,11,1,1
12,6,240,12,1,1
13,6,208,13,1,1
14,6,224,14,1,1
15,6,192,15,1,1
16,6,34,16,1,1
17,6,2,17,1,1
18,6,50,18,1,1
19,6,18,19,1,1
20,6,130,20,1,1
21,6,162,21,1,1
22,6,146,22,1,1
23,6,178,23,1,1
24,6,114,24,1,1
25,6,82,25,1,1
26,6,98,26,1,1
27,6,66,27,1,1
28,6,210,28,1,1
29,6,242,29,1,1
30,6,194,30,1,1
31,6,226,31,1,1
32,6,17,32,1,1
33,6,49,33,1,1
34,6,1,34,1,1
35,6,33,35,1,1
36,6,177,36,1,1
37,6,145,37,1,1
38,6,161,38,1,1
39,6,129,39,1,1
40,6,65,40,1,1
41,6,97,41,1,1
42,6,81,42,1,1
43,6,113,43,1,1
44,6,225,44,1,1
45,6,193,45,1,1
46,6,241,46,1,1
47,6,209,47,1,1
48,6,51,48,1,1
49,6,19,49,1,1
50,6,35,50,1,1
51,6,3,51,1,1
52,6,147,52,1,1
53,6,179,53,1,1
54,6,131,54,1,1
55,6,163,55,1,1
56,6,99,56,1,1
57,6,67,57,1,1
58,6,115,58,1,1
59,6,83,59,1,1
60,6,195,60,1,1
61,6,227,61,1,1
62,6,211,62,1,1
63,6,243,63,1,1
64,6,170,64,1,1
65,6,138,65,1,1
66,6,186,66,1,1
67,6,154,67,1,1
68,6,10,68,1,1
69,6,42,69,1,1
70,6,26,70,1,1
71,6,58,71,1,1
72,6,250,72,1,1
73,6,218,73,1,1
74,6,234,74,1,1
75,6,202,75,1,1
76,6,90,76,1,1
77,6,122,77,1,1
78,6,74,78,1,1
79,6,106,79,1,1
80,6,136,80,1,1
81,6,168,81,1,1
82,6,152,82,1,1
83,6,184,83,1,1
84,6,40,84,1,1
85,6,8,85,1,1
86,6,56,86,1,1
87,6,24,87,1,1
88,6,216,88,1,1
89,6,248,89,1,1
90,6,200,90,1,1
91,6,232,91,1,1
92,6,120,92,1,1
93,6,88,93,1,1
94,6,104,94,1,1
95,6,72,95,1,1
96,6,187,96,1,1
97,6,155,97,1,1
98,6,171,98,1,1
99,6,139,99,1,1
100,6,27,100,1,1
101,6,59,101,1,1
102,6,11,102,1,1
103,6,43,103,1,1
104,6,235,104,1,1
105,6,203,105,1,1
106,6,251,106,1,1
107,6,219,107,1,1
108,6,75,108,1,1
109,6,107,109,1,1
110,6,91,110,1,1
111,6,123,111,1,1
112,6,153,112,1,1
113,6,185,113,1,1
114,6,137,114,1,1
115,6,169,115,1,1
116,6,57,116,1,1
117,6,25,117,1,1
118,6,41,118,1,1
119,6,9,119,1,1
120,6,201,120,1,1
121,6,233,121,1,1
122,6,217,122,1,1
123,6,249,123,1,1
124,6,105,124,1,1
125,6,73,125,1,1
126,6,121,126,1,1
127,6,89,127,1,1
128,6,85,128,1,1
129,6,117,129,1,1
130,6,69,130,1,1
131,6,101,131,1,1
132,6,245,132,1,1
133,6,213,133,1,1
134,6,229,134,1,1
135,6,197,135,1,1
136,6,5,136,1,1
137,6,37,137,1,1
138,6,21,138,1,1
139,6,53,139,1,1
140,6,165,140,1,1
141,6,133,141,1,1
142,6,181,142,1,1
143,6,149,143,1,1
144,6,119,144,1,1
145,6,87,145,1,1
146,6,103,146,1,1
147,6,71,147,1,1
148,6,215,148,1,1
149,6,247,149,1,1
150,6,199,150,1,1
151,6,231,151,1,1
152,6,39,152,1,1
153,6,7,153,1,1
154,6,55,154,1,1
155,6,23,155,1,1
156,6,135,156,1,1
157,6,167,157,1,1
158,6,151,158,1,1
159,6,183,159,1,1
160,6,68,160,1,1
161,6,100,161,1,1
162,6,84,162,1,1
163,6,116,163,1,1
164,6,228,164,1,1
165,6,196,165,1,1
166,6,244,166,1,1
167,6,212,167,1,1
168,6,20,168,1,1
169,6,52,169,1,1
170,6,4,170,1,1
171,6,36,171,1,1
172,6,180,172,1,1
173,6,148,173,1,1
174,6,164,174,1,1
175,6,132,175,1,1
176,6,102,176,1,1
177,6,70,177,1,1
178,6,118,178,1,1
179,6,86,179,1,1
180,6,198,180,1,1
181,6,230,181,1,1
182,6,214,182,1,1
183,6,246,183,1,1
184,6,54,184,1,1
185,6,22,185,1,1
186,6,38,186,1,1
187,6,6,187,1,1
188,6,150,188,1,1
189,6,182,189,1,1
190,6,134,190,1,1
191,6,166,191,1,1
192,6,255,192,1,1
193,6,223,193,1,1
194,6,239,194,1,1
195,6,207,195,1,1
196,6,95,196,1,1
197,6,127,197,1,1
198,6,79,198,1,1
199,6,111,199,1,1
200,6,175,200,1,1
201,6,143,201,1,1
202,6,191,202,1,1
203,6,159,203,1,1
204,6,15,204,1,1
205,6,47,205,1,1
206,6,31,206,1,1
207,6,63,207,1,1
208,6,221,208,1,1
209,6,253,209,1,1
210,6,205,210,1,1
211,6,237,211,1,1
212,6,125,212,1,1
213,6,93,213,1,1
214,6,109,214,1,1
215,6,77,215,1,1
216,6,141,216,1,1
217,6,173,217,1,1
218,6,157,218,1,1
219,6,189,219,1,1
220,6,45,220,1,1
221,6,13,221,1,1
222,6,61,222,1,1
223,6,29,223,1,1
224,6,238,224,1,1
225,6,206,225,1,1
226,6,254,226,1,1
227,6,222,227,1,1
228,6,78,228,1,1
229,6,110,229,1,1
230,6,94,230,1,1
231,6,126,231,1,1
232,6,190,232,1,1
233,6,158,233,1,1
234,6,174,234,1,1
235,6,142,235,1,1
236,6,30,236,1,1
237,6,62,237,1,1
238,6,14,238,1,1
239,6,46,239,1,1
240,6,204,240,1,1
241,6,236,241,1,1
242,6,220,242,1,1
243,6,252,243,1,1
244,6,108,244,1,1
245,6,76,245,1,1
246,6,124,246,1,1
247,6,92,247,1,1
248,6,156,248,1,1
249,6,188,249,1,1
250,6,140,250,1,1
251,6,172,251,1,1
252,6,60,252,1,1
253,6,28,253,1,1
254,6,44,254,1,1
255,6,12,255,1,1
0,7,0,0,0,1
1,7,16,1,1,1
2,7,32,2,1,1
3,7,48,3,1,1
4,7,80,4,1,1
5,7,64,5,1,1
6,7,112,6,1,1
7,7,96,7,1,1
8,7,160,8,1,1
9,7,176,9,1,1
10,7,128,10,1,1
11,7,144,11,1,1
12,7,240,12,1,1
13,7,224,13,1,1
14,7,208,14,1,1
15,7,192,15,1,1
16,7,17,16,1,1
17,7,1,17,1,1
18,7,49,18,1,1
19,7,33,19,1,1
20,7,65,20,1,1
21,7,81,21,1,1
22,7,97,22,1,1
23,7,113,23,1,1
24,7,177,24,1,1
25,7,161,25,1,1
26,7,145,26,1,1
27,7,129,27,1,1
28,7,225,28,1,1
29,7,241,29,1,1
30,7,193,30,1,1
31,7,209,31,1,1
32,7,34,32,1,1
33,7,50,33,1,1
34,7,2,34,1,1
35,7,18,35,1,1
36,7,114,36,1,1
37,7,98,37,1,1
38,7,82,38,1,1
39,7,66,39,1,1
40,7,130,40,1,1
41,7,146,41,1,1
42,7,162,42,1,1
43,7,178,43,1,1
44,7,210,44,1,1
45,7,194,45,1,1
46,7,242,46,1,1
47,7,226,47,1,1
48,7,51,48,1,1
49,7,35,49,1,1
50,7,19,50,1,1
51,7,3,51,1,1
52,7,99,52,1,1
53,7,115,53,1,1
54,7,67,54,1,1
55,7,83,55,1,1
56,7,147,56,1,1
57,7,131,57,1,1
58,7,179,58,1,1
59,7,163,59,1,1
60,7,195,60,1,1
61,7,211,61,1,1
62,7,227,62,1,1
63,7,243,63,1,1
64,7,85,64,1,1
65,7,69,65,1,1
66,7,117,66,1,1
67,7,101,67,1,1
68,7,5,68,1,1
69,7,21,69,1,1
70,7,37,70,1,1
71,7,53,71,1,1
72,7,245,72,1,1
73,7,229,73,1,1
74,7,213,74,1,1
75,7,197,75,1,1
76,7,165,76,1,1
77,7,181,77,1,1
78,7,133,78,1,1
79,7,149,79,1,1
80,7,68,80,1,1
81,7,84,81,1,1
82,7,100,82,1,1
83,7,116,83,1,1
84,7,20,84,1,1
85,7,4,85,1,1
86,7,52,86,1,1
87,7,36,87,1,1
88,7,228,88,1,1
89,7,244,89,1,1
90,7,196,90,1,1
91,7,212,91,1,1
92,7,180,92,1,1
93,7,164,93,1,1
94,7,148,94,1,1
95,7,132,95,1,1
96,7,119,96,1,1
97,7,103,97,1,1
98,7,87,98,1,1
99,7,71,99,1,1
100,7,39,100,1,1
101,7,55,101,1,1
102,7,7,102,1,1
103,7,23,103,1,1
104,7,215,104,1,1
105,7,199,105,1,1
106,7,247,106,1,1
107,7,231,107,1,1
108,7,135,108,1,1
109,7,151,109,1,1
110,7,167,110,1,1
111,7,183,111,1,1
112,7,102,112,1,1
113,7,118,113,1,1
114,7,70,114,1,1
115,7,86,115,1,1
116,7,54,116,1,1
117,7,38,117,1,1
118,7,22,118,1,1
119,7,6,119,1,1
120,7,198,120,1,1
121,7,214,121,1,1
122,7,230,122,1,1
123,7,246,123,1,1
124,7,150,124,1,1
125,7,134,125,1,1
126,7,182,126,1,1
127,7,166,127,1,1
128,7,170,128,1,1
129,7,186,129,1,1
130,7,138,130,1,1
131,7,154,131,1,1
132,7,250,132,1,1
133,7,234,133,1,1
134,7,218,134,1,1
135,7,202,135,1,1
136,7,10,136,1,1
137,7,26,137,1,1
138,7,42,138,1,1
139,7,58,139,1,1
140,7,90,140,1,1
141,7,74,141,1,1
142,7,122,142,1,1
143,7,106,143,1,1
144,7,187,144,1,1
145,7,171,145,1,1
146,7,155,146,1,1
147,7,139,147,1,1
148,7,235,148,1,1
149,7,251,149,1,1
150,7,203,150,1,1
151,7,219,151,1,1
152,7,27,152,1,1
153,7,11,153,1,1
154,7,59,154,1,1
155,7,43,155,1,1
156,7,75,156,1,1
157,7,91,157,1,1
158,7,107,158,1,1
159,7,123,159,1,1
160,7,136,160,1,1
161,7,152,161,1,1
162,7,168,162,1,1
163,7,184,163,1,1
164,7,216,164,1,1
165,7,200,165,1,1
166,7,248,166,1,1
167,7,232,167,1,1
168,7,40,168,1,1
169,7,56,169,1,1
170,7,8,170,1,1
171,7,24,171,1,1
172,7,120,172,1,1
173,7,104,173,1,1
174,7,88,174,1,1
175,7,72,175,1,1
176,7,153,176,1,1
177,7,137,177,1,1
178,7,185,178,1,1
179,7,169,179,1,1
180,7,201,180,1,1
181,7,217,181,1,1
182,7,233,182,1,1
183,7,249,183,1,1
184,7,57,184,1,1
185,7,41,185,1,1
186,7,25,186,1,1
187,7,9,187,1,1
188,7,105,188,1,1
189,7,121,189,1,1
190,7,73,190,1,1
191,7,89,191,1,1
192,7,255,192,1,1
193,7,239,193,1,1
194,7,223,194,1,1
195,7,207,195,1,1
196,7,175,196,1,1
197,7,191,197,1,1
198,7,143,198,1,1
199,7,159,199,1,1
200,7,95,200,1,1
201,7,79,201,1,1
202,7,127,202,1,1
203,7,111,203,1,1
204,7,15,204,1,1
205,7,31,205,1,1
206,7,47,206,1,1
207,7,63,207,1,1
208,7,238,208,1,1
209,7,254,209,1,1
210,7,206,210,1,1
211,7,222,211,1,1
212,7,190,212,1,1
213,7,174,213,1,1
214,7,158,214,1,1
215,7,142,215,1,1
216,7,78,216,1,1
217,7,94,217,1,1
218,7,110,218,1,1
219,7,126,219,1,1
220,7,30,220,1,1
221,7,14,221,1,1
222,7,62,222,1,1
223,7,46,223,1,1
224,7,221,224,1,1
225,7,205,225,1,1
226,7,253,226,1,1
227,7,237,227,1,1
228,7,141,228,1,1
229,7,157,229,1,1
230,7,173,230,1,1
231,7,189,231,1,1
232,7,125,232,1,1
233,7,109,233,1,1
234,7,93,234,1,1
235,7,77,235,1,1
236,7,45,236,1,1
237,7,61,237,1,1
238,7,13,238,1,1
239,7,29,239,1,1
240,7,204,240,1,1
241,7,220,241,1,1
242,7,236,242,1,1
243,7,252,243,1,1
244,7,156,244,1,1
245,7,140,245,1,1
246,7,188,246,1,1
247,7,172,247,1,1
248,7,108,248,1,1
249,7,124,249,1,1
250,7,76,250,1,1
251,7,92,251,1,1
252,7,60,252,1,1
253,7,44,253,1,1
254,7,28,254,1,1
255,7,12,255,1,1
0,8,0,0,0,1
1,8,128,1,1,1
2,8,192,2,1,1
3,8,64,3,1,1
4,8,32,4,1,1
5,8,160,5,1,1
6,8,224,6,1,1
7,8,96,7,1,1
8,8,48,8,1,1
9,8,176,9,1,1
10,8,240,10,1,1
11,8,112,11,1,1
12,8,16,12,1,1
13,8,144,13,1,1
14,8,208,14,1,1
15,8,80,15,1,1
16,8,136,16,1,1
17,8,8,17,1,1
18,8,72,18,1,1
19,8,200,19,1,1
20,8,168,20,1,1
21,8,40,21,1,1
22,8,104,22,1,1
23,8,232,23,1,1
24,8,184,24,1,1
25,8,56,25,1,1
26,8,120,26,1,1
27,8,248,27,1,1
28,8,152,28,1,1
29,8,24,29,1,1
30,8,88,30,1,1
31,8,216,31,1,1
32,8,204,32,1,1
33,8,76,33,1,1
34,8,12,34,1,1
35,8,140,35,1,1
36,8,236,36,1,1
37,8,108,37,1,1
38,8,44,38,1,1
39,8,172,39,1,1
40,8,252,40,1,1
41,8,124,41,1,1
42,8,60,42,1,1
43,8,188,43,1,1
44,8,220,44,1,1
45,8,92,45,1,1
46,8,28,46,1,1
47,8,156,47,1,1
48,8,68,48,1,1
49,8,196,49,1,1
50,8,132,50,1,1
51,8,4,51,1,1
52,8,100,52,1,1
53,8,228,53,1,1
54,8,164,54,1,1
55,8,36,55,1,1
56,8,116,56,1,1
57,8,244,57,1,1
58,8,180,58,1,1
59,8,52,59,1,1
60,8,84,60,1,1
61,8,212,61,1,1
62,8,148,62,1,1
63,8,20,63,1,1
64,8,34,64,1,1
65,8,162,65,1,1
66,8,226,66,1,1
67,8,98,67,1,1
68,8,2,68,1,1
69,8,130,69,1,1
70,8,194,70,1,1
71,8,66,71,1,1
72,8,18,72,1,1
73,8,146,73,1,1
74,8,210,74,1,1
75,8,82,75,1,1
76,8,50,76,1,1
77,8,178,77,1,1
78,8,242,78,1,1
79,8,114,79,1,1
80,8,170,80,1,1
81,8,42,81,1,1
82,8,106,82,1,1
83,8,234,83,1,1
84,8,138,84,1,1
85,8,10,85,1,1
86,8,74,86,1,1
87,8,202,87,1,1
88,8,154,88,1,1
89,8,26,89,1,1
90,8,90,90,1,1
91,8,218,91,1,1
92,8,186,92,1,1
93,8,58,93,1,1
94,8,122,94,1,1
95,8,250,95,1,1
96,8,238,96,1,1
97,8,110,97,1,1
98,8,46,98,1,1
99,8,174,99,1,1
100,8,206,100,1,1
101,8,78,101,1,1
102,8,14,102,1,1
103,8,142,103,1,1
104,8,222,104,1,1
105,8,94,105,1,1
106,8,30,106,1,1
107,8,158,107,1,1
108,8,254,108,1,1
109,8,126,109,1,1
110,8,62,110,1,1
111,8,190,111,1,1
112,8,102,112,1,1
113,8,230,113,1,1
114,8,166,114,1,1
115,8,38,115,1,1
116,8,70,116,1,1
117,8,198,117,1,1
118,8,134,118,1,1
119,8,6,119,1,1
120,8,86,120,1,1
121,8,214,121,1,1
122,8,150,122,1,1
123,8,22,123,1,1
124,8,118,124,1,1
125,8,246,125,1,1
126,8,182,126,1,1
127,8,54,127,1,1
128,8,51,128,1,1
129,8,179,129,1,1
130,8,243,130,1,1
131,8,115,131,1,1
132,8,19,132,1,1
133,8,147,133,1,1
134,8,211,134,1,1
135,8,83,135,1,1
136,8,3,136,1,1
137,8,131,137,1,1
138,8,195,138,1,1
139,8,67,139,1,1
140,8,35,140,1,1
141,8,163,141,1,1
142,8,227,142,1,1
143,8,99,143,1,1
144,8,187,144,1,1
145,8,59,145,1,1
146,8,123,146,1,1
147,8,251,147,1,1
148,8,155,148,1,1
149,8,27,149,1,1
150,8,91,150,1,1
151,8,219,151,1,1
152,8,139,152,1,1
153,8,11,153,1,1
154,8,75,154,1,1
155,8,203,155,1,1
156,8,171,156,1,1
157,8,43,157,1,1
158,8,107,158,1,1
159,8,235,159,1,1
160,8,255,160,1,1
161,8,127,161,1,1
162,8,63,162,1,1
163,8,191,163,1,1
164,8,223,164,1,1
165,8,95,165,1,1
166,8,31,166,1,1
167,8,159,167,1,1
168,8,207,168,1,1
169,8,79,169,1,1
170,8,15,170,1,1
171,8,143,171,1,1
172,8,239,172,1,1
173,8,111,173,1,1
174,8,47,174,1,1
175,8,175,175,1,1
176,8,119,176,1,1
177,8,247,177,1,1
178,8,183,178,1,1
179,8,55,179,1,1
180,8,87,180,1,1
181,8,215,181,1,1
182,8,151,182,1,1
183,8,23,183,1,1
184,8,71,184,1,1
185,8,199,185,1,1
186,8,135,186,1,1
187,8,7,187,1,1
188,8,103,188,1,1
189,8,231,189,1,1
190,8,167,190,1,1
191,8,39,191,1,1
192,8,17,192,1,1
193,8,145,193,1,1
194,8,209,194,1,1
195,8,81,195,1,1
196,8,49,196,1,1
197,8,177,197,1,1
198,8,241,198,1,1
199,8,113,199,1,1
200,8,33,200,1,1
201,8,161,201,1,1
202,8,225,202,1,1
203,8,97,203,1,1
204,8,1,204,1,1
205,8,129,205,1,1
206,8,193,206,1,1
207,8,65,207,1,1
208,8,153,208,1,1
209,8,25,209,1,1
210,8,89,210,1,1
211,8,217,211,1,1
212,8,185,212,1,1
213,8,57,213,1,1
214,8,121,214,1,1
215,8,249,215,1,1
216,8,169,216,1,1
217,8,41,217,1,1
218,8,105,218,1,1
219,8,233,219,1,1
220,8,137,220,1,1
221,8,9,221,1,1
222,8,73,222,1,1
223,8,201,223,1,1
224,8,221,224,1,1
225,8,93,225,1,1
226,8,29,226,1,1
227,8,157,227,1,1
228,8,253,228,1,1
229,8,125,229,1,1
230,8,61,230,1,1
231,8,189,231,1,1
232,8,237,232,1,1
233,8,109,233,1,1
234,8,45,234,1,1
235,8,173,235,1,1
236,8,205,236,1,1
237,8,77,237,1,1
238,8,13,238,1,1
239,8,141,239,1,1
240,8,85,240,1,1
241,8,213,241,1,1
242,8,149,242,1,1
243,8,21,243,1,1
244,8,117,244,1,1
245,8,245,245,1,1
246,8,181,246,1,1
247,8,53,247,1,1
248,8,101,248,1,1
249,8,229,249,1,1
250,8,165,250,1,1
251,8,37,251,1,1
252,8,69,252,1,1
253,8,197,253,1,1
254,8,133,254,1,1
255,8,5,255,1,1
0,9,0,0,0,1
1,9,64,1,1,1
2,9,192,2,1,1
3,9,128,3,1,1
4,9,16,4,1,1
5,9,80,5,1,1
6,9,208,6,1,1
7,9,144,7,1,1
8,9,48,8,1,1
9,9,112,9,1,1
10,9,240,10,1,1
11,9,176,11,1,1
12,9,32,12,1,1
13,9,96,13,1,1
14,9,224,14,1,1
15,9,160,15,1,1
16,9,68,16,1,1
17,9,4,17,1,1
18,9,132,18,1,1
19,9,196,19,1,1
20,9,84,20,1,1
21,9,20,21,1,1
22,9,148,22,1,1
23,9,212,23,1,1
24,9,116,24,1,1
25,9,52,25,1,1
26,9,180,26,1,1
27,9,244,27,1,1
28,9,100,28,1,1
29,9,36,29,1,1
30,9,164,30,1,1
31,9,228,31,1,1
32,9,204,32,1,1
33,9,140,33,1,1
34,9,12,34,1,1
35,9,76,35,1,1
36,9,220,36,1,1
37,9,156,37,1,1
38,9,28,38,1,1
39,9,92,39,1,1
40,9,252,40,1,1
41,9,188,41,1,1
42,9,60,42,1,1
43,9,124,43,1,1
44,9,236,44,1,1
45,9,172,45,1,1
46,9,44,46,1,1
47,9,108,47,1,1
48,9,136,48,1,1
49,9,200,49,1,1
50,9,72,50,1,1
51,9,8,51,1,1
52,9,152,52,1,1
53,9,216,53,1,1
54,9,88,54,1,1
55,9,24,55,1,1
56,9,184,56,1,1
57,9,248,57,1,1
58,9,120,58,1,1
59,9,56,59,1,1
60,9,168,60,1,1
61,9,232,61,1,1
62,9,104,62,1,1
63,9,40,63,1,1
64,9,17,64,1,1
65,9,81,65,1,1
66,9,209,66,1,1
67,9,145,67,1,1
68,9,1,68,1,1
69,9,65,69,1,1
70,9,193,70,1,1
71,9,129,71,1,1
72,9,33,72,1,1
73,9,97,73,1,1
74,9,225,74,1,1
75,9,161,75,1,1
76,9,49,76,1,1
77,9,113,77,1,1
78,9,241,78,1,1
79,9,177,79,1,1
80,9,85,80,1,1
81,9,21,81,1,1
82,9,149,82,1,1
83,9,213,83,1,1
84,9,69,84,1,1
85,9,5,85,1,1
86,9,133,86,1,1
87,9,197,87,1,1
88,9,101,88,1,1
89,9,37,89,1,1
90,9,165,90,1,1
91,9,229,91,1,1
92,9,117,92,1,1
93,9,53,93,1,1
94,9,181,94,1,1
95,9,245,95,1,1
96,9,221,96,1,1
97,9,157,97,1,1
98,9,29,98,1,1
99,9,93,99,1,1
100,9,205,100,1,1
101,9,141,101,1,1
102,9,13,102,1,1
103,9,77,103,1,1
104,9,237,104,1,1
105,9,173,105,1,1
106,9,45,106,1,1
107,9,109,107,1,1
108,9,253,108,1,1
109,9,189,109,1,1
110,9,61,110,1,1
111,9,125,111,1,1
112,9,153,112,1,1
113,9,217,113,1,1
114,9,89,114,1,1
115,9,25,115,1,1
116,9,137,116,1,1
117,9,201,117,1,1
118,9,73,118,1,1
119,9,9,119,1,1
120,9,169,120,1,1
121,9,233,121,1,1
122,9,105,122,1,1
123,9,41,123,1,1
124,9,185,124,1,1
125,9,249,125,1,1
126,9,121,126,1,1
127,9,57,127,1,1
128,9,51,128,1,1
129,9,115,129,1,1
130,9,243,130,1,1
131,9,179,131,1,1
132,9,35,132,1,1
133,9,99,133,1,1
134,9,227,134,1,1
135,9,163,135,1,1
136,9,3,136,1,1
137,9,67,137,1,1
138,9,195,138,1,1
139,9,131,139,1,1
140,9,19,140,1,1
141,9,83,141,1,1
142,9,211,142,1,1
143,9,147,143,1,1
144,9,119,144,1,1
145,9,55,145,1,1
146,9,183,146,1,1
147,9,247,147,1,1
148,9,103,148,1,1
149,9,39,149,1,1
150,9,167,150,1,1
151,9,231,151,1,1
152,9,71,152,1,1
153,9,7,153,1,1
154,9,135,154,1,1
155,9,199,155,1,1
156,9,87,156,1,1
157,9,23,157,1,1
158,9,151,158,1,1
159,9,215,159,1,1
160,9,255,160,1,1
161,9,191,161,1,1
162,9,63,162,1,1
163,9,127,163,1,1
164,9,239,164,1,1
165,9,175,165,1,1
166,9,47,166,1,1
167,9,111,167,1,1
168,9,207,168,1,1
169,9,143,169,1,1
170,9,15,170,1,1
171,9,79,171,1,1
172,9,223,172,1,1
173,9,159,173,1,1
174,9,31,174,1,1
175,9,95,175,1,1
176,9,187,176,1,1
177,9,251,177,1,1
178,9,123,178,1,1
179,9,59,179,1,1
180,9,171,180,1,1
181,9,235,181,1,1
182,9,107,182,1,1
183,9,43,183,1,1
184,9,139,184,1,1
185,9,203,185,1,1
186,9,75,186,1,1
187,9,11,187,1,1
188,9,155,188,1,1
189,9,219,189,1,1
190,9,91,190,1,1
191,9,27,191,1,1
192,9,34,192,1,1
193,9,98,193,1,1
194,9,226,194,1,1
195,9,162,195,1,1
196,9,50,196,1,1
197,9,114,197,1,1
198,9,242,198,1,1
199,9,178,199,1,1
200,9,18,200,1,1
201,9,82,201,1,1
202,9,210,202,1,1
203,9,146,203,1,1
204,9,2,204,1,1
205,9,66,205,1,1
206,9,194,206,1,1
207,9,130,207,1,1
208,9,102,208,1,1
209,9,38,209,1,1
210,9,166,210,1,1
211,9,230,211,1,1
212,9,118,212,1,1
213,9,54,213,1,1
214,9,182,214,1,1
215,9,246,215,1,1
216,9,86,216,1,1
217,9,22,217,1,1
218,9,150,218,1,1
219,9,214,219,1,1
220,9,70,220,1,1
221,9,6,221,1,1
222,9,134,222,1,1
223,9,198,223,1,1
224,9,238,224,1,1
225,9,174,225,1,1
226,9,46,226,1,1
227,9,110,227,1,1
228,9,254,228,1,1
229,9,190,229,1,1
230,9,62,230,1,1
231,9,126,231,1,1
232,9,222,232,1,1
233,9,158,233,1,1
234,9,30,234,1,1
235,9,94,235,1,1
236,9,206,236,1,1
237,9,142,237,1,1
238,9,14,238,1,1
239,9,78,239,1,1
240,9,170,240,1,1
241,9,234,241,1,1
242,9,106,242,1,1
243,9,42,243,1,1
244,9,186,244,1,1
245,9,250,245,1,1
246,9,122,246,1,1
247,9,58,247,1,1
248,9,154,248,1,1
249,9,218,249,1,1
250,9,90,250,1,1
251,9,26,251,1,1
252,9,138,252,1,1
253,9,202,253,1,1
254,9,74,254,1,1
255,9,10,255,1,1
0,10,0,0,0,1
1,10,128,1,1,1
2,10,64,2,1,1
3,10,192,3,1,1
4,10,32,4,1,1
5,10,160,5,1,1
6,10,96,6,1,1
7,10,224,7,1,1
8,10,16,8,1,1
9,10,144,9,1,1
10,10,80,10,1,1
11,10,208,11,1,1
12,10,48,12,1,1
13,10,176,13,1,1
14,10,112,14,1,1
15,10,240,15,1,1
16,10,136,16,1,1
17,10,8,17,1,1
18,10,200,18,1,1
19,10,72,19,1,1
20,10,168,20,1,1
21,10,40,21,1,1
22,10,232,22,1,1
23,10,104,23,1,1
24,10,152,24,1,1
25,10,24,25,1,1
26,10,216,26,1,1
27,10,88,27,1,1
28,10,184,28,1,1
29,10,56,29,1,1
30,10,248,30,1,1
31,10,120,31,1,1
32,10,68,32,1,1
33,10,196,33,1,1
34,10,4,34,1,1
35,10,132,35,1,1
36,10,100,36,1,1
37,10,228,37,1,1
38,10,36,38,1,1
39,10,164,39,1,1
40,10,84,40,1,1
41,10,212,41,1,1
42,10,20,42,1,1
43,10,148,43,1,1
44,10,116,44,1,1
45,10,244,45,1,1
46,10,52,46,1,1
47,10,180,47,1,1
48,10,204,48,1,1
49,10,76,49,1,1
50,10,140,50,1,1
51,10,12,51,1,1
52,10,236,52,1,1
53,10,108,53,1,1
54,10,172,54,1,1
55,10,44,55,1,1
56,10,220,56,1,1
57,10,92,57,1,1
58,10,156,58,1,1
59,10,28,59,1,1
60,10,252,60,1,1
61,10,124,61,1,1
62,10,188,62,1,1
63,10,60,63,1,1
64,10,34,64,1,1
65,10,162,65,1,1
66,10,98,66,1,1
67,10,226,67,1,1
68,10,2,68,1,1
69,10,130,69,1,1
70,10,66,70,1,1
71,10,194,71,1,1
72,10,50,72,1,1
73,10,178,73,1,1
74,10,114,74,1,1
75,10,242,75,1,1
76,10,18,76,1,1
77,10,146,77,1,1
78,10,82,78,1,1
79,10,210,79,1,1
80,10,170,80,1,1
81,10,42,81,1,1
82,10,234,82,1,1
83,10,106,83,1,1
84,10,138,84,1,1
85,10,10,85,1,1
86,10,202,86,1,1
87,10,74,87,1,1
88,10,186,88,1,1
89,10,58,89,1,1
90,10,250,90,1,1
91,10,122,91,1,1
92,10,154,92,1,1
93,10,26,93,1,1
94,10,218,94,1,1
95,10,90,95,1,1
96,10,102,96,1,1
97,10,230,97,1,1
98,10,38,98,1,1
99,10,166,99,1,1
100,10,70,100,1,1
101,10,198,101,1,1
102,10,6,102,1,1
103,10,134,103,1,1
104,10,118,104,1,1
105,10,246,105,1,1
106,10,54,106,1,1
107,10,182,107,1,1
108,10,86,108,1,1
109,10,214,109,1,1
110,10,22,110,1,1
111,10,150,111,1,1
112,10,238,112,1,1
113,10,110,113,1,1
114,10,174,114,1,1
115,10,46,115,1,1
116,10,206,116,1,1
117,10,78,117,1,1
118,10,142,118,1,1
119,10,14,119,1,1
120,10,254,120,1,1
121,10,126,121,1,1
122,10,190,122,1,1
123,10,62,123,1,1
124,10,222,124,1,1
125,10,94,125,1,1
126,10,158,126,1,1
127,10,30,127,1,1
128,10,17,128,1,1
129,10,145,129,1,1
130,10,81,130,1,1
131,10,209,131,1,1
132,10,49,132,1,1
133,10,177,133,1,1
134,10,113,134,1,1
135,10,241,135,1,1
136,10,1,136,1,1
137,10,129,137,1,1
138,10,65,138,1,1
139,10,193,139,1,1
140,10,33,140,1,1
141,10,161,141,1,1
142,10,97,142,1,1
143,10,225,143,1,1
144,10,153,144,1,1
145,10,25,145,1,1
146,10,217,146,1,1
147,10,89,147,1,1
148,10,185,148,1,1
149,10,57,149,1,1
150,10,249,150,1,1
151,10,121,151,1,1
152,10,137,152,1,1
153,10,9,153,1,1
154,10,201,154,1,1
155,10,73,155,1,1
156,10,169,156,1,1
157,10,41,157,1,1
158,10,233,158,1,1
159,10,105,159,1,1
160,10,85,160,1,1
161,10,213,161,1,1
162,10,21,162,1,1
163,10,149,163,1,1
164,10,117,164,1,1
165,10,245,165,1,1
166,10,53,166,1,1
167,10,181,167,1,1
168,10,69,168,1,1
169,10,197,169,1,1
170,10,5,170,1,1
171,10,133,171,1,1
172,10,101,172,1,1
173,10,229,173,1,1
174,10,37,174,1,1
175,10,165,175,1,1
176,10,221,176,1,1
177,10,93,177,1,1
178,10,157,178,1,1
179,10,29,179,1,1
180,10,253,180,1,1
181,10,125,181,1,1
182,10,189,182,1,1
183,10,61,183,1,1
184,10,205,184,1,1
185,10,77,185,1,1
186,10,141,186,1,1
187,10,13,187,1,1
188,10,237,188,1,1
189,10,109,189,1,1
190,10,173,190,1,1
191,10,45,191,1,1
192,10,51,192,1,1
193,10,179,193,1,1
194,10,115,194,1,1
195,10,243,195,1,1
196,10,19,196,1,1
197,10,147,197,1,1
198,10,83,198,1,1
199,10,211,199,1,1
200,10,35,200,1,1
201,10,163,201,1,1
202,10,99,202,1,1
203,10,227,203,1,1
204,10,3,204,1,1
205,10,131,205,1,1
206,10,67,206,1,1
207,10,195,207,1,1
208,10,187,208,1,1
209,10,59,209,1,1
210,10,251,210,1,1
211,10,123,211,1,1
212,10,155,212,1,1
213,10,27,213,1,1
214,10,219,214,1,1
215,10,91,215,1,1
216,10,171,216,1,1
217,10,43,217,1,1
218,10,235,218,1,1
219,10,107,219,1,1
220,10,139,220,1,1
221,10,11,221,1,1
222,10,203,222,1,1
223,10,75,223,1,1
224,10,119,224,1,1
225,10,247,225,1,1
226,10,55,226,1,1
227,10,183,227,1,1
228,10,87,228,1,1
229,10,215,229,1,1
230,10,23,230,1,1
231,10,151,231,1,1
232,10,103,232,1,1
233,10,231,233,1,1
234,10,39,234,1,1
235,10,167,235,1,1
236,10,71,236,1,1
237,10,199,237,1,1
238,10,7,238,1,1
239,10,135,239,1,1
240,10,255,240,1,1
241,10,127,241,1,1
242,10,191,242,1,1
243,10,63,243,1,1
244,10,223,244,1,1
245,10,95,245,1,1
246,10,159,246,1,1
247,10,31,247,1,1
248,10,239,248,1,1
249,10,111,249,1,1
250,10,175,250,1,1
251,10,47,251,1,1
252,10,207,252,1,1
253,10,79,253,1,1
254,10,143,254,1,1
255,10,15,255,1,1
0,11,0,0,0,1
1,11,64,1,1,1
2,11,128,2,1,1
3,11,192,3,1,1
4,11,16,4,1,1
5,11,80,5,1,1
6,11,144,6,1,1
7,11,208,7,1,1
8,11,32,8,1,1
9,11,96,9,1,1
10,11,160,10,1,1
11,11,224,11,1,1
12,11,48,12,1,1
13,11,112,13,1,1
14,11,176,14,1,1
15,11,240,15,1,1
16,11,68,16,1,1
17,11,4,17,1,1
18,11,196,18,1,1
19,11,132,19,1,1
20,11,84,20,1,1
21,11,20,21,1,1
22,11,212,22,1,1
23,11,148,23,1,1
24,11,100,24,1,1
25,11,36,25,1,1
26,11,228,26,1,1
27,11,164,27,1,1
28,11,116,28,1,1
29,11,52,29,1,1
30,11,244,30,1,1
31,11,180,31,1,1
32,11,136,32,1,1
33,11,200,33,1,1
34,11,8,34,1,1
35,11,72,35,1,1
36,11,152,36,1,1
37,11,216,37,1,1
38,11,24,38,1,1
39,11,88,39,1,1
40,11,168,40,1,1
41,11,232,41,1,1
42,11,40,42,1,1
43,11,104,43,1,1
44,11,184,44,1,1
45,11,248,45,1,1
46,11,56,46,1,1
47,11,120,47,1,1
48,11,204,48,1,1
49,11,140,49,1,1
50,11,76,50,1,1
51,11,12,51,1,1
52,11,220,52,1,1
53,11,156,53,1,1
54,11,92,54,1,1
55,11,28,55,1,1
56,11,236,56,1,1
57,11,172,57,1,1
58,11,108,58,1,1
59,11,44,59,1,1
60,11,252,60,1,1
61,11,188,61,1,1
62,11,124,62,1,1
63,11,60,63,1,1
64,11,17,64,1,1
65,11,81,65,1,1
66,11,145,66,1,1
67,11,209,67,1,1
68,11,1,68,1,1
69,11,65,69,1,1
70,11,129,70,1,1
71,11,193,71,1,1
72,11,49,72,1,1
73,11,113,73,1,1
74,11,177,74,1,1
75,11,241,75,1,1
76,11,33,76,1,1
77,11,97,77,1,1
78,11,161,78,1,1
79,11,225,79,1,1
80,11,85,80,1,1
81,11,21,81,1,1
82,11,213,82,1,1
83,11,149,83,1,1
84,11,69,84,1,1
85,11,5,85,1,1
86,11,197,86,1,1
87,11,133,87,1,1
88,11,117,88,1,1
89,11,53,89,1,1
90,11,245,90,1,1
91,11,181,91,1,1
92,11,101,92,1,1
93,11,37,93,1,1
94,11,229,94,1,1
95,11,165,95,1,1
96,11,153,96,1,1
97,11,217,97,1,1
98,11,25,98,1,1
99,11,89,99,1,1
100,11,137,100,1,1
101,11,201,101,1,1
102,11,9,102,1,1
103,11,73,103,1,1
104,11,185,104,1,1
105,11,249,105,1,1
106,11,57,106,1,1
107,11,121,107,1,1
108,11,169,108,1,1
109,11,233,109,1,1
110,11,41,110,1,1
111,11,105,111,1,1
112,11,221,112,1,1
113,11,157,113,1,1
114,11,93,114,1,1
115,11,29,115,1,1
116,11,205,116,1,1
117,11,141,117,1,1
118,11,77,118,1,1
119,11,13,119,1,1
120,11,253,120,1,1
121,11,189,121,1,1
122,11,125,122,1,1
123,11,61,123,1,1
124,11,237,124,1,1
125,11,173,125,1,1
126,11,109,126,1,1
127,11,45,127,1,1
128,11,34,128,1,1
129,11,98,129,1,1
130,11,162,130,1,1
131,11,226,131,1,1
132,11,50,132,1,1
133,11,114,133,1,1
134,11,178,134,1,1
135,11,242,135,1,1
136,11,2,136,1,1
137,11,66,137,1,1
138,11,130,138,1,1
139,11,194,139,1,1
140,11,18,140,1,1
141,11,82,141,1,1
142,11,146,142,1,1
143,11,210,143,1,1
144,11,102,144,1,1
145,11,38,145,1,1
146,11,230,146,1,1
147,11,166,147,1,1
148,11,118,148,1,1
149,11,54,149,1,1
150,11,246,150,1,1
151,11,182,151,1,1
152,11,70,152,1,1
153,11,6,153,1,1
154,11,198,154,1,1
155,11,134,155,1,1
156,11,86,156,1,1
157,11,22,157,1,1
158,11,214,158,1,1
159,11,150,159,1,1
160,11,170,160,1,1
161,11,234,161,1,1
162,11,42,162,1,1
163,11,106,163,1,1
164,11,186,164,1,1
165,11,250,165,1,1
166,11,58,166,1,1
167,11,122,167,1,1
168,11,138,168,1,1
169,11,202,169,1,1
170,11,10,170,1,1
171,11,74,171,1,1
172,11,154,172,1,1
173,11,218,173,1,1
174,11,26,174,1,1
175,11,90,175,1,1
176,11,238,176,1,1
177,11,174,177,1,1
178,11,110,178,1,1
179,11,46,179,1,1
180,11,254,180,1,1
181,11,190,181,1,1
182,11,126,182,1,1
183,11,62,183,1,1
184,11,206,184,1,1
185,11,142,185,1,1
186,11,78,186,1,1
187,11,14,187,1,1
188,11,222,188,1,1
189,11,158,189,1,1
190,11,94,190,1,1
191,11,30,191,1,1
192,11,51,192,1,1
193,11,115,193,1,1
194,11,179,194,1,1
195,11,243,195,1,1
196,11,35,196,1,1
197,11,99,197,1,1
198,11,163,198,1,1
199,11,227,199,1,1
200,11,19,200,1,1
201,11,83,201,1,1
202,11,147,202,1,1
203,11,211,203,1,1
204,11,3,204,1,1
205,11,67,205,1,1
206,11,131,206,1,1
207,11,195,207,1,1
208,11,119,208,1,1
209,11,55,209,1,1
210,11,247,210,1,1
211,11,183,211,1,1
212,11,103,212,1,1
213,11,39,213,1,1
214,11,231,214,1,1
215,11,167,215,1,1
216,11,87,216,1,1
217,11,23,217,1,1
218,11,215,218,1,1
219,11,151,219,1,1
220,11,71,220,1,1
221,11,7,221,1,1
222,11,199,222,1,1
223,11,135,223,1,1
224,11,187,224,1,1
225,11,251,225,1,1
226,11,59,226,1,1
227,11,123,227,1,1
228,11,171,228,1,1
229,11,235,229,1,1
230,11,43,230,1,1
231,11,107,231,1,1
232,11,155,232,1,1
233,11,219,233,1,1
234,11,27,234,1,1
235,11,91,235,1,1
236,11,139,236,1,1
237,11,203,237,1,1
238,11,11,238,1,1
239,11,75,239,1,1
240,11,255,240,1,1
241,11,191,241,1,1
242,11,127,242,1,1
243,11,63,243,1,1
244,11,239,244,1,1
245,11,175,245,1,1
246,11,111,246,1,1
247,11,47,247,1,1
248,11,223,248,1,1
249,11,159,249,1,1
250,11,95,250,1,1
251,11,31,251,1,1
252,11,207,252,1,1
253,11,143,253,1,1
254,11,79,254,1,1
255,11,15,255,1,1
0,12,0,0,0,1
1,12,32,1,1,1
2,12,48,2,1,1
3,12,16,3,1,1
4,12,128,4,1,1
5,12,160,5,1,1
6,12,176,6,1,1
7,12,144,7,1,1
8,12,192,8,1,1
9,12,224,9,1,1
10,12,240,10,1,1
11,12,208,11,1,1
12,12,64,12,1,1
13,12,96,13,1,1
14,12,112,14,1,1
15,12,80,15,1,1
16,12,34,16,1,1
17,12,2,17,1,1
18,12,18,18,1,1
19,12,50,19,1,1
20,12,162,20,1,1
21,12,130,21,1,1
22,12,146,22,1,1
23,12,178,23,1,1
24,12,226,24,1,1
25,12,194,25,1,1
26,12,210,26,1,1
27,12,242,27,1,1
28,12,98,28,1,1
29,12,66,29,1,1
30,12,82,30,1,1
31,12,114,31,1,1
32,12,51,32,1,1
33,12,19,33,1,1
34,12,3,34,1,1
35,12,35,35,1,1
36,12,179,36,1,1
37,12,147,37,1,1
38,12,131,38,1,1
39,12,163,39,1,1
40,12,243,40,1,1
41,12,211,41,1,1
42,12,195,42,1,1
43,12,227,43,1,1
44,12,115,44,1,1
45,12,83,45,1,1
46,12,67,46,1,1
47,12,99,47,1,1
48,12,17,48,1,1
49,12,49,49,1,1
50,12,33,50,1,1
51,12,1,51,1,1
52,12,145,52,1,1
53,12,177,53,1,1
54,12,161,54,1,1
55,12,129,55,1,1
56,12,209,56,1,1
57,12,241,57,1,1
58,12,225,58,1,1
59,12,193,59,1,1
60,12,81,60,1,1
61,12,113,61,1,1
62,12,97,62,1,1
63,12,65,63,1,1
64,12,136,64,1,1
65,12,168,65,1,1
66,12,184,66,1,1
67,12,152,67,1,1
68,12,8,68,1,1
69,12,40,69,1,1
70,12,56,70,1,1
71,12,24,71,1,1
72,12,72,72,1,1
73,12,104,73,1,1
74,12,120,74,1,1
75,12,88,75,1,1
76,12,200,76,1,1
77,12,232,77,1,1
78,12,248,78,1,1
79,12,216,79,1,1
80,12,170,80,1,1
81,12,138,81,1,1
82,12,154,82,1,1
83,12,186,83,1,1
84,12,42,84,1,1
85,12,10,85,1,1
86,12,26,86,1,1
87,12,58,87,1,1
88,12,106,88,1,1
89,12,74,89,1,1
90,12,90,90,1,1
91,12,122,91,1,1
92,12,234,92,1,1
93,12,202,93,1,1
94,12,218,94,1,1
95,12,250,95,1,1
96,12,187,96,1,1
97,12,155,97,1,1
98,12,139,98,1,1
99,12,171,99,1,1
100,12,59,100,1,1
101,12,27,101,1,1
102,12,11,102,1,1
103,12,43,103,1,1
104,12,123,104,1,1
105,12,91,105,1,1
106,12,75,106,1,1
107,12,107,107,1,1
108,12,251,108,1,1
109,12,219,109,1,1
110,12,203,110,1,1
111,12,235,111,1,1
112,12,153,112,1,1
113,12,185,113,1,1
114,12,169,114,1,1
115,12,137,115,1,1
116,12,25,116,1,1
117,12,57,117,1,1
118,12,41,118,1,1
119,12,9,119,1,1
120,12,89,120,1,1
121,12,121,121,1,1
122,12,105,122,1,1
123,12,73,123,1,1
124,12,217,124,1,1
125,12,249,125,1,1
126,12,233,126,1,1
127,12,201,127,1,1
128,12,204,128,1,1
129,12,236,129,1,1
130,12,252,130,1,1
131,12,220,131,1,1
132,12,76,132,1,1
133,12,108,133,1,1
134,12,124,134,1,1
135,12,92,135,1,1
136,12,12,136,1,1
137,12,44,137,1,1
138,12,60,138,1,1
139,12,28,139,1,1
140,12,140,140,1,1
141,12,172,141,1,1
142,12,188,142,1,1
143,12,156,143,1,1
144,12,238,144,1,1
145,12,206,145,1,1
146,12,222,146,1,1
147,12,254,147,1,1
148,12,110,148,1,1
149,12,78,149,1,1
150,12,94,150,1,1
151,12,126,151,1,1
152,12,46,152,1,1
153,12,14,153,1,1
154,12,30,154,1,1
155,12,62,155,1,1
156,12,174,156,1,1
157,12,142,157,1,1
158,12,158,158,1,1
159,12,190,159,1,1
160,12,255,160,1,1
161,12,223,161,1,1
162,12,207,162,1,1
163,12,239,163,1,1
164,12,127,164,1,1
165,12,95,165,1,1
166,12,79,166,1,1
167,12,111,167,1,1
168,12,63,168,1,1
169,12,31,169,1,1
170,12,15,170,1,1
171,12,47,171,1,1
172,12,191,172,1,1
173,12,159,173,1,1
174,12,143,174,1,1
175,12,175,175,1,1
176,12,221,176,1,1
177,12,253,177,1,1
178,12,237,178,1,1
179,12,205,179,1,1
180,12,93,180,1,1
181,12,125,181,1,1
182,12,109,182,1,1
183,12,77,183,1,1
184,12,29,184,1,1
185,12,61,185,1,1
186,12,45,186,1,1
187,12,13,187,1,1
188,12,157,188,1,1
189,12,189,189,1,1
190,12,173,190,1,1
191,12,141,191,1,1
192,12,68,192,1,1
193,12,100,193,1,1
194,12,116,194,1,1
195,12,84,195,1,1
196,12,196,196,1,1
197,12,228,197,1,1
198,12,244,198,1,1
199,12,212,199,1,1
200,12,132,200,1,1
201,12,164,201,1,1
202,12,180,202,1,1
203,12,148,203,1,1
204,12,4,204,1,1
205,12,36,205,1,1
206,12,52,206,1,1
207,12,20,207,1,1
208,12,102,208,1,1
209,12,70,209,1,1
210,12,86,210,1,1
211,12,118,211,1,1
212,12,230,212,1,1
213,12,198,213,1,1
214,12,214,214,1,1
215,12,246,215,1,1
216,12,166,216,1,1
217,12,134,217,1,1
218,12,150,218,1,1
219,12,182,219,1,1
220,12,38,220,1,1
221,12,6,221,1,1
222,12,22,222,1,1
223,12,54,223,1,1
224,12,119,224,1,1
225,12,87,225,1,1
226,12,71,226,1,1
227,12,103,227,1,1
228,12,247,228,1,1
229,12,215,229,1,1
230,12,199,230,1,1
231,12,231,231,1,1
232,12,183,232,1,1
233,12,151,233,1,1
234,12,135,234,1,1
235,12,167,235,1,1
236,12,55,236,1,1
237,12,23,237,1,1
238,12,7,238,1,1
239,12,39,239,1,1
240,12,85,240,1,1
241,12,117,241,1,1
242,12,101,242,1,1
243,12,69,243,1,1
244,12,213,244,1,1
245,12,245,245,1,1
246,12,229,246,1,1
247,12,197,247,1,1
248,12,149,248,1,1
249,12,181,249,1,1
250,12,165,250,1,1
251,12,133,251,1,1
252,12,21,252,1,1
253,12,53,253,1,1
254,12,37,254,1,1
255,12,5,255,1,1
0,13,0,0,0,1
1,13,16,1,1,1
2,13,48,2,1,1
3,13,32,3,1,1
4,13,64,4,1,1
5,13,80,5,1,1
6,13,112,6,1,1
7,13,96,7,1,1
8,13,192,8,1,1
9,13,208,9,1,1
10,13,240,10,1,1
11,13,224,11,1,1
12,13,128,12,1,1
13,13,144,13,1,1
14,13,176,14,1,1
15,13,160,15,1,1
16,13,17,16,1,1
17,13,1,17,1,1
18,13,33,18,1,1
19,13,49,19,1,1
20,13,81,20,1,1
21,13,65,21,1,1
22,13,97,22,1,1
23,13,113,23,1,1
24,13,209,24,1,1
25,13,193,25,1,1
26,13,225,26,1,1
27,13,241,27,1,1
28,13,145,28,1,1
29,13,129,29,1,1
30,13,161,30,1,1
31,13,177,31,1,1
32,13,51,32,1,1
33,13,35,33,1,1
34,13,3,34,1,1
35,13,19,35,1,1
36,13,115,36,1,1
37,13,99,37,1,1
38,13,67,38,1,1
39,13,83,39,1,1
40,13,243,40,1,1
41,13,227,41,1,1
42,13,195,42,1,1
43,13,211,43,1,1
44,13,179,44,1,1
45,13,163,45,1,1
46,13,131,46,1,1
47,13,147,47,1,1
48,13,34,48,1,1
49,13,50,49,1,1
50,13,18,50,1,1
51,13,2,51,1,1
52,13,98,52,1,1
53,13,114,53,1,1
54,13,82,54,1,1
55,13,66,55,1,1
56,13,226,56,1,1
57,13,242,57,1,1
58,13,210,58,1,1
59,13,194,59,1,1
60,13,162,60,1,1
61,13,178,61,1,1
62,13,146,62,1,1
63,13,130,63,1,1
64,13,68,64,1,1
65,13,84,65,1,1
66,13,116,66,1,1
67,13,100,67,1,1
68,13,4,68,1,1
69,13,20,69,1,1
70,13,52,70,1,1
71,13,36,71,1,1
72,13,132,72,1,1
73,13,148,73,1,1
74,13,180,74,1,1
75,13,164,75,1,1
76,13,196,76,1,1
77,13,212,77,1,1
78,13,244,78,1,1
79,13,228,79,1,1
80,13,85,80,1,1
81,13,69,81,1,1
82,13,101,82,1,1
83,13,117,83,1,1
84,13,21,84,1,1
85,13,5,85,1,1
86,13,37,86,1,1
87,13,53,87,1,1
88,13,149,88,1,1
89,13,133,89,1,1
90,13,165,90,1,1
91,13,181,91,1,1
92,13,213,92,1,1
93,13,197,93,1,1
94,13,229,94,1,1
95,13,245,95,1,1
96,13,119,96,1,1
97,13,103,97,1,1
98,13,71,98,1,1
99,13,87,99,1,1
100,13,55,100,1,1
101,13,39,101,1,1
102,13,7,102,1,1
103,13,23,103,1,1
104,13,183,104,1,1
105,13,167,105,1,1
106,13,135,106,1,1
107,13,151,107,1,1
108,13,247,108,1,1
109,13,231,109,1,1
110,13,199,110,1,1
111,13,215,111,1,1
112,13,102,112,1,1
113,13,118,113,1,1
114,13,86,114,1,1
115,13,70,115,1,1
116,13,38,116,1,1
117,13,54,117,1,1
118,13,22,118,1,1
119,13,6,119,1,1
120,13,166,120,1,1
121,13,182,121,1,1
122,13,150,122,1,1
123,13,134,123,1,1
124,13,230,124,1,1
125,13,246,125,1,1
126,13,214,126,1,1
127,13,198,127,1,1
128,13,204,128,1,1
129,13,220,129,1,1
130,13,252,130,1,1
131,13,236,131,1,1
132,13,140,132,1,1
133,13,156,133,1,1
134,13,188,134,1,1
135,13,172,135,1,1
136,13,12,136,1,1
137,13,28,137,1,1
138,13,60,138,1,1
139,13,44,139,1,1
140,13,76,140,1,1
141,13,92,141,1,1
142,13,124,142,1,1
143,13,108,143,1,1
144,13,221,144,1,1
145,13,205,145,1,1
146,13,237,146,1,1
147,13,253,147,1,1
148,13,157,148,1,1
149,13,141,149,1,1
150,13,173,150,1,1
151,13,189,151,1,1
152,13,29,152,1,1
153,13,13,153,1,1
154,13,45,154,1,1
155,13,61,155,1,1
156,13,93,156,1,1
157,13,77,157,1,1
158,13,109,158,1,1
159,13,125,159,1,1
160,13,255,160,1,1
161,13,239,161,1,1
162,13,207,162,1,1
163,13,223,163,1,1
164,13,191,164,1,1
165,13,175,165,1,1
166,13,143,166,1,1
167,13,159,167,1,1
168,13,63,168,1,1
169,13,47,169,1,1
170,13,15,170,1,1
171,13,31,171,1,1
172,13,127,172,1,1
173,13,111,173,1,1
174,13,79,174,1,1
175,13,95,175,1,1
176,13,238,176,1,1
177,13,254,177,1,1
178,13,222,178,1,1
179,13,206,179,1,1
180,13,174,180,1,1
181,13,190,181,1,1
182,13,158,182,1,1
183,13,142,183,1,1
184,13,46,184,1,1
185,13,62,185,1,1
186,13,30,186,1,1
187,13,14,187,1,1
188,13,110,188,1,1
189,13,126,189,1,1
190,13,94,190,1,1
191,13,78,191,1,1
192,13,136,192,1,1
193,13,152,193,1,1
194,13,184,194,1,1
195,13,168,195,1,1
196,13,200,196,1,1
197,13,216,197,1,1
198,13,248,198,1,1
199,13,232,199,1,1
200,13,72,200,1,1
201,13,88,201,1,1
202,13,120,202,1,1
203,13,104,203,1,1
204,13,8,204,1,1
205,13,24,205,1,1
206,13,56,206,1,1
207,13,40,207,1,1
208,13,153,208,1,1
209,13,137,209,1,1
210,13,169,210,1,1
211,13,185,211,1,1
212,13,217,212,1,1
213,13,201,213,1,1
214,13,233,214,1,1
215,13,249,215,1,1
216,13,89,216,1,1
217,13,73,217,1,1
218,13,105,218,1,1
219,13,121,219,1,1
220,13,25,220,1,1
221,13,9,221,1,1
222,13,41,222,1,1
223,13,57,223,1,1
224,13,187,224,1,1
225,13,171,225,1,1
226,13,139,226,1,1
227,13,155,227,1,1
228,13,251,228,1,1
229,13,235,229,1,1
230,13,203,230,1,1
231,13,219,231,1,1
232,13,123,232,1,1
233,13,107,233,1,1
234,13,75,234,1,1
235,13,91,235,1,1
236,13,59,236,1,1
237,13,43,237,1,1
238,13,11,238,1,1
239,13,27,239,1,1
240,13,170,240,1,1
241,13,186,241,1,1
242,13,154,242,1,1
243,13,138,243,1,1
244,13,234,244,1,1
245,13,250,245,1,1
246,13,218,246,1,1
247,13,202,247,1,1
248,13,106,248,1,1
249,13,122,249,1,1
250,13,90,250,1,1
251,13,74,251,1,1
252,13,42,252,1,1
253,13,58,253,1,1
254,13,26,254,1,1
255,13,10,255,1,1
0,14,0,0,0,1
1,14,32,1,1,1
2,14,16,2,1,1
3,14,48,3,1,1
4,14,128,4,1,1
5,14,160,5,1,1
6,14,144,6,1,1
7,14,176,7,1,1
8,14,64,8,1,1
9,14,96,9,1,1
10,14,80,10,1,1
11,14,112,11,1,1
12,14,192,12,1,1
13,14,224,13,1,1
14,14,208,14,1,1
15,14,240,15,1,1
16,14,34,16,1,1
17,14,2,17,1,1
18,14,50,18,1,1
19,14,18,19,1,1
20,14,162,20,1,1
21,14,130,21,1,1
22,14,178,22,1,1
23,14,146,23,1,1
24,14,98,24,1,1
25,14,66,25,1,1
26,14,114,26,1,1
27,14,82,27,1,1
28,14,226,28,1,1
29,14,194,29,1,1
30,14,242,30,1,1
31,14,210,31,1,1
32,14,17,32,1,1
33,14,49,33,1,1
34,14,1,34,1,1
35,14,33,35,1,1
36,14,145,36,1,1
37,14,177,37,1,1
38,14,129,38,1,1
39,14,161,39,1,1
40,14,81,40,1,1
41,14,113,41,1,1
42,14,65,42,1,1
43,14,97,43,1,1
44,14,209,44,1,1
45,14,241,45,1,1
46,14,193,46,1,1
47,14,225,47,1,1
48,14,51,48,1,1
49,14,19,49,1,1
50,14,35,50,1,1
51,14,3,51,1,1
52,14,179,52,1,1
53,14,147,53,1,1
54,14,163,54,1,1
55,14,131,55,1,1
56,14,115,56,1,1
57,14,83,57,1,1
58,14,99,58,1,1
59,14,67,59,1,1
60,14,243,60,1,1
61,14,211,61,1,1
62,14,227,62,1,1
63,14,195,63,1,1
64,14,136,64,1,1
65,14,168,65,1,1
66,14,152,66,1,1
67,14,184,67,1,1
68,14,8,68,1,1
69,14,40,69,1,1
70,14,24,70,1,1
71,14,56,71,1,1
72,14,200,72,1,1
73,14,232,73,1,1
74,14,216,74,1,1
75,14,248,75,1,1
76,14,72,76,1,1
77,14,104,77,1,1
78,14,88,78,1,1
79,14,120,79,1,1
80,14,170,80,1,1
81,14,138,81,1,1
82,14,186,82,1,1
83,14,154,83,1,1
84,14,42,84,1,1
85,14,10,85,1,1
86,14,58,86,1,1
87,14,26,87,1,1
88,14,234,88,1,1
89,14,202,89,1,1
90,14,250,90,1,1
91,14,218,91,1,1
92,14,106,92,1,1
93,14,74,93,1,1
94,14,122,94,1,1
95,14,90,95,1,1
96,14,153,96,1,1
97,14,185,97,1,1
98,14,137,98,1,1
99,14,169,99,1,1
100,14,25,100,1,1
101,14,57,101,1,1
102,14,9,102,1,1
103,14,41,103,1,1
104,14,217,104,1,1
105,14,249,105,1,1
106,14,201,106,1,1
107,14,233,107,1,1
108,14,89,108,1,1
109,14,121,109,1,1
110,14,73,110,1,1
111,14,105,111,1,1
112,14,187,112,1,1
113,14,155,113,1,1
114,14,171,114,1,1
115,14,139,115,1,1
116,14,59,116,1,1
117,14,27,117,1,1
118,14,43,118,1,1
119,14,11,119,1,1
120,14,251,120,1,1
121,14,219,121,1,1
122,14,235,122,1,1
123,14,203,123,1,1
124,14,123,124,1,1
125,14,91,125,1,1
126,14,107,126,1,1
127,14,75,127,1,1
128,14,68,128,1,1
129,14,100,129,1,1
130,14,84,130,1,1
131,14,116,131,1,1
132,14,196,132,1,1
133,14,228,133,1,1
134,14,212,134,1,1
135,14,244,135,1,1
136,14,4,136,1,1
137,14,36,137,1,1
138,14,20,138,1,1
139,14,52,139,1,1
140,14,132,140,1,1
141,14,164,141,1,1
142,14,148,142,1,1
143,14,180,143,1,1
144,14,102,144,1,1
145,14,70,145,1,1
146,14,118,146,1,1
147,14,86,147,1,1
148,14,230,148,1,1
149,14,198,149,1,1
150,14,246,150,1,1
151,14,214,151,1,1
152,14,38,152,1,1
153,14,6,153,1,1
154,14,54,154,1,1
155,14,22,155,1,1
156,14,166,156,1,1
157,14,134,157,1,1
158,14,182,158,1,1
159,14,150,159,1,1
160,14,85,160,1,1
161,14,117,161,1,1
162,14,69,162,1,1
163,14,101,163,1,1
164,14,213,164,1,1
165,14,245,165,1,1
166,14,197,166,1,1
167,14,229,167,1,1
168,14,21,168,1,1
169,14,53,169,1,1
170,14,5,170,1,1
171,14,37,171,1,1
172,14,149,172,1,1
173,14,181,173,1,1
174,14,133,174,1,1
175,14,165,175,1,1
176,14,119,176,1,1
177,14,87,177,1,1
178,14,103,178,1,1
179,14,71,179,1,1
180,14,247,180,1,1
181,14,215,181,1,1
182,14,231,182,1,1
183,14,199,183,1,1
184,14,55,184,1,1
185,14,23,185,1,1
186,14,39,186,1,1
187,14,7,187,1,1
188,14,183,188,1,1
189,14,151,189,1,1
190,14,167,190,1,1
191,14,135,191,1,1
192,14,204,192,1,1
193,14,236,193,1,1
194,14,220,194,1,1
195,14,252,195,1,1
196,14,76,196,1,1
197,14,108,197,1,1
198,14,92,198,1,1
199,14,124,199,1,1
200,14,140,200,1,1
201,14,172,201,1,1
202,14,156,202,1,1
203,14,188,203,1,1
204,14,12,204,1,1
205,14,44,205,1,1
206,14,28,206,1,1
207,14,60,207,1,1
208,14,238,208,1,1
209,14,206,209,1,1
210,14,254,210,1,1
211,14,222,211,1,1
212,14,110,212,1,1
213,14,78,213,1,1
214,14,126,214,1,1
215,14,94,215,1,1
216,14,174,216,1,1
217,14,142,217,1,1
218,14,190,218,1,1
219,14,158,219,1,1
220,14,46,220,1,1
221,14,14,221,1,1
222,14,62,222,1,1
223,14,30,223,1,1
224,14,221,224,1,1
225,14,253,225,1,1
226,14,205,226,1,1
227,14,237,227,1,1
228,14,93,228,1,1
229,14,125,229,1,1
230,14,77,230,1,1
231,14,109,231,1,1
232,14,157,232,1,1
233,14,189,233,1,1
234,14,141,234,1,1
235,14,173,235,1,1
236,14,29,236,1,1
237,14,61,237,1,1
238,14,13,238,1,1
239,14,45,239,1,1
240,14,255,240,1,1
241,14,223,241,1,1
242,14,239,242,1,1
243,14,207,243,1,1
244,14,127,244,1,1
245,14,95,245,1,1
246,14,111,246,1,1
247,14,79,247,1,1
248,14,191,248,1,1
249,14,159,249,1,1
250,14,175,250,1,1
251,14,143,251,1,1
252,14,63,252,1,1
253,14,31,253,1,1
254,14,47,254,1,1
255,14,15,255,1,1
0,15,0,0,0,1
1,15,16,1,1,1
2,15,32,2,1,1
3,15,48,3,1,1
4,15,64,4,1,1
5,15,80,5,1,1
6,15,96,6,1,1
7,15,112,7,1,1
8,15,128,8,1,1
9,15,144,9,1,1
10,15,160,10,1,1
11,15,176,11,1,1
12,15,192,12,1,1
13,15,208,13,1,1
14,15,224,14,1,1
15,15,240,15,1,1
16,15,17,16,1,1
17,15,1,17,1,1
18,15,49,18,1,1
19,15,33,19,1,1
20,15,81,20,1,1
21,15,65,21,1,1
22,15,113,22,1,1
23,15,97,23,1,1
24,15,145,24,1,1
25,15,129,25,1,1
26,15,177,26,1,1
27,15,161,27,1,1
28,15,209,28,1,1
29,15,193,29,1,1
30,15,241,30,1,1
31,15,225,31,1,1
32,15,34,32,1,1
33,15,50,33,1,1
34,15,2,34,1,1
35,15,18,35,1,1
36,15,98,36,1,1
37,15,114,37,1,1
38,15,66,38,1,1
39,15,82,39,1,1
40,15,162,40,1,1
41,15,178,41,1,1
42,15,130,42,1,1
43,15,146,43,1,1
44,15,226,44,1,1
45,15,242,45,1,1
46,15,194,46,1,1
47,15,210,47,1,1
48,15,51,48,1,1
49,15,35,49,1,1
50,15,19,50,1,1
51,15,3,51,1,1
52,15,115,52,1,1
53,15,99,53,1,1
54,15,83,54,1,1
55,15,67,55,1,1
56,15,179,56,1,1
57,15,163,57,1,1
58,15,147,58,1,1
59,15,131,59,1,1
60,15,243,60,1,1
61,15,227,61,1,1
62,15,211,62,1,1
63,15,195,63,1,1
64,15,68,64,1,1
65,15,84,65,1,1
66,15,100,66,1,1
67,15,116,67,1,1
68,15,4,68,1,1
69,15,20,69,1,1
70,15,36,70,1,1
71,15,52,71,1,1
72,15,196,72,1,1
73,15,212,73,1,1
74,15,228,74,1,1
75,15,244,75,1,1
76,15,132,76,1,1
77,15,148,77,1,1
78,15,164,78,1,1
79,15,180,79,1,1
80,15,85,80,1,1
81,15,69,81,1,1
82,15,117,82,1,1
83,15,101,83,1,1
84,15,21,84,1,1
85,15,5,85,1,1
86,15,53,86,1,1
87,15,37,87,1,1
88,15,213,88,1,1
89,15,197,89,1,1
90,15,245,90,1,1
91,15,229,91,1,1
92,15,149,92,1,1
93,15,133,93,1,1
94,15,181,94,1,1
95,15,165,95,1,1
96,15,102,96,1,1
97,15,118,97,1,1
98,15,70,98,1,1
99,15,86,99,1,1
100,15,38,100,1,1
101,15,54,101,1,1
102,15,6,102,1,1
103,15,22,103,1,1
104,15,230,104,1,1
105,15,246,105,1,1
106,15,198,106,1,1
107,15,214,107,1,1
108,15,166,108,1,1
109,15,182,109,1,1
110,15,134,110,1,1
111,15,150,111,1,1
112,15,119,112,1,1
113,15,103,113,1,1
114,15,87,114,1,1
115,15,71,115,1,1
116,15,55,116,1,1
117,15,39,117,1,1
118,15,23,118,1,1
119,15,7,119,1,1
120,15,247,120,1,1
121,15,231,121,1,1
122,15,215,122,1,1
123,15,199,123,1,1
124,15,183,124,1,1
125,15,167,125,1,1
126,15,151,126,1,1
127,15,135,127,1,1
128,15,136,128,1,1
129,15,152,129,1,1
130,15,168,130,1,1
131,15,184,131,1,1
132,15,200,132,1,1
133,15,216,133,1,1
134,15,232,134,1,1
135,15,248,135,1,1
136,15,8,136,1,1
137,15,24,137,1,1
138,15,40,138,1,1
139,15,56,139,1,1
140,15,72,140,1,1
141,15,88,141,1,1
142,15,104,142,1,1
143,15,120,143,1,1
144,15,153,144,1,1
145,15,137,145,1,1
146,15,185,146,1,1
147,15,169,147,1,1
148,15,217,148,1,1
149,15,201,149,1,1
150,15,249,150,1,1
151,15,233,151,1,1
152,15,25,152,1,1
153,15,9,153,1,1
154,15,57,154,1,1
155,15,41,155,1,1
156,15,89,156,1,1
157,15,73,157,1,1
158,15,121,158,1,1
159,15,105,159,1,1
160,15,170,160,1,1
161,15,186,161,1,1
162,15,138,162,1,1
163,15,154,163,1,1
164,15,234,164,1,1
165,15,250,165,1,1
166,15,202,166,1,1
167,15,218,167,1,1
168,15,42,168,1,1
169,15,58,169,1,1
170,15,10,170,1,1
171,15,26,171,1,1
172,15,106,172,1,1
173,15,122,173,1,1
174,15,74,174,1,1
175,15,90,175,1,1
176,15,187,176,1,1
177,15,171,177,1,1
178,15,155,178,1,1
179,15,139,179,1,1
180,15,251,180,1,1
181,15,235,181,1,1
182,15,219,182,1,1
183,15,203,183,1,1
184,15,59,184,1,1
185,15,43,185,1,1
186,15,27,186,1,1
187,15,11,187,1,1
188,15,123,188,1,1
189,15,107,189,1,1
190,15,91,190,1,1
191,15,75,191,1,1
192,15,204,192,1,1
193,15,220,193,1,1
194,15,236,194,1,1
195,15,252,195,1,1
196,15,140,196,1,1
197,15,156,197,1,1
198,15,172,198,1,1
199,15,188,199,1,1
200,15,76,200,1,1
201,15,92,201,1,1
202,15,108,202,1,1
203,15,124,203,1,1
204,15,12,204,1,1
205,15,28,205,1,1
206,15,44,206,1,1
207,15,60,207,1,1
208,15,221,208,1,1
209,15,205,209,1,1
210,15,253,210,1,1
211,15,237,211,1,1
212,15,157,212,1,1
213,15,141,213,1,1
214,15,189,214,1,1
215,15,173,215,1,1
216,15,93,216,1,1
217,15,77,217,1,1
218,15,125,218,1,1
219,15,109,219,1,1
220,15,29,220,1,1
221,15,13,221,1,1
222,15,61,222,1,1
223,15,45,223,1,1
224,15,238,224,1,1
225,15,254,225,1,1
226,15,206,226,1,1
227,15,222,227,1,1
228,15,174,228,1,1
229,15,190,229,1,1
230,15,142,230,1,1
231,15,158,231,1,1
232,15,110,232,1,1
233,15,126,233,1,1
234,15,78,234,1,1
235,15,94,235,1,1
236,15,46,236,1,1
237,15,62,237,1,1
238,15,14,238,1,1
239,15,30,239,1,1
240,15,255,240,1,1
241,15,239,241,1,1
242,15,223,242,1,1
243,15,207,243,1,1
244,15,191,244,1,1
245,15,175,245,1,1
246,15,159,246,1,1
247,15,143,247,1,1
248,15,127,248,1,1
249,15,111,249,1,1
250,15,95,250,1,1
251,15,79,251,1,1
252,15,63,252,1,1
253,15,47,253,1,1
254,15,31,254,1,1
255,15,15,255,1,1
0,16,0,0,0,1
1,16,8,1,1,1
2,16,12,2,1,1
3,16,4,3,1,1
4,16,10,4,1,1
5,16,2,5,1,1
6,16,6,6,1,1
7,16,14,7,1,1
8,16,15,8,1,1
9,16,7,9,1,1
10,16,3,10,1,1
11,16,11,11,1,1
12,16,5,12,1,1
13,16,13,13,1,1
14,16,9,14,1,1
15,16,1,15,1,1
16,16,136,16,1,1
17,16,128,17,1,1
18,16,132,18,1,1
19,16,140,19,1,1
20,16,130,20,1,1
21,16,138,21,1,1
22,16,142,22,1,1
23,16,134,23,1,1
24,16,135,24,1,1
25,16,143,25,1,1
26,16,139,26,1,1
27,16,131,27,1,1
28,16,141,28,1,1
29,16,133,29,1,1
30,16,129,30,1,1
31,16,137,31,1,1
32,16,204,32,1,1
33,16,196,33,1,1
34,16,192,34,1,1
35,16,200,35,1,1
36,16,198,36,1,1
37,16,206,37,1,1
38,16,202,38,1,1
39,16,194,39,1,1
40,16,195,40,1,1
41,16,203,41,1,1
42,16,207,42,1,1
43,16,199,43,1,1
44,16,201,44,1,1
45,16,193,45,1,1
46,16,197,46,1,1
47,16,205,47,1,1
48,16,68,48,1,1
49,16,76,49,1,1
50,16,72,50,1,1
51,16,64,51,1,1
52,16,78,52,1,1
53,16,70,53,1,1
54,16,66,54,1,1
55,16,74,55,1,1
56,16,75,56,1,1
57,16,67,57,1,1
58,16,71,58,1,1
59,16,79,59,1,1
60,16,65,60,1,1
61,16,73,61,1,1
62,16,77,62,1,1
63,16,69,63,1,1
64,16,170,64,1,1
65,16,162,65,1,1
66,16,166,66,1,1
67,16,174,67,1,1
68,16,160,68,1,1
69,16,168,69,1,1
70,16,172,70,1,1
71,16,164,71,1,1
72,16,165,72,1,1
73,16,173,73,1,1
74,16,169,74,1,1
75,16,161,75,1,1
76,16,175,76,1,1
77,16,167,77,1,1
78,16,163,78,1,1
79,16,171,79,1,1
80,16,34,80,1,1
81,16,42,81,1,1
82,16,46,82,1,1
83,16,38,83,1,1
84,16,40,84,1,1
85,16,32,85,1,1
86,16,36,86,1,1
87,16,44,87,1,1
88,16,45,88,1,1
89,16,37,89,1,1
90,16,33,90,1,1
91,16,41,91,1,1
92,16,39,92,1,1
93,16,47,93,1,1
94,16,43,94,1,1
95,16,35,95,1,1
96,16,102,96,1,1
97,16,110,97,1,1
98,16,106,98,1,1
99,16,98,99,1,1
100,16,108,100,1,1
101,16,100,101,1,1
102,16,96,102,1,1
103,16,104,103,1,1
104,16,105,104,1,1
105,16,97,105,1,1
106,16,101,106,1,1
107,16,109,107,1,1
108,16,99,108,1,1
109,16,107,109,1,1
110,16,111,110,1,1
111,16,103,111,1,1
112,16,238,112,1,1
113,16,230,113,1,1
114,16,226,114,1,1
115,16,234,115,1,1
116,16,228,116,1,1
117,16,236,117,1,1
118,16,232,118,1,1
119,16,224,119,1,1
120,16,225,120,1,1
121,16,233,121,1,1
122,16,237,122,1,1
123,16,229,123,1,1
124,16,235,124,1,1
125,16,227,125,1,1
126,16,231,126,1,1
127,16,239,127,1,1
128,16,255,128,1,1
129,16,247,129,1,1
130,16,243,130,1,1
131,16,251,131,1,1
132,16,245,132,1,1
133,16,253,133,1,1
134,16,249,134,1,1
135,16,241,135,1,1
136,16,240,136,1,1
137,16,248,137,1,1
138,16,252,138,1,1
139,16,244,139,1,1
140,16,250,140,1,1
141,16,242,141,1,1
142,16,246,142,1,1
143,16,254,143,1,1
144,16,119,144,1,1
145,16,127,145,1,1
146,16,123,146,1,1
147,16,115,147,1,1
148,16,125,148,1,1
149,16,117,149,1,1
150,16,113,150,1,1
151,16,121,151,1,1
152,16,120,152,1,1
153,16,112,153,1,1
154,16,116,154,1,1
155,16,124,155,1,1
156,16,114,156,1,1
157,16,122,157,1,1
158,16,126,158,1,1
159,16,118,159,1,1
160,16,51,160,1,1
161,16,59,161,1,1
162,16,63,162,1,1
163,16,55,163,1,1
164,16,57,164,1,1
165,16,49,165,1,1
166,16,53,166,1,1
167,16,61,167,1,1
168,16,60,168,1,1
169,16,52,169,1,1
170,16,48,170,1,1
171,16,56,171,1,1
172,16,54,172,1,1
173,16,62,173,1,1
174,16,58,174,1,1
175,16,50,175,1,1
176,16,187,176,1,1
177,16,179,177,1,1
178,16,183,178,1,1
179,16,191,179,1,1
180,16,177,180,1,1
181,16,185,181,1,1
182,16,189,182,1,1
183,16,181,183,1,1
184,16,180,184,1,1
185,16,188,185,1,1
186,16,184,186,1,1
187,16,176,187,1,1
188,16,190,188,1,1
189,16,182,189,1,1
190,16,178,190,1,1
191,16,186,191,1,1
192,16,85,192,1,1
193,16,93,193,1,1
194,16,89,194,1,1
195,16,81,195,1,1
196,16,95,196,1,1
197,16,87,197,1,1
198,16,83,198,1,1
199,16,91,199,1,1
200,16,90,200,1,1
201,16,82,201,1,1
202,16,86,202,1,1
203,16,94,203,1,1
204,16,80,204,1,1
205,16,88,205,1,1
206,16,92,206,1,1
207,16,84,207,1,1
208,16,221,208,1,1
209,16,213,209,1,1
210,16,209,210,1,1
211,16,217,211,1,1
212,16,215,212,1,1
213,16,223,213,1,1
214,16,219,214,1,1
215,16,211,215,1,1
216,16,210,216,1,1
217,16,218,217,1,1
218,16,222,218,1,1
219,16,214,219,1,1
220,16,216,220,1,1
221,16,208,221,1,1
222,16,212,222,1,1
223,16,220,223,1,1
224,16,153,224,1,1
225,16,145,225,1,1
226,16,149,226,1,1
227,16,157,227,1,1
228,16,147,228,1,1
229,16,155,229,1,1
230,16,159,230,1,1
231,16,151,231,1,1
232,16,150,232,1,1
233,16,158,233,1,1
234,16,154,234,1,1
235,16,146,235,1,1
236,16,156,236,1,1
237,16,148,237,1,1
238,16,144,238,1,1
239,16,152,239,1,1
240,16,17,240,1,1
241,16,25,241,1,1
242,16,29,242,1,1
243,16,21,243,1,1
244,16,27,244,1,1
245,16,19,245,1,1
246,16,23,246,1,1
247,16,31,247,1,1
248,16,30,248,1,1
249,16,22,249,1,1
250,16,18,250,1,1
251,16,26,251,1,1
252,16,20,252,1,1
253,16,28,253,1,1
254,16,24,254,1,1
255,16,16,255,1,1
0,17,0,0,0,1
1,17,4,1,1,1
2,17,12,2,1,1
3,17,8,3,1,1
4,17,5,4,1,1
5,17,1,5,1,1
6,17,9,6,1,1
7,17,13,7,1,1
8,17,15,8,1,1
9,17,11,9,1,1
10,17,3,10,1,1
11,17,7,11,1,1
12,17,10,12,1,1
13,17,14,13,1,1
14,17,6,14,1,1
15,17,2,15,1,1
16,17,68,16,1,1
17,17,64,17,1,1
18,17,72,18,1,1
19,17,76,19,1,1
20,17,65,20,1,1
21,17,69,21,1,1
22,17,77,22,1,1
23,17,73,23,1,1
24,17,75,24,1,1
25,17,79,25,1,1
26,17,71,26,1,1
27,17,67,27,1,1
28,17,78,28,1,1
29,17,74,29,1,1
30,17,66,30,1,1
31,17,70,31,1,1
32,17,204,32,1,1
33,17,200,33,1,1
34,17,192,34,1,1
35,17,196,35,1,1
36,17,201,36,1,1
37,17,205,37,1,1
38,17,197,38,1,1
39,17,193,39,1,1
40,17,195,40,1,1
41,17,199,41,1,1
42,17,207,42,1,1
43,17,203,43,1,1
44,17,198,44,1,1
45,17,194,45,1,1
46,17,202,46,1,1
47,17,206,47,1,1
48,17,136,48,1,1
49,17,140,49,1,1
50,17,132,50,1,1
51,17,128,51,1,1
52,17,141,52,1,1
53,17,137,53,1,1
54,17,129,54,1,1
55,17,133,55,1,1
56,17,135,56,1,1
57,17,131,57,1,1
58,17,139,58,1,1
59,17,143,59,1,1
60,17,130,60,1,1
61,17,134,61,1,1
62,17,142,62,1,1
63,17,138,63,1,1
64,17,85,64,1,1
65,17,81,65,1,1
66,17,89,66,1,1
67,17,93,67,1,1
68,17,80,68,1,1
69,17,84,69,1,1
70,17,92,70,1,1
71,17,88,71,1,1
72,17,90,72,1,1
73,17,94,73,1,1
74,17,86,74,1,1
75,17,82,75,1,1
76,17,95,76,1,1
77,17,91,77,1,1
78,17,83,78,1,1
79,17,87,79,1,1
80,17,17,80,1,1
81,17,21,81,1,1
82,17,29,82,1,1
83,17,25,83,1,1
84,17,20,84,1,1
85,17,16,85,1,1
86,17,24,86,1,1
87,17,28,87,1,1
88,17,30,88,1,1
89,17,26,89,1,1
90,17,18,90,1,1
91,17,22,91,1,1
92,17,27,92,1,1
93,17,31,93,1,1
94,17,23,94,1,1
95,17,19,95,1,1
96,17,153,96,1,1
97,17,157,97,1,1
98,17,149,98,1,1
99,17,145,99,1,1
100,17,156,100,1,1
101,17,152,101,1,1
102,17,144,102,1,1
103,17,148,103,1,1
104,17,150,104,1,1
105,17,146,105,1,1
106,17,154,106,1,1
107,17,158,107,1,1
108,17,147,108,1,1
109,17,151,109,1,1
110,17,159,110,1,1
111,17,155,111,1,1
112,17,221,112,1,1
113,17,217,113,1,1
114,17,209,114,1,1
115,17,213,115,1,1
116,17,216,116,1,1
117,17,220,117,1,1
118,17,212,118,1,1
119,17,208,119,1,1
120,17,210,120,1,1
121,17,214,121,1,1
122,17,222,122,1,1
123,17,218,123,1,1
124,17,215,124,1,1
125,17,211,125,1,1
126,17,219,126,1,1
127,17,223,127,1,1
128,17,255,128,1,1
129,17,251,129,1,1
130,17,243,130,1,1
131,17,247,131,1,1
132,17,250,132,1,1
133,17,254,133,1,1
134,17,246,134,1,1
135,17,242,135,1,1
136,17,240,136,1,1
137,17,244,137,1,1
138,17,252,138,1,1
139,17,248,139,1,1
140,17,245,140,1,1
141,17,241,141,1,1
142,17,249,142,1,1
143,17,253,143,1,1
144,17,187,144,1,1
145,17,191,145,1,1
146,17,183,146,1,1
147,17,179,147,1,1
148,17,190,148,1,1
149,17,186,149,1,1
150,17,178,150,1,1
151,17,182,151,1,1
152,17,180,152,1,1
153,17,176,153,1,1
154,17,184,154,1,1
155,17,188,155,1,1
156,17,177,156,1,1
157,17,181,157,1,1
158,17,189,158,1,1
159,17,185,159,1,1
160,17,51,160,1,1
161,17,55,161,1,1
162,17,63,162,1,1
163,17,59,163,1,1
164,17,54,164,1,1
165,17,50,165,1,1
166,17,58,166,1,1
167,17,62,167,1,1
168,17,60,168,1,1
169,17,56,169,1,1
170,17,48,170,1,1
171,17,52,171,1,1
172,17,57,172,1,1
173,17,61,173,1,1
174,17,53,174,1,1
175,17,49,175,1,1
176,17,119,176,1,1
177,17,115,177,1,1
178,17,123,178,1,1
179,17,127,179,1,1
180,17,114,180,1,1
181,17,118,181,1,1
182,17,126,182,1,1
183,17,122,183,1,1
184,17,120,184,1,1
185,17,124,185,1,1
186,17,116,186,1,1
187,17,112,187,1,1
188,17,125,188,1,1
189,17,121,189,1,1
190,17,113,190,1,1
191,17,117,191,1,1
192,17,170,192,1,1
193,17,174,193,1,1
194,17,166,194,1,1
195,17,162,195,1,1
196,17,175,196,1,1
197,17,171,197,1,1
198,17,163,198,1,1
199,17,167,199,1,1
200,17,165,200,1,1
201,17,161,201,1,1
202,17,169,202,1,1
203,17,173,203,1,1
204,17,160,204,1,1
205,17,164,205,1,1
206,17,172,206,1,1
207,17,168,207,1,1
208,17,238,208,1,1
209,17,234,209,1,1
210,17,226,210,1,1
211,17,230,211,1,1
212,17,235,212,1,1
213,17,239,213,1,1
214,17,231,214,1,1
215,17,227,215,1,1
216,17,225,216,1,1
217,17,229,217,1,1
218,17,237,218,1,1
219,17,233,219,1,1
220,17,228,220,1,1
221,17,224,221,1,1
222,17,232,222,1,1
223,17,236,223,1,1
224,17,102,224,1,1
225,17,98,225,1,1
226,17,106,226,1,1
227,17,110,227,1,1
228,17,99,228,1,1
229,17,103,229,1,1
230,17,111,230,1,1
231,17,107,231,1,1
232,17,105,232,1,1
233,17,109,233,1,1
234,17,101,234,1,1
235,17,97,235,1,1
236,17,108,236,1,1
237,17,104,237,1,1
238,17,96,238,1,1
239,17,100,239,1,1
240,17,34,240,1,1
241,17,38,241,1,1
242,17,46,242,1,1
243,17,42,243,1,1
244,17,39,244,1,1
245,17,35,245,1,1
246,17,43,246,1,1
247,17,47,247,1,1
248,17,45,248,1,1
249,17,41,249,1,1
250,17,33,250,1,1
251,17,37,251,1,1
252,17,40,252,1,1
253,17,44,253,1,1
254,17,36,254,1,1
255,17,32,255,1,1
0,18,0,0,0,1
1,18,8,1,1,1
2,18,4,2,1,1
3,18,12,3,1,1
4,18,10,4,1,1
5,18,2,5,1,1
6,18,14,6,1,1
7,18,6,7,1,1
8,18,5,8,1,1
9,18,13,9,1,1
10,18,1,10,1,1
11,18,9,11,1,1
12,18,15,12,1,1
13,18,7,13,1,1
14,18,11,14,1,1
15,18,3,15,1,1
16,18,136,16,1,1
17,18,128,17,1,1
18,18,140,18,1,1
19,18,132,19,1,1
20,18,130,20,1,1
21,18,138,21,1,1
22,18,134,22,1,1
23,18,142,23,1,1
24,18,141,24,1,1
25,18,133,25,1,1
26,18,137,26,1,1
27,18,129,27,1,1
28,18,135,28,1,1
29,18,143,29,1,1
30,18,131,30,1,1
31,18,139,31,1,1
32,18,68,32,1,1
33,18,76,33,1,1
34,18,64,34,1,1
35,18,72,35,1,1
36,18,78,36,1,1
37,18,70,37,1,1
38,18,74,38,1,1
39,18,66,39,1,1
40,18,65,40,1,1
41,18,73,41,1,1
42,18,69,42,1,1
43,18,77,43,1,1
44,18,75,44,1,1
45,18,67,45,1,1
46,18,79,46,1,1
47,18,71,47,1,1
48,18,204,48,1,1
49,18,196,49,1,1
50,18,200,50,1,1
51,18,192,51,1,1
52,18,198,52,1,1
53,18,206,53,1,1
54,18,194,54,1,1
55,18,202,55,1,1
56,18,201,56,1,1
57,18,193,57,1,1
58,18,205,58,1,1
59,18,197,59,1,1
60,18,195,60,1,1
61,18,203,61,1,1
62,18,199,62,1,1
63,18,207,63,1,1
64,18,170,64,1,1
65,18,162,65,1,1
66,18,174,66,1,1
67,18,166,67,1,1
68,18,160,68,1,1
69,18,168,69,1,1
70,18,164,70,1,1
71,18,172,71,1,1
72,18,175,72,1,1
73,18,167,73,1,1
74,18,171,74,1,1
75,18,163,75,1,1
76,18,165,76,1,1
77,18,173,77,1,1
78,18,161,78,1,1
79,18,169,79,1,1
80,18,34,80,1,1
81,18,42,81,1,1
82,18,38,82,1,1
83,18,46,83,1,1
84,18,40,84,1,1
85,18,32,85,1,1
86,18,44,86,1,1
87,18,36,87,1,1
88,18,39,88,1,1
89,18,47,89,1,1
90,18,35,90,1,1
91,18,43,91,1,1
92,18,45,92,1,1
93,18,37,93,1,1
94,18,41,94,1,1
95,18,33,95,1,1
96,18,238,96,1,1
97,18,230,97,1,1
98,18,234,98,1,1
99,18,226,99,1,1
100,18,228,100,1,1
101,18,236,101,1,1
102,18,224,102,1,1
103,18,232,103,1,1
104,18,235,104,1,1
105,18,227,105,1,1
106,18,239,106,1,1
107,18,231,107,1,1
108,18,225,108,1,1
109,18,233,109,1,1
110,18,229,110,1,1
111,18,237,111,1,1
112,18,102,112,1,1
113,18,110,113,1,1
114,18,98,114,1,1
115,18,106,115,1,1
116,18,108,116,1,1
117,18,100,117,1,1
118,18,104,118,1,1
119,18,96,119,1,1
120,18,99,120,1,1
121,18,107,121,1,1
122,18,103,122,1,1
123,18,111,123,1,1
124,18,105,124,1,1
125,18,97,125,1,1
126,18,109,126,1,1
127,18,101,127,1,1
128,18,85,128,1,1
129,18,93,129,1,1
130,18,81,130,1,1
131,18,89,131,1,1
132,18,95,132,1,1
133,18,87,133,1,1
134,18,91,134,1,1
135,18,83,135,1,1
136,18,80,136,1,1
137,18,88,137,1,1
138,18,84,138,1,1
139,18,92,139,1,1
140,18,90,140,1,1
141,18,82,141,1,1
142,18,94,142,1,1
143,18,86,143,1,1
144,18,221,144,1,1
145,18,213,145,1,1
146,18,217,146,1,1
147,18,209,147,1,1
148,18,215,148,1,1
149,18,223,149,1,1
150,18,211,150,1,1
151,18,219,151,1,1
152,18,216,152,1,1
153,18,208,153,1,1
154,18,220,154,1,1
155,18,212,155,1,1
156,18,210,156,1,1
157,18,218,157,1,1
158,18,214,158,1,1
159,18,222,159,1,1
160,18,17,160,1,1
161,18,25,161,1,1
162,18,21,162,1,1
163,18,29,163,1,1
164,18,27,164,1,1
165,18,19,165,1,1
166,18,31,166,1,1
167,18,23,167,1,1
168,18,20,168,1,1
169,18,28,169,1,1
170,18,16,170,1,1
171,18,24,171,1,1
172,18,30,172,1,1
173,18,22,173,1,1
174,18,26,174,1,1
175,18,18,175,1,1
176,18,153,176,1,1
177,18,145,177,1,1
178,18,157,178,1,1
179,18,149,179,1,1
180,18,147,180,1,1
181,18,155,181,1,1
182,18,151,182,1,1
183,18,159,183,1,1
184,18,156,184,1,1
185,18,148,185,1,1
186,18,152,186,1,1
187,18,144,187,1,1
188,18,150,188,1,1
189,18,158,189,1,1
190,18,146,190,1,1
191,18,154,191,1,1
192,18,255,192,1,1
193,18,247,193,1,1
194,18,251,194,1,1
195,18,243,195,1,1
196,18,245,196,1,1
197,18,253,197,1,1
198,18,241,198,1,1
199,18,249,199,1,1
200,18,250,200,1,1
201,18,242,201,1,1
202,18,254,202,1,1
203,18,246,203,1,1
204,18,240,204,1,1
205,18,248,205,1,1
206,18,244,206,1,1
207,18,252,207,1,1
208,18,119,208,1,1
209,18,127,209,1,1
210,18,115,210,1,1
211,18,123,211,1,1
212,18,125,212,1,1
213,18,117,213,1,1
214,18,121,214,1,1
215,18,113,215,1,1
216,18,114,216,1,1
217,18,122,217,1,1
218,18,118,218,1,1
219,18,126,219,1,1
220,18,120,220,1,1
221,18,112,221,1,1
222,18,124,222,1,1
223,18,116,223,1,1
224,18,187,224,1,1
225,18,179,225,1,1
226,18,191,226,1,1
227,18,183,227,1,1
228,18,177,228,1,1
229,18,185,229,1,1
230,18,181,230,1,1
231,18,189,231,1,1
232,18,190,232,1,1
233,18,182,233,1,1
234,18,186,234,1,1
235,18,178,235,1,1
236,18,180,236,1,1
237,18,188,237,1,1
238,18,176,238,1,1
239,18,184,239,1,1
240,18,51,240,1,1
241,18,59,241,1,1
242,18,55,242,1,1
243,18,63,243,1,1
244,18,57,244,1,1
245,18,49,245,1,1
246,18,61,246,1,1
247,18,53,247,1,1
248,18,54,248,1,1
249,18,62,249,1,1
250,18,50,250,1,1
251,18,58,251,1,1
252,18,60,252,1,1
253,18,52,253,1,1
254,18,56,254,1,1
255,18,48,255,1,1
0,19,0,0,0,1
1,19,4,1,1,1
2,19,8,2,1,1
3,19,12,3,1,1
4,19,5,4,1,1
5,19,1,5,1,1
6,19,13,6,1,1
7,19,9,7,1,1
8,19,10,8,1,1
9,19,14,9,1,1
10,19,2,10,1,1
11,19,6,11,1,1
12,19,15,12,1,1
13,19,11,13,1,1
14,19,7,14,1,1
15,19,3,15,1,1
16,19,68,16,1,1
17,19,64,17,1,1
18,19,76,18,1,1
19,19,72,19,1,1
20,19,65,20,1,1
21,19,69,21,1,1
22,19,73,22,1,1
23,19,77,23,1,1
24,19,78,24,1,1
25,19,74,25,1,1
26,19,70,26,1,1
27,19,66,27,1,1
28,19,75,28,1,1
29,19,79,29,1,1
30,19,67,30,1,1
31,19,71,31,1,1
32,19,136,32,1,1
33,19,140,33,1,1
34,19,128,34,1,1
35,19,132,35,1,1
36,19,141,36,1,1
37,19,137,37,1,1
38,19,133,38,1,1
39,19,129,39,1,1
40,19,130,40,1,1
41,19,134,41,1,1
42,19,138,42,1,1
43,19,142,43,1,1
44,19,135,44,1,1
45,19,131,45,1,1
46,19,143,46,1,1
47,19,139,47,1,1
48,19,204,48,1,1
49,19,200,49,1,1
50,19,196,50,1,1
51,19,192,51,1,1
52,19,201,52,1,1
53,19,205,53,1,1
54,19,193,54,1,1
55,19,197,55,1,1
56,19,198,56,1,1
57,19,194,57,1,1
58,19,206,58,1,1
59,19,202,59,1,1
60,19,195,60,1,1
61,19,199,61,1,1
62,19,203,62,1,1
63,19,207,63,1,1
64,19,85,64,1,1
65,19,81,65,1,1
66,19,93,66,1,1
67,19,89,67,1,1
68,19,80,68,1,1
69,19,84,69,1,1
70,19,88,70,1,1
71,19,92,71,1,1
72,19,95,72,1,1
73,19,91,73,1,1
74,19,87,74,1,1
75,19,83,75,1,1
76,19,90,76,1,1
77,19,94,77,1,1
78,19,82,78,1,1
79,19,86,79,1,1
80,19,17,80,1,1
81,19,21,81,1,1
82,19,25,82,1,1
83,19,29,83,1,1
84,19,20,84,1,1
85,19,16,85,1,1
86,19,28,86,1,1
87,19,24,87,1,1
88,19,27,88,1,1
89,19,31,89,1,1
90,19,19,90,1,1
91,19,23,91,1,1
92,19,30,92,1,1
93,19,26,93,1,1
94,19,22,94,1,1
95,19,18,95,1,1
96,19,221,96,1,1
97,19,217,97,1,1
98,19,213,98,1,1
99,19,209,99,1,1
100,19,216,100,1,1
101,19,220,101,1,1
102,19,208,102,1,1
103,19,212,103,1,1
104,19,215,104,1,1
105,19,211,105,1,1
106,19,223,106,1,1
107,19,219,107,1,1
108,19,210,108,1,1
109,19,214,109,1,1
110,19,218,110,1,1
111,19,222,111,1,1
112,19,153,112,1,1
113,19,157,113,1,1
114,19,145,114,1,1
115,19,149,115,1,1
116,19,156,116,1,1
117,19,152,117,1,1
118,19,148,118,1,1
119,19,144,119,1,1
120,19,147,120,1,1
121,19,151,121,1,1
122,19,155,122,1,1
123,19,159,123,1,1
124,19,150,124,1,1
125,19,146,125,1,1
126,19,158,126,1,1
127,19,154,127,1,1
128,19,170,128,1,1
129,19,174,129,1,1
130,19,162,130,1,1
131,19,166,131,1,1
132,19,175,132,1,1
133,19,171,133,1,1
134,19,167,134,1,1
135,19,163,135,1,1
136,19,160,136,1,1
137,19,164,137,1,1
138,19,168,138,1,1
139,19,172,139,1,1
140,19,165,140,1,1
141,19,161,141,1,1
142,19,173,142,1,1
143,19,169,143,1,1
144,19,238,144,1,1
145,19,234,145,1,1
146,19,230,146,1,1
147,19,226,147,1,1
148,19,235,148,1,1
149,19,239,149,1,1
150,19,227,150,1,1
151,19,231,151,1,1
152,19,228,152,1,1
153,19,224,153,1,1
154,19,236,154,1,1
155,19,232,155,1,1
156,19,225,156,1,1
157,19,229,157,1,1
158,19,233,158,1,1
159,19,237,159,1,1
160,19,34,160,1,1
161,19,38,161,1,1
162,19,42,162,1,1
163,19,46,163,1,1
164,19,39,164,1,1
165,19,35,165,1,1
166,19,47,166,1,1
167,19,43,167,1,1
168,19,40,168,1,1
169,19,44,169,1,1
170,19,32,170,1,1
171,19,36,171,1,1
172,19,45,172,1,1
173,19,41,173,1,1
174,19,37,174,1,1
175,19,33,175,1,1
176,19,102,176,1,1
177,19,98,177,1,1
178,19,110,178,1,1
179,19,106,179,1,1
180,19,99,180,1,1
181,19,103,181,1,1
182,19,107,182,1,1
183,19,111,183,1,1
184,19,108,184,1,1
185,19,104,185,1,1
186,19,100,186,1,1
187,19,96,187,1,1
188,19,105,188,1,1
189,19,109,189,1,1
190,19,97,190,1,1
191,19,101,191,1,1
192,19,255,192,1,1
193,19,251,193,1,1
194,19,247,194,1,1
195,19,243,195,1,1
196,19,250,196,1,1
197,19,254,197,1,1
198,19,242,198,1,1
199,19,246,199,1,1
200,19,245,200,1,1
201,19,241,201,1,1
202,19,253,202,1,1
203,19,249,203,1,1
204,19,240,204,1,1
205,19,244,205,1,1
206,19,248,206,1,1
207,19,252,207,1,1
208,19,187,208,1,1
209,19,191,209,1,1
210,19,179,210,1,1
211,19,183,211,1,1
212,19,190,212,1,1
213,19,186,213,1,1
214,19,182,214,1,1
215,19,178,215,1,1
216,19,177,216,1,1
217,19,181,217,1,1
218,19,185,218,1,1
219,19,189,219,1,1
220,19,180,220,1,1
221,19,176,221,1,1
222,19,188,222,1,1
223,19,184,223,1,1
224,19,119,224,1,1
225,19,115,225,1,1
226,19,127,226,1,1
227,19,123,227,1,1
228,19,114,228,1,1
229,19,118,229,1,1
230,19,122,230,1,1
231,19,126,231,1,1
232,19,125,232,1,1
233,19,121,233,1,1
234,19,117,234,1,1
235,19,113,235,1,1
236,19,120,236,1,1
237,19,124,237,1,1
238,19,112,238,1,1
239,19,116,239,1,1
240,19,51,240,1,1
241,19,55,241,1,1
242,19,59,242,1,1
243,19,63,243,1,1
244,19,54,244,1,1
245,19,50,245,1,1
246,19,62,246,1,1
247,19,58,247,1,1
248,19,57,248,1,1
249,19,61,249,1,1
250,19,49,250,1,1
251,19,53,251,1,1
252,19,60,252,1,1
253,19,56,253,1,1
254,19,52,254,1,1
255,19,48,255,1,1
0,20,0,0,0,1
1,20,2,1,1,1
2,20,3,2,1,1
3,20,1,3,1,1
4,20,10,4,1,1
5,20,8,5,1,1
6,20,9,6,1,1
7,20,11,7,1,1
8,20,15,8,1,1
9,20,13,9,1,1
10,20,12,10,1,1
11,20,14,11,1,1
12,20,5,12,1,1
13,20,7,13,1,1
14,20,6,14,1,1
15,20,4,15,1,1
16,20,34,16,1,1
17,20,32,17,1,1
18,20,33,18,1,1
19,20,35,19,1,1
20,20,40,20,1,1
21,20,42,21,1,1
22,20,43,22,1,1
23,20,41,23,1,1
24,20,45,24,1,1
25,20,47,25,1,1
26,20,46,26,1,1
27,20,44,27,1,1
28,20,39,28,1,1
29,20,37,29,1,1
30,20,36,30,1,1
31,20,38,31,1,1
32,20,51,32,1,1
33,20,49,33,1,1
34,20,48,34,1,1
35,20,50,35,1,1
36,20,57,36,1,1
37,20,59,37,1,1
38,20,58,38,1,1
39,20,56,39,1,1
40,20,60,40,1,1
41,20,62,41,1,1
42,20,63,42,1,1
43,20,61,43,1,1
44,20,54,44,1,1
45,20,52,45,1,1
46,20,53,46,1,1
47,20,55,47,1,1
48,20,17,48,1,1
49,20,19,49,1,1
50,20,18,50,1,1
51,20,16,51,1,1
52,20,27,52,1,1
53,20,25,53,1,1
54,20,24,54,1,1
55,20,26,55,1,1
56,20,30,56,1,1
57,20,28,57,1,1
58,20,29,58,1,1
59,20,31,59,1,1
60,20,20,60,1,1
61,20,22,61,1,1
62,20,23,62,1,1
63,20,21,63,1,1
64,20,170,64,1,1
65,20,168,65,1,1
66,20,169,66,1,1
67,20,171,67,1,1
68,20,160,68,1,1
69,20,162,69,1,1
70,20,163,70,1,1
71,20,161,71,1,1
72,20,165,72,1,1
73,20,167,73,1,1
74,20,166,74,1,1
75,20,164,75,1,1
76,20,175,76,1,1
77,20,173,77,1,1
78,20,172,78,1,1
79,20,174,79,1,1
80,20,136,80,1,1
81,20,138,81,1,1
82,20,139,82,1,1
83,20,137,83,1,1
84,20,130,84,1,1
85,20,128,85,1,1
86,20,129,86,1,1
87,20,131,87,1,1
88,20,135,88,1,1
89,20,133,89,1,1
90,20,132,90,1,1
91,20,134,91,1,1
92,20,141,92,1,1
93,20,143,93,1,1
94,20,142,94,1,1
95,20,140,95,1,1
96,20,153,96,1,1
97,20,155,97,1,1
98,20,154,98,1,1
99,20,152,99,1,1
100,20,147,100,1,1
101,20,145,101,1,1
102,20,144,102,1,1
103,20,146,103,1,1
104,20,150,104,1,1
105,20,148,105,1,1
106,20,149,106,1,1
107,20,151,107,1,1
108,20,156,108,1,1
109,20,158,109,1,1
110,20,159,110,1,1
111,20,157,111,1,1
112,20,187,112,1,1
113,20,185,113,1,1
114,20,184,114,1,1
115,20,186,115,1,1
116,20,177,116,1,1
117,20,179,117,1,1
118,20,178,118,1,1
119,20,176,119,1,1
120,20,180,120,1,1
121,20,182,121,1,1
122,20,183,122,1,1
123,20,181,123,1,1
124,20,190,124,1,1
125,20,188,125,1,1
126,20,189,126,1,1
127,20,191,127,1,1
128,20,255,128,1,1
129,20,253,129,1,1
130,20,252,130,1,1
131,20,254,131,1,1
132,20,245,132,1,1
133,20,247,133,1,1
134,20,246,134,1,1
135,20,244,135,1,1
136,20,240,136,1,1
137,20,242,137,1,1
138,20,243,138,1,1
139,20,241,139,1,1
140,20,250,140,1,1
141,20,248,141,1,1
142,20,249,142,1,1
143,20,251,143,1,1
144,20,221,144,1,1
145,20,223,145,1,1
146,20,222,146,1,1
147,20,220,147,1,1
148,20,215,148,1,1
149,20,213,149,1,1
150,20,212,150,1,1
151,20,214,151,1,1
152,20,210,152,1,1
153,20,208,153,1,1
154,20,209,154,1,1
155,20,211,155,1,1
156,20,216,156,1,1
157,20,218,157,1,1
158,20,219,158,1,1
159,20,217,159,1,1
160,20,204,160,1,1
161,20,206,161,1,1
162,20,207,162,1,1
163,20,205,163,1,1
164,20,198,164,1,1
165,20,196,165,1,1
166,20,197,166,1,1
167,20,199,167,1,1
168,20,195,168,1,1
169,20,193,169,1,1
170,20,192,170,1,1
171,20,194,171,1,1
172,20,201,172,1,1
173,20,203,173,1,1
174,20,202,174,1,1
175,20,200,175,1,1
176,20,238,176,1,1
177,20,236,177,1,1
178,20,237,178,1,1
179,20,239,179,1,1
180,20,228,180,1,1
181,20,230,181,1,1
182,20,231,182,1,1
183,20,229,183,1,1
184,20,225,184,1,1
185,20,227,185,1,1
186,20,226,186,1,1
187,20,224,187,1,1
188,20,235,188,1,1
189,20,233,189,1,1
190,20,232,190,1,1
191,20,234,191,1,1
192,20,85,192,1,1
193,20,87,193,1,1
194,20,86,194,1,1
195,20,84,195,1,1
196,20,95,196,1,1
197,20,93,197,1,1
198,20,92,198,1,1
199,20,94,199,1,1
200,20,90,200,1,1
201,20,88,201,1,1
202,20,89,202,1,1
203,20,91,203,1,1
204,20,80,204,1,1
205,20,82,205,1,1
206,20,83,206,1,1
207,20,81,207,1,1
208,20,119,208,1,1
209,20,117,209,1,1
210,20,116,210,1,1
211,20,118,211,1,1
212,20,125,212,1,1
213,20,127,213,1,1
214,20,126,214,1,1
215,20,124,215,1,1
216,20,120,216,1,1
217,20,122,217,1,1
218,20,123,218,1,1
219,20,121,219,1,1
220,20,114,220,1,1
221,20,112,221,1,1
222,20,113,222,1,1
223,20,115,223,1,1
224,20,102,224,1,1
225,20,100,225,1,1
226,20,101,226,1,1
227,20,103,227,1,1
228,20,108,228,1,1
229,20,110,229,1,1
230,20,111,230,1,1
231,20,109,231,1,1
232,20,105,232,1,1
233,20,107,233,1,1
234,20,106,234,1,1
235,20,104,235,1,1
236,20,99,236,1,1
237,20,97,237,1,1
238,20,96,238,1,1
239,20,98,239,1,1
240,20,68,240,1,1
241,20,70,241,1,1
242,20,71,242,1,1
243,20,69,243,1,1
244,20,78,244,1,1
245,20,76,245,1,1
246,20,77,246,1,1
247,20,79,247,1,1
248,20,75,248,1,1
249,20,73,249,1,1
250,20,72,250,1,1
251,20,74,251,1,1
252,20,65,252,1,1
253,20,67,253,1,1
254,20,66,254,1,1
255,20,64,255,1,1
0,21,0,0,0,1
1,21,1,1,1,1
2,21,3,2,1,1
3,21,2,3,1,1
4,21,5,4,1,1
5,21,4,5,1,1
6,21,6,6,1,1
7,21,7,7,1,1
8,21,15,8,1,1
9,21,14,9,1,1
10,21,12,10,1,1
11,21,13,11,1,1
12,21,10,12,1,1
13,21,11,13,1,1
14,21,9,14,1,1
15,21,8,15,1,1
16,21,17,16,1,1
17,21,16,17,1,1
18,21,18,18,1,1
19,21,19,19,1,1
20,21,20,20,1,1
21,21,21,21,1,1
22,21,23,22,1,1
23,21,22,23,1,1
24,21,30,24,1,1
25,21,31,25,1,1
26,21,29,26,1,1
27,21,28,27,1,1
28,21,27,28,1,1
29,21,26,29,1,1
30,21,24,30,1,1
31,21,25,31,1,1
32,21,51,32,1,1
33,21,50,33,1,1
34,21,48,34,1,1
35,21,49,35,1,1
36,21,54,36,1,1
37,21,55,37,1,1
38,21,53,38,1,1
39,21,52,39,1,1
40,21,60,40,1,1
41,21,61,41,1,1
42,21,63,42,1,1
43,21,62,43,1,1
44,21,57,44,1,1
45,21,56,45,1,1
46,21,58,46,1,1
47,21,59,47,1,1
48,21,34,48,1,1
49,21,35,49,1,1
50,21,33,50,1,1
51,21,32,51,1,1
52,21,39,52,1,1
53,21,38,53,1,1
54,21,36,54,1,1
55,21,37,55,1,1
56,21,45,56,1,1
57,21,44,57,1,1
58,21,46,58,1,1
59,21,47,59,1,1
60,21,40,60,1,1
61,21,41,61,1,1
62,21,43,62,1,1
63,21,42,63,1,1
64,21,85,64,1,1
65,21,84,65,1,1
66,21,86,66,1,1
67,21,87,67,1,1
68,21,80,68,1,1
69,21,81,69,1,1
70,21,83,70,1,1
71,21,82,71,1,1
72,21,90,72,1,1
73,21,91,73,1,1
74,21,89,74,1,1
75,21,88,75,1,1
76,21,95,76,1,1
77,21,94,77,1,1
78,21,92,78,1,1
79,21,93,79,1,1
80,21,68,80,1,1
81,21,69,81,1,1
82,21,71,82,1,1
83,21,70,83,1,1
84,21,65,84,1,1
85,21,64,85,1,1
86,21,66,86,1,1
87,21,67,87,1,1
88,21,75,88,1,1
89,21,74,89,1,1
90,21,72,90,1,1
91,21,73,91,1,1
92,21,78,92,1,1
93,21,79,93,1,1
94,21,77,94,1,1
95,21,76,95,1,1
96,21,102,96,1,1
97,21,103,97,1,1
98,21,101,98,1,1
99,21,100,99,1,1
100,21,99,100,1,1
101,21,98,101,1,1
102,21,96,102,1,1
103,21,97,103,1,1
104,21,105,104,1,1
105,21,104,105,1,1
106,21,106,106,1,1
107,21,107,107,1,1
108,21,108,108,1,1
109,21,109,109,1,1
110,21,111,110,1,1
111,21,110,111,1,1
112,21,119,112,1,1
113,21,118,113,1,1
114,21,116,114,1,1
115,21,117,115,1,1
116,21,114,116,1,1
117,21,115,117,1,1
118,21,113,118,1,1
119,21,112,119,1,1
120,21,120,120,1,1
121,21,121,121,1,1
122,21,123,122,1,1
123,21,122,123,1,1
124,21,125,124,1,1
125,21,124,125,1,1
126,21,126,126,1,1
127,21,127,127,1,1
128,21,255,128,1,1
129,21,254,129,1,1
130,21,252,130,1,1
131,21,253,131,1,1
132,21,250,132,1,1
133,21,251,133,1,1
134,21,249,134,1,1
135,21,248,135,1,1
136,21,240,136,1,1
137,21,241,137,1,1
138,21,243,138,1,1
139,21,242,139,1,1
140,21,245,140,1,1
141,21,244,141,1,1
142,21,246,142,1,1
143,21,247,143,1,1
144,21,238,144,1,1
145,21,239,145,1,1
146,21,237,146,1,1
147,21,236,147,1,1
148,21,235,148,1,1
149,21,234,149,1,1
150,21,232,150,1,1
151,21,233,151,1,1
152,21,225,152,1,1
153,21,224,153,1,1
154,21,226,154,1,1
155,21,227,155,1,1
156,21,228,156,1,1
157,21,229,157,1,1
158,21,231,158,1,1
159,21,230,159,1,1
160,21,204,160,1,1
161,21,205,161,1,1
162,21,207,162,1,1
163,21,206,163,1,1
164,21,201,164,1,1
165,21,200,165,1,1
166,21,202,166,1,1
167,21,203,167,1,1
168,21,195,168,1,1
169,21,194,169,1,1
170,21,192,170,1,1
171,21,193,171,1,1
172,21,198,172,1,1
173,21,199,173,1,1
174,21,197,174,1,1
175,21,196,175,1,1
176,21,221,176,1,1
177,21,220,177,1,1
178,21,222,178,1,1
179,21,223,179,1,1
180,21,216,180,1,1
181,21,217,181,1,1
182,21,219,182,1,1
183,21,218,183,1,1
184,21,210,184,1,1
185,21,211,185,1,1
186,21,209,186,1,1
187,21,208,187,1,1
188,21,215,188,1,1
189,21,214,189,1,1
190,21,212,190,1,1
191,21,213,191,1,1
192,21,170,192,1,1
193,21,171,193,1,1
194,21,169,194,1,1
195,21,168,195,1,1
196,21,175,196,1,1
197,21,174,197,1,1
198,21,172,198,1,1
199,21,173,199,1,1
200,21,165,200,1,1
201,21,164,201,1,1
202,21,166,202,1,1
203,21,167,203,1,1
204,21,160,204,1,1
205,21,161,205,1,1
206,21,163,206,1,1
207,21,162,207,1,1
208,21,187,208,1,1
209,21,186,209,1,1
210,21,184,210,1,1
211,21,185,211,1,1
212,21,190,212,1,1
213,21,191,213,1,1
214,21,189,214,1,1
215,21,188,215,1,1
216,21,180,216,1,1
217,21,181,217,1,1
218,21,183,218,1,1
219,21,182,219,1,1
220,21,177,220,1,1
221,21,176,221,1,1
222,21,178,222,1,1
223,21,179,223,1,1
224,21,153,224,1,1
225,21,152,225,1,1
226,21,154,226,1,1
227,21,155,227,1,1
228,21,156,228,1,1
229,21,157,229,1,1
230,21,159,230,1,1
231,21,158,231,1,1
232,21,150,232,1,1
233,21,151,233,1,1
234,21,149,234,1,1
235,21,148,235,1,1
236,21,147,236,1,1
237,21,146,237,1,1
238,21,144,238,1,1
239,21,145,239,1,1
240,21,136,240,1,1
241,21,137,241,1,1
242,21,139,242,1,1
243,21,138,243,1,1
244,21,141,244,1,1
245,21,140,245,1,1
246,21,142,246,1,1
247,21,143,247,1,1
248,21,135,248,1,1
249,21,134,249,1,1
250,21,132,250,1,1
251,21,133,251,1,1
252,21,130,252,1,1
253,21,131,253,1,1
254,21,129,254,1,1
255,21,128,255,1,1
0,22,0,0,0,1
1,22,2,1,1,1
2,22,1,2,1,1
3,22,3,3,1,1
4,22,10,4,1,1
5,22,8,5,1,1
6,22,11,6,1,1
7,22,9,7,1,1
8,22,5,8,1,1
9,22,7,9,1,1
10,22,4,10,1,1
11,22,6,11,1,1
12,22,15,12,1,1
13,22,13,13,1,1
14,22,14,14,1,1
15,22,12,15,1,1
16,22,34,16,1,1
17,22,32,17,1,1
18,22,35,18,1,1
19,22,33,19,1,1
20,22,40,20,1,1
21,22,42,21,1,1
22,22,41,22,1,1
23,22,43,23,1,1
24,22,39,24,1,1
25,22,37,25,1,1
26,22,38,26,1,1
27,22,36,27,1,1
28,22,45,28,1,1
29,22,47,29,1,1
30,22,44,30,1,1
31,22,46,31,1,1
32,22,17,32,1,1
33,22,19,33,1,1
34,22,16,34,1,1
35,22,18,35,1,1
36,22,27,36,1,1
37,22,25,37,1,1
38,22,26,38,1,1
39,22,24,39,1,1
40,22,20,40,1,1
41,22,22,41,1,1
42,22,21,42,1,1
43,22,23,43,1,1
44,22,30,44,1,1
45,22,28,45,1,1
46,22,31,46,1,1
47,22,29,47,1,1
48,22,51,48,1,1
49,22,49,49,1,1
50,22,50,50,1,1
51,22,48,51,1,1
52,22,57,52,1,1
53,22,59,53,1,1
54,22,56,54,1,1
55,22,58,55,1,1
56,22,54,56,1,1
57,22,52,57,1,1
58,22,55,58,1,1
59,22,53,59,1,1
60,22,60,60,1,1
61,22,62,61,1,1
62,22,61,62,1,1
63,22,63,63,1,1
64,22,170,64,1,1
65,22,168,65,1,1
66,22,171,66,1,1
67,22,169,67,1,1
68,22,160,68,1,1
69,22,162,69,1,1
70,22,161,70,1,1
71,22,163,71,1,1
72,22,175,72,1,1
73,22,173,73,1,1
74,22,174,74,1,1
75,22,172,75,1,1
76,22,165,76,1,1
77,22,167,77,1,1
78,22,164,78,1,1
79,22,166,79,1,1
80,22,136,80,1,1
81,22,138,81,1,1
82,22,137,82,1,1
83,22,139,83,1,1
84,22,130,84,1,1
85,22,128,85,1,1
86,22,131,86,1,1
87,22,129,87,1,1
88,22,141,88,1,1
89,22,143,89,1,1
90,22,140,90,1,1
91,22,142,91,1,1
92,22,135,92,1,1
93,22,133,93,1,1
94,22,134,94,1,1
95,22,132,95,1,1
96,22,187,96,1,1
97,22,185,97,1,1
98,22,186,98,1,1
99,22,184,99,1,1
100,22,177,100,1,1
101,22,179,101,1,1
102,22,176,102,1,1
103,22,178,103,1,1
104,22,190,104,1,1
105,22,188,105,1,1
106,22,191,106,1,1
107,22,189,107,1,1
108,22,180,108,1,1
109,22,182,109,1,1
110,22,181,110,1,1
111,22,183,111,1,1
112,22,153,112,1,1
113,22,155,113,1,1
114,22,152,114,1,1
115,22,154,115,1,1
116,22,147,116,1,1
117,22,145,117,1,1
118,22,146,118,1,1
119,22,144,119,1,1
120,22,156,120,1,1
121,22,158,121,1,1
122,22,157,122,1,1
123,22,159,123,1,1
124,22,150,124,1,1
125,22,148,125,1,1
126,22,151,126,1,1
127,22,149,127,1,1
128,22,85,128,1,1
129,22,87,129,1,1
130,22,84,130,1,1
131,22,86,131,1,1
132,22,95,132,1,1
133,22,93,133,1,1
134,22,94,134,1,1
135,22,92,135,1,1
136,22,80,136,1,1
137,22,82,137,1,1
138,22,81,138,1,1
139,22,83,139,1,1
140,22,90,140,1,1
141,22,88,141,1,1
142,22,91,142,1,1
143,22,89,143,1,1
144,22,119,144,1,1
145,22,117,145,1,1
146,22,118,146,1,1
147,22,116,147,1,1
148,22,125,148,1,1
149,22,127,149,1,1
150,22,124,150,1,1
151,22,126,151,1,1
152,22,114,152,1,1
153,22,112,153,1,1
154,22,115,154,1,1
155,22,113,155,1,1
156,22,120,156,1,1
157,22,122,157,1,1
158,22,121,158,1,1
159,22,123,159,1,1
160,22,68,160,1,1
161,22,70,161,1,1
162,22,69,162,1,1
163,22,71,163,1,1
164,22,78,164,1,1
165,22,76,165,1,1
166,22,79,166,1,1
167,22,77,167,1,1
168,22,65,168,1,1
169,22,67,169,1,1
170,22,64,170,1,1
171,22,66,171,1,1
172,22,75,172,1,1
173,22,73,173,1,1
174,22,74,174,1,1
175,22,72,175,1,1
176,22,102,176,1,1
177,22,100,177,1,1
178,22,103,178,1,1
179,22,101,179,1,1
180,22,108,180,1,1
181,22,110,181,1,1
182,22,109,182,1,1
183,22,111,183,1,1
184,22,99,184,1,1
185,22,97,185,1,1
186,22,98,186,1,1
187,22,96,187,1,1
188,22,105,188,1,1
189,22,107,189,1,1
190,22,104,190,1,1
191,22,106,191,1,1
192,22,255,192,1,1
193,22,253,193,1,1
194,22,254,194,1,1
195,22,252,195,1,1
196,22,245,196,1,1
197,22,247,197,1,1
198,22,244,198,1,1
199,22,246,199,1,1
200,22,250,200,1,1
201,22,248,201,1,1
202,22,251,202,1,1
203,22,249,203,1,1
204,22,240,204,1,1
205,22,242,205,1,1
206,22,241,206,1,1
207,22,243,207,1,1
208,22,221,208,1,1
209,22,223,209,1,1
210,22,220,210,1,1
211,22,222,211,1,1
212,22,215,212,1,1
213,22,213,213,1,1
214,22,214,214,1,1
215,22,212,215,1,1
216,22,216,216,1,1
217,22,218,217,1,1
218,22,217,218,1,1
219,22,219,219,1,1
220,22,210,220,1,1
221,22,208,221,1,1
222,22,211,222,1,1
223,22,209,223,1,1
224,22,238,224,1,1
225,22,236,225,1,1
226,22,239,226,1,1
227,22,237,227,1,1
228,22,228,228,1,1
229,22,230,229,1,1
230,22,229,230,1,1
231,22,231,231,1,1
232,22,235,232,1,1
233,22,233,233,1,1
234,22,234,234,1,1
235,22,232,235,1,1
236,22,225,236,1,1
237,22,227,237,1,1
238,22,224,238,1,1
239,22,226,239,1,1
240,22,204,240,1,1
241,22,206,241,1,1
242,22,205,242,1,1
243,22,207,243,1,1
244,22,198,244,1,1
245,22,196,245,1,1
246,22,199,246,1,1
247,22,197,247,1,1
248,22,201,248,1,1
249,22,203,249,1,1
250,22,200,250,1,1
251,22,202,251,1,1
252,22,195,252,1,1
253,22,193,253,1,1
254,22,194,254,1,1
255,22,192,255,1,1
0,23,0,0,0,1
1,23,1,1,1,1
2,23,2,2,1,1
3,23,3,3,1,1
4,23,5,4,1,1
5,23,4,5,1,1
6,23,7,6,1,1
7,23,6,7,1,1
8,23,10,8,1,1
9,23,11,9,1,1
10,23,8,10,1,1
11,23,9,11,1,1
12,23,15,12,1,1
13,23,14,13,1,1
14,23,13,14,1,1
15,23,12,15,1,1
16,23,17,16,1,1
17,23,16,17,1,1
18,23,19,18,1,1
19,23,18,19,1,1
20,23,20,20,1,1
21,23,21,21,1,1
22,23,22,22,1,1
23,23,23,23,1,1
24,23,27,24,1,1
25,23,26,25,1,1
26,23,25,26,1,1
27,23,24,27,1,1
28,23,30,28,1,1
29,23,31,29,1,1
30,23,28,30,1,1
31,23,29,31,1,1
32,23,34,32,1,1
33,23,35,33,1,1
34,23,32,34,1,1
35,23,33,35,1,1
36,23,39,36,1,1
37,23,38,37,1,1
38,23,37,38,1,1
39,23,36,39,1,1
40,23,40,40,1,1
41,23,41,41,1,1
42,23,42,42,1,1
43,23,43,43,1,1
44,23,45,44,1,1
45,23,44,45,1,1
46,23,47,46,1,1
47,23,46,47,1,1
48,23,51,48,1,1
49,23,50,49,1,1
50,23,49,50,1,1
51,23,48,51,1,1
52,23,54,52,1,1
53,23,55,53,1,1
54,23,52,54,1,1
55,23,53,55,1,1
56,23,57,56,1,1
57,23,56,57,1,1
58,23,59,58,1,1
59,23,58,59,1,1
60,23,60,60,1,1
61,23,61,61,1,1
62,23,62,62,1,1
63,23,63,63,1,1
64,23,85,64,1,1
65,23,84,65,1,1
66,23,87,66,1,1
67,23,86,67,1,1
68,23,80,68,1,1
69,23,81,69,1,1
70,23,82,70,1,1
71,23,83,71,1,1
72,23,95,72,1,1
73,23,94,73,1,1
74,23,93,74,1,1
75,23,92,75,1,1
76,23,90,76,1,1
77,23,91,77,1,1
78,23,88,78,1,1
79,23,89,79,1,1
80,23,68,80,1,1
81,23,69,81,1,1
82,23,70,82,1,1
83,23,71,83,1,1
84,23,65,84,1,1
85,23,64,85,1,1
86,23,67,86,1,1
87,23,66,87,1,1
88,23,78,88,1,1
89,23,79,89,1,1
90,23,76,90,1,1
91,23,77,91,1,1
92,23,75,92,1,1
93,23,74,93,1,1
94,23,73,94,1,1
95,23,72,95,1,1
96,23,119,96,1,1
97,23,118,97,1,1
98,23,117,98,1,1
99,23,116,99,1,1
100,23,114,100,1,1
101,23,115,101,1,1
102,23,112,102,1,1
103,23,113,103,1,1
104,23,125,104,1,1
105,23,124,105,1,1
106,23,127,106,1,1
107,23,126,107,1,1
108,23,120,108,1,1
109,23,121,109,1,1
110,23,122,110,1,1
111,23,123,111,1,1
112,23,102,112,1,1
113,23,103,113,1,1
114,23,100,114,1,1
115,23,101,115,1,1
116,23,99,116,1,1
117,23,98,117,1,1
118,23,97,118,1,1
119,23,96,119,1,1
120,23,108,120,1,1
121,23,109,121,1,1
122,23,110,122,1,1
123,23,111,123,1,1
124,23,105,124,1,1
125,23,104,125,1,1
126,23,107,126,1,1
127,23,106,127,1,1
128,23,170,128,1,1
129,23,171,129,1,1
130,23,168,130,1,1
131,23,169,131,1,1
132,23,175,132,1,1
133,23,174,133,1,1
134,23,173,134,1,1
135,23,172,135,1,1
136,23,160,136,1,1
137,23,161,137,1,1
138,23,162,138,1,1
139,23,163,139,1,1
140,23,165,140,1,1
141,23,164,141,1,1
142,23,167,142,1,1
143,23,166,143,1,1
144,23,187,144,1,1
145,23,186,145,1,1
146,23,185,146,1,1
147,23,184,147,1,1
148,23,190,148,1,1
149,23,191,149,1,1
150,23,188,150,1,1
151,23,189,151,1,1
152,23,177,152,1,1
153,23,176,153,1,1
154,23,179,154,1,1
155,23,178,155,1,1
156,23,180,156,1,1
157,23,181,157,1,1
158,23,182,158,1,1
159,23,183,159,1,1
160,23,136,160,1,1
161,23,137,161,1,1
162,23,138,162,1,1
163,23,139,163,1,1
164,23,141,164,1,1
165,23,140,165,1,1
166,23,143,166,1,1
167,23,142,167,1,1
168,23,130,168,1,1
169,23,131,169,1,1
170,23,128,170,1,1
171,23,129,171,1,1
172,23,135,172,1,1
173,23,134,173,1,1
174,23,133,174,1,1
175,23,132,175,1,1
176,23,153,176,1,1
177,23,152,177,1,1
178,23,155,178,1,1
179,23,154,179,1,1
180,23,156,180,1,1
181,23,157,181,1,1
182,23,158,182,1,1
183,23,159,183,1,1
184,23,147,184,1,1
185,23,146,185,1,1
186,23,145,186,1,1
187,23,144,187,1,1
188,23,150,188,1,1
189,23,151,189,1,1
190,23,148,190,1,1
191,23,149,191,1,1
192,23,255,192,1,1
193,23,254,193,1,1
194,23,253,194,1,1
195,23,252,195,1,1
196,23,250,196,1,1
197,23,251,197,1,1
198,23,248,198,1,1
199,23,249,199,1,1
200,23,245,200,1,1
201,23,244,201,1,1
202,23,247,202,1,1
203,23,246,203,1,1
204,23,240,204,1,1
205,23,241,205,1,1
206,23,242,206,1,1
207,23,243,207,1,1
208,23,238,208,1,1
209,23,239,209,1,1
210,23,236,210,1,1
211,23,237,211,1,1
212,23,235,212,1,1
213,23,234,213,1,1
214,23,233,214,1,1
215,23,232,215,1,1
216,23,228,216,1,1
217,23,229,217,1,1
218,23,230,218,1,1
219,23,231,219,1,1
220,23,225,220,1,1
221,23,224,221,1,1
222,23,227,222,1,1
223,23,226,223,1,1
224,23,221,224,1,1
225,23,220,225,1,1
226,23,223,226,1,1
227,23,222,227,1,1
228,23,216,228,1,1
229,23,217,229,1,1
230,23,218,230,1,1
231,23,219,231,1,1
232,23,215,232,1,1
233,23,214,233,1,1
234,23,213,234,1,1
235,23,212,235,1,1
236,23,210,236,1,1
237,23,211,237,1,1
238,23,208,238,1,1
239,23,209,239,1,1
240,23,204,240,1,1
241,23,205,241,1,1
242,23,206,242,1,1
243,23,207,243,1,1
244,23,201,244,1,1
245,23,200,245,1,1
246,23,203,246,1,1
247,23,202,247,1,1
248,23,198,248,1,1
249,23,199,249,1,1
250,23,196,250,1,1
251,23,197,251,1,1
252,23,195,252,1,1
253,23,194,253,1,1
254,23,193,254,1,1
255,23,192,255,1,1
0,24,0,0,0,1
1,24,8,1,1,1
2,24,12,2,1,1
3,24,4,3,1,1
4,24,2,4,1,1
5,24,10,5,1,1
6,24,14,6,1,1
7,24,6,7,1,1
8,24,3,8,1,1
9,24,11,9,1,1
10,24,15,10,1,1
11,24,7,11,1,1
12,24,1,12,1,1
13,24,9,13,1,1
14,24,13,14,1,1
15,24,5,15,1,1
16,24,136,16,1,1
17,24,128,17,1,1
18,24,132,18,1,1
19,24,140,19,1,1
20,24,138,20,1,1
21,24,130,21,1,1
22,24,134,22,1,1
23,24,142,23,1,1
24,24,139,24,1,1
25,24,131,25,1,1
26,24,135,26,1,1
27,24,143,27,1,1
28,24,137,28,1,1
29,24,129,29,1,1
30,24,133,30,1,1
31,24,141,31,1,1
32,24,204,32,1,1
33,24,196,33,1,1
34,24,192,34,1,1
35,24,200,35,1,1
36,24,206,36,1,1
37,24,198,37,1,1
38,24,194,38,1,1
39,24,202,39,1,1
40,24,207,40,1,1
41,24,199,41,1,1
42,24,195,42,1,1
43,24,203,43,1,1
44,24,205,44,1,1
45,24,197,45,1,1
46,24,193,46,1,1
47,24,201,47,1,1
48,24,68,48,1,1
49,24,76,49,1,1
50,24,72,50,1,1
51,24,64,51,1,1
52,24,70,52,1,1
53,24,78,53,1,1
54,24,74,54,1,1
55,24,66,55,1,1
56,24,71,56,1,1
57,24,79,57,1,1
58,24,75,58,1,1
59,24,67,59,1,1
60,24,69,60,1,1
61,24,77,61,1,1
62,24,73,62,1,1
63,24,65,63,1,1
64,24,34,64,1,1
65,24,42,65,1,1
66,24,46,66,1,1
67,24,38,67,1,1
68,24,32,68,1,1
69,24,40,69,1,1
70,24,44,70,1,1
71,24,36,71,1,1
72,24,33,72,1,1
73,24,41,73,1,1
74,24,45,74,1,1
75,24,37,75,1,1
76,24,35,76,1,1
77,24,43,77,1,1
78,24,47,78,1,1
79,24,39,79,1,1
80,24,170,80,1,1
81,24,162,81,1,1
82,24,166,82,1,1
83,24,174,83,1,1
84,24,168,84,1,1
85,24,160,85,1,1
86,24,164,86,1,1
87,24,172,87,1,1
88,24,169,88,1,1
89,24,161,89,1,1
90,24,165,90,1,1
91,24,173,91,1,1
92,24,171,92,1,1
93,24,163,93,1,1
94,24,167,94,1,1
95,24,175,95,1,1
96,24,238,96,1,1
97,24,230,97,1,1
98,24,226,98,1,1
99,24,234,99,1,1
100,24,236,100,1,1
101,24,228,101,1,1
102,24,224,102,1,1
103,24,232,103,1,1
104,24,237,104,1,1
105,24,229,105,1,1
106,24,225,106,1,1
107,24,233,107,1,1
108,24,239,108,1,1
109,24,231,109,1,1
110,24,227,110,1,1
111,24,235,111,1,1
112,24,102,112,1,1
113,24,110,113,1,1
114,24,106,114,1,1
115,24,98,115,1,1
116,24,100,116,1,1
117,24,108,117,1,1
118,24,104,118,1,1
119,24,96,119,1,1
120,24,101,120,1,1
121,24,109,121,1,1
122,24,105,122,1,1
123,24,97,123,1,1
124,24,103,124,1,1
125,24,111,125,1,1
126,24,107,126,1,1
127,24,99,127,1,1
128,24,51,128,1,1
129,24,59,129,1,1
130,24,63,130,1,1
131,24,55,131,1,1
132,24,49,132,1,1
133,24,57,133,1,1
134,24,61,134,1,1
135,24,53,135,1,1
136,24,48,136,1,1
137,24,56,137,1,1
138,24,60,138,1,1
139,24,52,139,1,1
140,24,50,140,1,1
141,24,58,141,1,1
142,24,62,142,1,1
143,24,54,143,1,1
144,24,187,144,1,1
145,24,179,145,1,1
146,24,183,146,1,1
147,24,191,147,1,1
148,24,185,148,1,1
149,24,177,149,1,1
150,24,181,150,1,1
151,24,189,151,1,1
152,24,184,152,1,1
153,24,176,153,1,1
154,24,180,154,1,1
155,24,188,155,1,1
156,24,186,156,1,1
157,24,178,157,1,1
158,24,182,158,1,1
159,24,190,159,1,1
160,24,255,160,1,1
161,24,247,161,1,1
162,24,243,162,1,1
163,24,251,163,1,1
164,24,253,164,1,1
165,24,245,165,1,1
166,24,241,166,1,1
167,24,249,167,1,1
168,24,252,168,1,1
169,24,244,169,1,1
170,24,240,170,1,1
171,24,248,171,1,1
172,24,254,172,1,1
173,24,246,173,1,1
174,24,242,174,1,1
175,24,250,175,1,1
176,24,119,176,1,1
177,24,127,177,1,1
178,24,123,178,1,1
179,24,115,179,1,1
180,24,117,180,1,1
181,24,125,181,1,1
182,24,121,182,1,1
183,24,113,183,1,1
184,24,116,184,1,1
185,24,124,185,1,1
186,24,120,186,1,1
187,24,112,187,1,1
188,24,118,188,1,1
189,24,126,189,1,1
190,24,122,190,1,1
191,24,114,191,1,1
192,24,17,192,1,1
193,24,25,193,1,1
194,24,29,194,1,1
195,24,21,195,1,1
196,24,19,196,1,1
197,24,27,197,1,1
198,24,31,198,1,1
199,24,23,199,1,1
200,24,18,200,1,1
201,24,26,201,1,1
202,24,30,202,1,1
203,24,22,203,1,1
204,24,16,204,1,1
205,24,24,205,1,1
206,24,28,206,1,1
207,24,20,207,1,1
208,24,153,208,1,1
209,24,145,209,1,1
210,24,149,210,1,1
211,24,157,211,1,1
212,24,155,212,1,1
213,24,147,213,1,1
214,24,151,214,1,1
215,24,159,215,1,1
216,24,154,216,1,1
217,24,146,217,1,1
218,24,150,218,1,1
219,24,158,219,1,1
220,24,152,220,1,1
221,24,144,221,1,1
222,24,148,222,1,1
223,24,156,223,1,1
224,24,221,224,1,1
225,24,213,225,1,1
226,24,209,226,1,1
227,24,217,227,1,1
228,24,223,228,1,1
229,24,215,229,1,1
230,24,211,230,1,1
231,24,219,231,1,1
232,24,222,232,1,1
233,24,214,233,1,1
234,24,210,234,1,1
235,24,218,235,1,1
236,24,220,236,1,1
237,24,212,237,1,1
238,24,208,238,1,1
239,24,216,239,1,1
240,24,85,240,1,1
241,24,93,241,1,1
242,24,89,242,1,1
243,24,81,243,1,1
244,24,87,244,1,1
245,24,95,245,1,1
246,24,91,246,1,1
247,24,83,247,1,1
248,24,86,248,1,1
249,24,94,249,1,1
250,24,90,250,1,1
251,24,82,251,1,1
252,24,84,252,1,1
253,24,92,253,1,1
254,24,88,254,1,1
255,24,80,255,1,1
0,25,0,0,0,1
1,25,4,1,1,1
2,25,12,2,1,1
3,25,8,3,1,1
4,25,1,4,1,1
5,25,5,5,1,1
6,25,13,6,1,1
7,25,9,7,1,1
8,25,3,8,1,1
9,25,7,9,1,1
10,25,15,10,1,1
11,25,11,11,1,1
12,25,2,12,1,1
13,25,6,13,1,1
14,25,14,14,1,1
15,25,10,15,1,1
16,25,68,16,1,1
17,25,64,17,1,1
18,25,72,18,1,1
19,25,76,19,1,1
20,25,69,20,1,1
21,25,65,21,1,1
22,25,73,22,1,1
23,25,77,23,1,1
24,25,71,24,1,1
25,25,67,25,1,1
26,25,75,26,1,1
27,25,79,27,1,1
28,25,70,28,1,1
29,25,66,29,1,1
30,25,74,30,1,1
31,25,78,31,1,1
32,25,204,32,1,1
33,25,200,33,1,1
34,25,192,34,1,1
35,25,196,35,1,1
36,25,205,36,1,1
37,25,201,37,1,1
38,25,193,38,1,1
39,25,197,39,1,1
40,25,207,40,1,1
41,25,203,41,1,1
42,25,195,42,1,1
43,25,199,43,1,1
44,25,206,44,1,1
45,25,202,45,1,1
46,25,194,46,1,1
47,25,198,47,1,1
48,25,136,48,1,1
49,25,140,49,1,1
50,25,132,50,1,1
51,25,128,51,1,1
52,25,137,52,1,1
53,25,141,53,1,1
54,25,133,54,1,1
55,25,129,55,1,1
56,25,139,56,1,1
57,25,143,57,1,1
58,25,135,58,1,1
59,25,131,59,1,1
60,25,138,60,1,1
61,25,142,61,1,1
62,25,134,62,1,1
63,25,130,63,1,1
64,25,17,64,1,1
65,25,21,65,1,1
66,25,29,66,1,1
67,25,25,67,1,1
68,25,16,68,1,1
69,25,20,69,1,1
70,25,28,70,1,1
71,25,24,71,1,1
72,25,18,72,1,1
73,25,22,73,1,1
74,25,30,74,1,1
75,25,26,75,1,1
76,25,19,76,1,1
77,25,23,77,1,1
78,25,31,78,1,1
79,25,27,79,1,1
80,25,85,80,1,1
81,25,81,81,1,1
82,25,89,82,1,1
83,25,93,83,1,1
84,25,84,84,1,1
85,25,80,85,1,1
86,25,88,86,1,1
87,25,92,87,1,1
88,25,86,88,1,1
89,25,82,89,1,1
90,25,90,90,1,1
91,25,94,91,1,1
92,25,87,92,1,1
93,25,83,93,1,1
94,25,91,94,1,1
95,25,95,95,1,1
96,25,221,96,1,1
97,25,217,97,1,1
98,25,209,98,1,1
99,25,213,99,1,1
100,25,220,100,1,1
101,25,216,101,1,1
102,25,208,102,1,1
103,25,212,103,1,1
104,25,222,104,1,1
105,25,218,105,1,1
106,25,210,106,1,1
107,25,214,107,1,1
108,25,223,108,1,1
109,25,219,109,1,1
110,25,211,110,1,1
111,25,215,111,1,1
112,25,153,112,1,1
113,25,157,113,1,1
114,25,149,114,1,1
115,25,145,115,1,1
116,25,152,116,1,1
117,25,156,117,1,1
118,25,148,118,1,1
119,25,144,119,1,1
120,25,154,120,1,1
121,25,158,121,1,1
122,25,150,122,1,1
123,25,146,123,1,1
124,25,155,124,1,1
125,25,159,125,1,1
126,25,151,126,1,1
127,25,147,127,1,1
128,25,51,128,1,1
129,25,55,129,1,1
130,25,63,130,1,1
131,25,59,131,1,1
132,25,50,132,1,1
133,25,54,133,1,1
134,25,62,134,1,1
135,25,58,135,1,1
136,25,48,136,1,1
137,25,52,137,1,1
138,25,60,138,1,1
139,25,56,139,1,1
140,25,49,140,1,1
141,25,53,141,1,1
142,25,61,142,1,1
143,25,57,143,1,1
144,25,119,144,1,1
145,25,115,145,1,1
146,25,123,146,1,1
147,25,127,147,1,1
148,25,118,148,1,1
149,25,114,149,1,1
150,25,122,150,1,1
151,25,126,151,1,1
152,25,116,152,1,1
153,25,112,153,1,1
154,25,120,154,1,1
155,25,124,155,1,1
156,25,117,156,1,1
157,25,113,157,1,1
158,25,121,158,1,1
159,25,125,159,1,1
160,25,255,160,1,1
161,25,251,161,1,1
162,25,243,162,1,1
163,25,247,163,1,1
164,25,254,164,1,1
165,25,250,165,1,1
166,25,242,166,1,1
167,25,246,167,1,1
168,25,252,168,1,1
169,25,248,169,1,1
170,25,240,170,1,1
171,25,244,171,1,1
172,25,253,172,1,1
173,25,249,173,1,1
174,25,241,174,1,1
175,25,245,175,1,1
176,25,187,176,1,1
177,25,191,177,1,1
178,25,183,178,1,1
179,25,179,179,1,1
180,25,186,180,1,1
181,25,190,181,1,1
182,25,182,182,1,1
183,25,178,183,1,1
184,25,184,184,1,1
185,25,188,185,1,1
186,25,180,186,1,1
187,25,176,187,1,1
188,25,185,188,1,1
189,25,189,189,1,1
190,25,181,190,1,1
191,25,177,191,1,1
192,25,34,192,1,1
193,25,38,193,1,1
194,25,46,194,1,1
195,25,42,195,1,1
196,25,35,196,1,1
197,25,39,197,1,1
198,25,47,198,1,1
199,25,43,199,1,1
200,25,33,200,1,1
201,25,37,201,1,1
202,25,45,202,1,1
203,25,41,203,1,1
204,25,32,204,1,1
205,25,36,205,1,1
206,25,44,206,1,1
207,25,40,207,1,1
208,25,102,208,1,1
209,25,98,209,1,1
210,25,106,210,1,1
211,25,110,211,1,1
212,25,103,212,1,1
213,25,99,213,1,1
214,25,107,214,1,1
215,25,111,215,1,1
216,25,101,216,1,1
217,25,97,217,1,1
218,25,105,218,1,1
219,25,109,219,1,1
220,25,100,220,1,1
221,25,96,221,1,1
222,25,104,222,1,1
223,25,108,223,1,1
224,25,238,224,1,1
225,25,234,225,1,1
226,25,226,226,1,1
227,25,230,227,1,1
228,25,239,228,1,1
229,25,235,229,1,1
230,25,227,230,1,1
231,25,231,231,1,1
232,25,237,232,1,1
233,25,233,233,1,1
234,25,225,234,1,1
235,25,229,235,1,1
236,25,236,236,1,1
237,25,232,237,1,1
238,25,224,238,1,1
239,25,228,239,1,1
240,25,170,240,1,1
241,25,174,241,1,1
242,25,166,242,1,1
243,25,162,243,1,1
244,25,171,244,1,1
245,25,175,245,1,1
246,25,167,246,1,1
247,25,163,247,1,1
248,25,169,248,1,1
249,25,173,249,1,1
250,25,165,250,1,1
251,25,161,251,1,1
252,25,168,252,1,1
253,25,172,253,1,1
254,25,164,254,1,1
255,25,160,255,1,1
0,26,0,0,0,1
1,26,8,1,1,1
2,26,4,2,1,1
3,26,12,3,1,1
4,26,2,4,1,1
5,26,10,5,1,1
6,26,6,6,1,1
7,26,14,7,1,1
8,26,1,8,1,1
9,26,9,9,1,1
10,26,5,10,1,1
11,26,13,11,1,1
12,26,3,12,1,1
13,26,11,13,1,1
14,26,7,14,1,1
15,26,15,15,1,1
16,26,136,16,1,1
17,26,128,17,1,1
18,26,140,18,1,1
19,26,132,19,1,1
20,26,138,20,1,1
21,26,130,21,1,1
22,26,142,22,1,1
23,26,134,23,1,1
24,26,137,24,1,1
25,26,129,25,1,1
26,26,141,26,1,1
27,26,133,27,1,1
28,26,139,28,1,1
29,26,131,29,1,1
30,26,143,30,1,1
31,26,135,31,1,1
32,26,68,32,1,1
33,26,76,33,1,1
34,26,64,34,1,1
35,26,72,35,1,1
36,26,70,36,1,1
37,26,78,37,1,1
38,26,66,38,1,1
39,26,74,39,1,1
40,26,69,40,1,1
41,26,77,41,1,1
42,26,65,42,1,1
43,26,73,43,1,1
44,26,71,44,1,1
45,26,79,45,1,1
46,26,67,46,1,1
47,26,75,47,1,1
48,26,204,48,1,1
49,26,196,49,1,1
50,26,200,50,1,1
51,26,192,51,1,1
52,26,206,52,1,1
53,26,198,53,1,1
54,26,202,54,1,1
55,26,194,55,1,1
56,26,205,56,1,1
57,26,197,57,1,1
58,26,201,58,1,1
59,26,193,59,1,1
60,26,207,60,1,1
61,26,199,61,1,1
62,26,203,62,1,1
63,26,195,63,1,1
64,26,34,64,1,1
65,26,42,65,1,1
66,26,38,66,1,1
67,26,46,67,1,1
68,26,32,68,1,1
69,26,40,69,1,1
70,26,36,70,1,1
71,26,44,71,1,1
72,26,35,72,1,1
73,26,43,73,1,1
74,26,39,74,1,1
75,26,47,75,1,1
76,26,33,76,1,1
77,26,41,77,1,1
78,26,37,78,1,1
79,26,45,79,1,1
80,26,170,80,1,1
81,26,162,81,1,1
82,26,174,82,1,1
83,26,166,83,1,1
84,26,168,84,1,1
85,26,160,85,1,1
86,26,172,86,1,1
87,26,164,87,1,1
88,26,171,88,1,1
89,26,163,89,1,1
90,26,175,90,1,1
91,26,167,91,1,1
92,26,169,92,1,1
93,26,161,93,1,1
94,26,173,94,1,1
95,26,165,95,1,1
96,26,102,96,1,1
97,26,110,97,1,1
98,26,98,98,1,1
99,26,106,99,1,1
100,26,100,100,1,1
101,26,108,101,1,1
102,26,96,102,1,1
103,26,104,103,1,1
104,26,103,104,1,1
105,26,111,105,1,1
106,26,99,106,1,1
107,26,107,107,1,1
108,26,101,108,1,1
109,26,109,109,1,1
110,26,97,110,1,1
111,26,105,111,1,1
112,26,238,112,1,1
113,26,230,113,1,1
114,26,234,114,1,1
115,26,226,115,1,1
116,26,236,116,1,1
117,26,228,117,1,1
118,26,232,118,1,1
119,26,224,119,1,1
120,26,239,120,1,1
121,26,231,121,1,1
122,26,235,122,1,1
123,26,227,123,1,1
124,26,237,124,1,1
125,26,229,125,1,1
126,26,233,126,1,1
127,26,225,127,1,1
128,26,17,128,1,1
129,26,25,129,1,1
130,26,21,130,1,1
131,26,29,131,1,1
132,26,19,132,1,1
133,26,27,133,1,1
134,26,23,134,1,1
135,26,31,135,1,1
136,26,16,136,1,1
137,26,24,137,1,1
138,26,20,138,1,1
139,26,28,139,1,1
140,26,18,140,1,1
141,26,26,141,1,1
142,26,22,142,1,1
143,26,30,143,1,1
144,26,153,144,1,1
145,26,145,145,1,1
146,26,157,146,1,1
147,26,149,147,1,1
148,26,155,148,1,1
149,26,147,149,1,1
150,26,159,150,1,1
151,26,151,151,1,1
152,26,152,152,1,1
153,26,144,153,1,1
154,26,156,154,1,1
155,26,148,155,1,1
156,26,154,156,1,1
157,26,146,157,1,1
158,26,158,158,1,1
159,26,150,159,1,1
160,26,85,160,1,1
161,26,93,161,1,1
162,26,81,162,1,1
163,26,89,163,1,1
164,26,87,164,1,1
165,26,95,165,1,1
166,26,83,166,1,1
167,26,91,167,1,1
168,26,84,168,1,1
169,26,92,169,1,1
170,26,80,170,1,1
171,26,88,171,1,1
172,26,86,172,1,1
173,26,94,173,1,1
174,26,82,174,1,1
175,26,90,175,1,1
176,26,221,176,1,1
177,26,213,177,1,1
178,26,217,178,1,1
179,26,209,179,1,1
180,26,223,180,1,1
181,26,215,181,1,1
182,26,219,182,1,1
183,26,211,183,1,1
184,26,220,184,1,1
185,26,212,185,1,1
186,26,216,186,1,1
187,26,208,187,1,1
188,26,222,188,1,1
189,26,214,189,1,1
190,26,218,190,1,1
191,26,210,191,1,1
192,26,51,192,1,1
193,26,59,193,1,1
194,26,55,194,1,1
195,26,63,195,1,1
196,26,49,196,1,1
197,26,57,197,1,1
198,26,53,198,1,1
199,26,61,199,1,1
200,26,50,200,1,1
201,26,58,201,1,1
202,26,54,202,1,1
203,26,62,203,1,1
204,26,48,204,1,1
205,26,56,205,1,1
206,26,52,206,1,1
207,26,60,207,1,1
208,26,187,208,1,1
209,26,179,209,1,1
210,26,191,210,1,1
211,26,183,211,1,1
212,26,185,212,1,1
213,26,177,213,1,1
214,26,189,214,1,1
215,26,181,215,1,1
216,26,186,216,1,1
217,26,178,217,1,1
218,26,190,218,1,1
219,26,182,219,1,1
220,26,184,220,1,1
221,26,176,221,1,1
222,26,188,222,1,1
223,26,180,223,1,1
224,26,119,224,1,1
225,26,127,225,1,1
226,26,115,226,1,1
227,26,123,227,1,1
228,26,117,228,1,1
229,26,125,229,1,1
230,26,113,230,1,1
231,26,121,231,1,1
232,26,118,232,1,1
233,26,126,233,1,1
234,26,114,234,1,1
235,26,122,235,1,1
236,26,116,236,1,1
237,26,124,237,1,1
238,26,112,238,1,1
239,26,120,239,1,1
240,26,255,240,1,1
241,26,247,241,1,1
242,26,251,242,1,1
243,26,243,243,1,1
244,26,253,244,1,1
245,26,245,245,1,1
246,26,249,246,1,1
247,26,241,247,1,1
248,26,254,248,1,1
249,26,246,249,1,1
250,26,250,250,1,1
251,26,242,251,1,1
252,26,252,252,1,1
253,26,244,253,1,1
254,26,248,254,1,1
255,26,240,255,1,1
0,27,0,0,0,1
1,27,4,1,1,1
2,27,8,2,1,1
3,27,12,3,1,1
4,27,1,4,1,1
5,27,5,5,1,1
6,27,9,6,1,1
7,27,13,7,1,1
8,27,2,8,1,1
9,27,6,9,1,1
10,27,10,10,1,1
11,27,14,11,1,1
12,27,3,12,1,1
13,27,7,13,1,1
14,27,11,14,1,1
15,27,15,15,1,1
16,27,68,16,1,1
17,27,64,17,1,1
18,27,76,18,1,1
19,27,72,19,1,1
20,27,69,20,1,1
21,27,65,21,1,1
22,27,77,22,1,1
23,27,73,23,1,1
24,27,70,24,1,1
25,27,66,25,1,1
26,27,78,26,1,1
27,27,74,27,1,1
28,27,71,28,1,1
29,27,67,29,1,1
30,27,79,30,1,1
31,27,75,31,1,1
32,27,136,32,1,1
33,27,140,33,1,1
34,27,128,34,1,1
35,27,132,35,1,1
36,27,137,36,1,1
37,27,141,37,1,1
38,27,129,38,1,1
39,27,133,39,1,1
40,27,138,40,1,1
41,27,142,41,1,1
42,27,130,42,1,1
43,27,134,43,1,1
44,27,139,44,1,1
45,27,143,45,1,1
46,27,131,46,1,1
47,27,135,47,1,1
48,27,204,48,1,1
49,27,200,49,1,1
50,27,196,50,1,1
51,27,192,51,1,1
52,27,205,52,1,1
53,27,201,53,1,1
54,27,197,54,1,1
55,27,193,55,1,1
56,27,206,56,1,1
57,27,202,57,1,1
58,27,198,58,1,1
59,27,194,59,1,1
60,27,207,60,1,1
61,27,203,61,1,1
62,27,199,62,1,1
63,27,195,63,1,1
64,27,17,64,1,1
65,27,21,65,1,1
66,27,25,66,1,1
67,27,29,67,1,1
68,27,16,68,1,1
69,27,20,69,1,1
70,27,24,70,1,1
71,27,28,71,1,1
72,27,19,72,1,1
73,27,23,73,1,1
74,27,27,74,1,1
75,27,31,75,1,1
76,27,18,76,1,1
77,27,22,77,1,1
78,27,26,78,1,1
79,27,30,79,1,1
80,27,85,80,1,1
81,27,81,81,1,1
82,27,93,82,1,1
83,27,89,83,1,1
84,27,84,84,1,1
85,27,80,85,1,1
86,27,92,86,1,1
87,27,88,87,1,1
88,27,87,88,1,1
89,27,83,89,1,1
90,27,95,90,1,1
91,27,91,91,1,1
92,27,86,92,1,1
93,27,82,93,1,1
94,27,94,94,1,1
95,27,90,95,1,1
96,27,153,96,1,1
97,27,157,97,1,1
98,27,145,98,1,1
99,27,149,99,1,1
100,27,152,100,1,1
101,27,156,101,1,1
102,27,144,102,1,1
103,27,148,103,1,1
104,27,155,104,1,1
105,27,159,105,1,1
106,27,147,106,1,1
107,27,151,107,1,1
108,27,154,108,1,1
109,27,158,109,1,1
110,27,146,110,1,1
111,27,150,111,1,1
112,27,221,112,1,1
113,27,217,113,1,1
114,27,213,114,1,1
115,27,209,115,1,1
116,27,220,116,1,1
117,27,216,117,1,1
118,27,212,118,1,1
119,27,208,119,1,1
120,27,223,120,1,1
121,27,219,121,1,1
122,27,215,122,1,1
123,27,211,123,1,1
124,27,222,124,1,1
125,27,218,125,1,1
126,27,214,126,1,1
127,27,210,127,1,1
128,27,34,128,1,1
129,27,38,129,1,1
130,27,42,130,1,1
131,27,46,131,1,1
132,27,35,132,1,1
133,27,39,133,1,1
134,27,43,134,1,1
135,27,47,135,1,1
136,27,32,136,1,1
137,27,36,137,1,1
138,27,40,138,1,1
139,27,44,139,1,1
140,27,33,140,1,1
141,27,37,141,1,1
142,27,41,142,1,1
143,27,45,143,1,1
144,27,102,144,1,1
145,27,98,145,1,1
146,27,110,146,1,1
147,27,106,147,1,1
148,27,103,148,1,1
149,27,99,149,1,1
150,27,111,150,1,1
151,27,107,151,1,1
152,27,100,152,1,1
153,27,96,153,1,1
154,27,108,154,1,1
155,27,104,155,1,1
156,27,101,156,1,1
157,27,97,157,1,1
158,27,109,158,1,1
159,27,105,159,1,1
160,27,170,160,1,1
161,27,174,161,1,1
162,27,162,162,1,1
163,27,166,163,1,1
164,27,171,164,1,1
165,27,175,165,1,1
166,27,163,166,1,1
167,27,167,167,1,1
168,27,168,168,1,1
169,27,172,169,1,1
170,27,160,170,1,1
171,27,164,171,1,1
172,27,169,172,1,1
173,27,173,173,1,1
174,27,161,174,1,1
175,27,165,175,1,1
176,27,238,176,1,1
177,27,234,177,1,1
178,27,230,178,1,1
179,27,226,179,1,1
180,27,239,180,1,1
181,27,235,181,1,1
182,27,231,182,1,1
183,27,227,183,1,1
184,27,236,184,1,1
185,27,232,185,1,1
186,27,228,186,1,1
187,27,224,187,1,1
188,27,237,188,1,1
189,27,233,189,1,1
190,27,229,190,1,1
191,27,225,191,1,1
192,27,51,192,1,1
193,27,55,193,1,1
194,27,59,194,1,1
195,27,63,195,1,1
196,27,50,196,1,1
197,27,54,197,1,1
198,27,58,198,1,1
199,27,62,199,1,1
200,27,49,200,1,1
201,27,53,201,1,1
202,27,57,202,1,1
203,27,61,203,1,1
204,27,48,204,1,1
205,27,52,205,1,1
206,27,56,206,1,1
207,27,60,207,1,1
208,27,119,208,1,1
209,27,115,209,1,1
210,27,127,210,1,1
211,27,123,211,1,1
212,27,118,212,1,1
213,27,114,213,1,1
214,27,126,214,1,1
215,27,122,215,1,1
216,27,117,216,1,1
217,27,113,217,1,1
218,27,125,218,1,1
219,27,121,219,1,1
220,27,116,220,1,1
221,27,112,221,1,1
222,27,124,222,1,1
223,27,120,223,1,1
224,27,187,224,1,1
225,27,191,225,1,1
226,27,179,226,1,1
227,27,183,227,1,1
228,27,186,228,1,1
229,27,190,229,1,1
230,27,178,230,1,1
231,27,182,231,1,1
232,27,185,232,1,1
233,27,189,233,1,1
234,27,177,234,1,1
235,27,181,235,1,1
236,27,184,236,1,1
237,27,188,237,1,1
238,27,176,238,1,1
239,27,180,239,1,1
240,27,255,240,1,1
241,27,251,241,1,1
242,27,247,242,1,1
243,27,243,243,1,1
244,27,254,244,1,1
245,27,250,245,1,1
246,27,246,246,1,1
247,27,242,247,1,1
248,27,253,248,1,1
249,27,249,249,1,1
250,27,245,250,1,1
251,27,241,251,1,1
252,27,252,252,1,1
253,27,248,253,1,1
254,27,244,254,1,1
255,27,240,255,1,1
0,28,0,0,0,1
1,28,2,1,1,1
2,28,3,2,1,1
3,28,1,3,1,1
4,28,8,4,1,1
5,28,10,5,1,1
6,28,11,6,1,1
7,28,9,7,1,1
8,28,12,8,1,1
9,28,14,9,1,1
10,28,15,10,1,1
11,28,13,11,1,1
12,28,4,12,1,1
13,28,6,13,1,1
14,28,7,14,1,1
15,28,5,15,1,1
16,28,34,16,1,1
17,28,32,17,1,1
18,28,33,18,1,1
19,28,35,19,1,1
20,28,42,20,1,1
21,28,40,21,1,1
22,28,41,22,1,1
23,28,43,23,1,1
24,28,46,24,1,1
25,28,44,25,1,1
26,28,45,26,1,1
27,28,47,27,1,1
28,28,38,28,1,1
29,28,36,29,1,1
30,28,37,30,1,1
31,28,39,31,1,1
32,28,51,32,1,1
33,28,49,33,1,1
34,28,48,34,1,1
35,28,50,35,1,1
36,28,59,36,1,1
37,28,57,37,1,1
38,28,56,38,1,1
39,28,58,39,1,1
40,28,63,40,1,1
41,28,61,41,1,1
42,28,60,42,1,1
43,28,62,43,1,1
44,28,55,44,1,1
45,28,53,45,1,1
46,28,52,46,1,1
47,28,54,47,1,1
48,28,17,48,1,1
49,28,19,49,1,1
50,28,18,50,1,1
51,28,16,51,1,1
52,28,25,52,1,1
53,28,27,53,1,1
54,28,26,54,1,1
55,28,24,55,1,1
56,28,29,56,1,1
57,28,31,57,1,1
58,28,30,58,1,1
59,28,28,59,1,1
60,28,21,60,1,1
61,28,23,61,1,1
62,28,22,62,1,1
63,28,20,63,1,1
64,28,136,64,1,1
65,28,138,65,1,1
66,28,139,66,1,1
67,28,137,67,1,1
68,28,128,68,1,1
69,28,130,69,1,1
70,28,131,70,1,1
71,28,129,71,1,1
72,28,132,72,1,1
73,28,134,73,1,1
74,28,135,74,1,1
75,28,133,75,1,1
76,28,140,76,1,1
77,28,142,77,1,1
78,28,143,78,1,1
79,28,141,79,1,1
80,28,170,80,1,1
81,28,168,81,1,1
82,28,169,82,1,1
83,28,171,83,1,1
84,28,162,84,1,1
85,28,160,85,1,1
86,28,161,86,1,1
87,28,163,87,1,1
88,28,166,88,1,1
89,28,164,89,1,1
90,28,165,90,1,1
91,28,167,91,1,1
92,28,174,92,1,1
93,28,172,93,1,1
94,28,173,94,1,1
95,28,175,95,1,1
96,28,187,96,1,1
97,28,185,97,1,1
98,28,184,98,1,1
99,28,186,99,1,1
100,28,179,100,1,1
101,28,177,101,1,1
102,28,176,102,1,1
103,28,178,103,1,1
104,28,183,104,1,1
105,28,181,105,1,1
106,28,180,106,1,1
107,28,182,107,1,1
108,28,191,108,1,1
109,28,189,109,1,1
110,28,188,110,1,1
111,28,190,111,1,1
112,28,153,112,1,1
113,28,155,113,1,1
114,28,154,114,1,1
115,28,152,115,1,1
116,28,145,116,1,1
117,28,147,117,1,1
118,28,146,118,1,1
119,28,144,119,1,1
120,28,149,120,1,1
121,28,151,121,1,1
122,28,150,122,1,1
123,28,148,123,1,1
124,28,157,124,1,1
125,28,159,125,1,1
126,28,158,126,1,1
127,28,156,127,1,1
128,28,204,128,1,1
129,28,206,129,1,1
130,28,207,130,1,1
131,28,205,131,1,1
132,28,196,132,1,1
133,28,198,133,1,1
134,28,199,134,1,1
135,28,197,135,1,1
136,28,192,136,1,1
137,28,194,137,1,1
138,28,195,138,1,1
139,28,193,139,1,1
140,28,200,140,1,1
141,28,202,141,1,1
142,28,203,142,1,1
143,28,201,143,1,1
144,28,238,144,1,1
145,28,236,145,1,1
146,28,237,146,1,1
147,28,239,147,1,1
148,28,230,148,1,1
149,28,228,149,1,1
150,28,229,150,1,1
151,28,231,151,1,1
152,28,226,152,1,1
153,28,224,153,1,1
154,28,225,154,1,1
155,28,227,155,1,1
156,28,234,156,1,1
157,28,232,157,1,1
158,28,233,158,1,1
159,28,235,159,1,1
160,28,255,160,1,1
161,28,253,161,1,1
162,28,252,162,1,1
163,28,254,163,1,1
164,28,247,164,1,1
165,28,245,165,1,1
166,28,244,166,1,1
167,28,246,167,1,1
168,28,243,168,1,1
169,28,241,169,1,1
170,28,240,170,1,1
171,28,242,171,1,1
172,28,251,172,1,1
173,28,249,173,1,1
174,28,248,174,1,1
175,28,250,175,1,1
176,28,221,176,1,1
177,28,223,177,1,1
178,28,222,178,1,1
179,28,220,179,1,1
180,28,213,180,1,1
181,28,215,181,1,1
182,28,214,182,1,1
183,28,212,183,1,1
184,28,209,184,1,1
185,28,211,185,1,1
186,28,210,186,1,1
187,28,208,187,1,1
188,28,217,188,1,1
189,28,219,189,1,1
190,28,218,190,1,1
191,28,216,191,1,1
192,28,68,192,1,1
193,28,70,193,1,1
194,28,71,194,1,1
195,28,69,195,1,1
196,28,76,196,1,1
197,28,78,197,1,1
198,28,79,198,1,1
199,28,77,199,1,1
200,28,72,200,1,1
201,28,74,201,1,1
202,28,75,202,1,1
203,28,73,203,1,1
204,28,64,204,1,1
205,28,66,205,1,1
206,28,67,206,1,1
207,28,65,207,1,1
208,28,102,208,1,1
209,28,100,209,1,1
210,28,101,210,1,1
211,28,103,211,1,1
212,28,110,212,1,1
213,28,108,213,1,1
214,28,109,214,1,1
215,28,111,215,1,1
216,28,106,216,1,1
217,28,104,217,1,1
218,28,105,218,1,1
219,28,107,219,1,1
220,28,98,220,1,1
221,28,96,221,1,1
222,28,97,222,1,1
223,28,99,223,1,1
224,28,119,224,1,1
225,28,117,225,1,1
226,28,116,226,1,1
227,28,118,227,1,1
228,28,127,228,1,1
229,28,125,229,1,1
230,28,124,230,1,1
231,28,126,231,1,1
232,28,123,232,1,1
233,28,121,233,1,1
234,28,120,234,1,1
235,28,122,235,1,1
236,28,115,236,1,1
237,28,113,237,1,1
238,28,112,238,1,1
239,28,114,239,1,1
240,28,85,240,1,1
241,28,87,241,1,1
242,28,86,242,1,1
243,28,84,243,1,1
244,28,93,244,1,1
245,28,95,245,1,1
246,28,94,246,1,1
247,28,92,247,1,1
248,28,89,248,1,1
249,28,91,249,1,1
250,28,90,250,1,1
251,28,88,251,1,1
252,28,81,252,1,1
253,28,83,253,1,1
254,28,82,254,1,1
255,28,80,255,1,1
0,29,0,0,0,1
1,29,1,1,1,1
2,29,3,2,1,1
3,29,2,3,1,1
4,29,4,4,1,1
5,29,5,5,1,1
6,29,7,6,1,1
7,29,6,7,1,1
8,29,12,8,1,1
9,29,13,9,1,1
10,29,15,10,1,1
11,29,14,11,1,1
12,29,8,12,1,1
13,29,9,13,1,1
14,29,11,14,1,1
15,29,10,15,1,1
16,29,17,16,1,1
17,29,16,17,1,1
18,29,18,18,1,1
19,29,19,19,1,1
20,29,21,20,1,1
21,29,20,21,1,1
22,29,22,22,1,1
23,29,23,23,1,1
24,29,29,24,1,1
25,29,28,25,1,1
26,29,30,26,1,1
27,29,31,27,1,1
28,29,25,28,1,1
29,29,24,29,1,1
30,29,26,30,1,1
31,29,27,31,1,1
32,29,51,32,1,1
33,29,50,33,1,1
34,29,48,34,1,1
35,29,49,35,1,1
36,29,55,36,1,1
37,29,54,37,1,1
38,29,52,38,1,1
39,29,53,39,1,1
40,29,63,40,1,1
41,29,62,41,1,1
42,29,60,42,1,1
43,29,61,43,1,1
44,29,59,44,1,1
45,29,58,45,1,1
46,29,56,46,1,1
47,29,57,47,1,1
48,29,34,48,1,1
49,29,35,49,1,1
50,29,33,50,1,1
51,29,32,51,1,1
52,29,38,52,1,1
53,29,39,53,1,1
54,29,37,54,1,1
55,29,36,55,1,1
56,29,46,56,1,1
57,29,47,57,1,1
58,29,45,58,1,1
59,29,44,59,1,1
60,29,42,60,1,1
61,29,43,61,1,1
62,29,41,62,1,1
63,29,40,63,1,1
64,29,68,64,1,1
65,29,69,65,1,1
66,29,71,66,1,1
67,29,70,67,1,1
68,29,64,68,1,1
69,29,65,69,1,1
70,29,67,70,1,1
71,29,66,71,1,1
72,29,72,72,1,1
73,29,73,73,1,1
74,29,75,74,1,1
75,29,74,75,1,1
76,29,76,76,1,1
77,29,77,77,1,1
78,29,79,78,1,1
79,29,78,79,1,1
80,29,85,80,1,1
81,29,84,81,1,1
82,29,86,82,1,1
83,29,87,83,1,1
84,29,81,84,1,1
85,29,80,85,1,1
86,29,82,86,1,1
87,29,83,87,1,1
88,29,89,88,1,1
89,29,88,89,1,1
90,29,90,90,1,1
91,29,91,91,1,1
92,29,93,92,1,1
93,29,92,93,1,1
94,29,94,94,1,1
95,29,95,95,1,1
96,29,119,96,1,1
97,29,118,97,1,1
98,29,116,98,1,1
99,29,117,99,1,1
100,29,115,100,1,1
101,29,114,101,1,1
102,29,112,102,1,1
103,29,113,103,1,1
104,29,123,104,1,1
105,29,122,105,1,1
106,29,120,106,1,1
107,29,121,107,1,1
108,29,127,108,1,1
109,29,126,109,1,1
110,29,124,110,1,1
111,29,125,111,1,1
112,29,102,112,1,1
113,29,103,113,1,1
114,29,101,114,1,1
115,29,100,115,1,1
116,29,98,116,1,1
117,29,99,117,1,1
118,29,97,118,1,1
119,29,96,119,1,1
120,29,106,120,1,1
121,29,107,121,1,1
122,29,105,122,1,1
123,29,104,123,1,1
124,29,110,124,1,1
125,29,111,125,1,1
126,29,109,126,1,1
127,29,108,127,1,1
128,29,204,128,1,1
129,29,205,129,1,1
130,29,207,130,1,1
131,29,206,131,1,1
132,29,200,132,1,1
133,29,201,133,1,1
134,29,203,134,1,1
135,29,202,135,1,1
136,29,192,136,1,1
137,29,193,137,1,1
138,29,195,138,1,1
139,29,194,139,1,1
140,29,196,140,1,1
141,29,197,141,1,1
142,29,199,142,1,1
143,29,198,143,1,1
144,29,221,144,1,1
145,29,220,145,1,1
146,29,222,146,1,1
147,29,223,147,1,1
148,29,217,148,1,1
149,29,216,149,1,1
150,29,218,150,1,1
151,29,219,151,1,1
152,29,209,152,1,1
153,29,208,153,1,1
154,29,210,154,1,1
155,29,211,155,1,1
156,29,213,156,1,1
157,29,212,157,1,1
158,29,214,158,1,1
159,29,215,159,1,1
160,29,255,160,1,1
161,29,254,161,1,1
162,29,252,162,1,1
163,29,253,163,1,1
164,29,251,164,1,1
165,29,250,165,1,1
166,29,248,166,1,1
167,29,249,167,1,1
168,29,243,168,1,1
169,29,242,169,1,1
170,29,240,170,1,1
171,29,241,171,1,1
172,29,247,172,1,1
173,29,246,173,1,1
174,29,244,174,1,1
175,29,245,175,1,1
176,29,238,176,1,1
177,29,239,177,1,1
178,29,237,178,1,1
179,29,236,179,1,1
180,29,234,180,1,1
181,29,235,181,1,1
182,29,233,182,1,1
183,29,232,183,1,1
184,29,226,184,1,1
185,29,227,185,1,1
186,29,225,186,1,1
187,29,224,187,1,1
188,29,230,188,1,1
189,29,231,189,1,1
190,29,229,190,1,1
191,29,228,191,1,1
192,29,136,192,1,1
193,29,137,193,1,1
194,29,139,194,1,1
195,29,138,195,1,1
196,29,140,196,1,1
197,29,141,197,1,1
198,29,143,198,1,1
199,29,142,199,1,1
200,29,132,200,1,1
201,29,133,201,1,1
202,29,135,202,1,1
203,29,134,203,1,1
204,29,128,204,1,1
205,29,129,205,1,1
206,29,131,206,1,1
207,29,130,207,1,1
208,29,153,208,1,1
209,29,152,209,1,1
210,29,154,210,1,1
211,29,155,211,1,1
212,29,157,212,1,1
213,29,156,213,1,1
214,29,158,214,1,1
215,29,159,215,1,1
216,29,149,216,1,1
217,29,148,217,1,1
218,29,150,218,1,1
219,29,151,219,1,1
220,29,145,220,1,1
221,29,144,221,1,1
222,29,146,222,1,1
223,29,147,223,1,1
224,29,187,224,1,1
225,29,186,225,1,1
226,29,184,226,1,1
227,29,185,227,1,1
228,29,191,228,1,1
229,29,190,229,1,1
230,29,188,230,1,1
231,29,189,231,1,1
232,29,183,232,1,1
233,29,182,233,1,1
234,29,180,234,1,1
235,29,181,235,1,1
236,29,179,236,1,1
237,29,178,237,1,1
238,29,176,238,1,1
239,29,177,239,1,1
240,29,170,240,1,1
241,29,171,241,1,1
242,29,169,242,1,1
243,29,168,243,1,1
244,29,174,244,1,1
245,29,175,245,1,1
246,29,173,246,1,1
247,29,172,247,1,1
248,29,166,248,1,1
249,29,167,249,1,1
250,29,165,250,1,1
251,29,164,251,1,1
252,29,162,252,1,1
253,29,163,253,1,1
254,29,161,254,1,1
255,29,160,255,1,1
0,30,0,0,0,1
1,30,2,1,1,1
2,30,1,2,1,1
3,30,3,3,1,1
4,30,8,4,1,1
5,30,10,5,1,1
6,30,9,6,1,1
7,30,11,7,1,1
8,30,4,8,1,1
9,30,6,9,1,1
10,30,5,10,1,1
11,30,7,11,1,1
12,30,12,12,1,1
13,30,14,13,1,1
14,30,13,14,1,1
15,30,15,15,1,1
16,30,34,16,1,1
17,30,32,17,1,1
18,30,35,18,1,1
19,30,33,19,1,1
20,30,42,20,1,1
21,30,40,21,1,1
22,30,43,22,1,1
23,30,41,23,1,1
24,30,38,24,1,1
25,30,36,25,1,1
26,30,39,26,1,1
27,30,37,27,1,1
28,30,46,28,1,1
29,30,44,29,1,1
30,30,47,30,1,1
31,30,45,31,1,1
32,30,17,32,1,1
33,30,19,33,1,1
34,30,16,34,1,1
35,30,18,35,1,1
36,30,25,36,1,1
37,30,27,37,1,1
38,30,24,38,1,1
39,30,26,39,1,1
40,30,21,40,1,1
41,30,23,41,1,1
42,30,20,42,1,1
43,30,22,43,1,1
44,30,29,44,1,1
45,30,31,45,1,1
46,30,28,46,1,1
47,30,30,47,1,1
48,30,51,48,1,1
49,30,49,49,1,1
50,30,50,50,1,1
51,30,48,51,1,1
52,30,59,52,1,1
53,30,57,53,1,1
54,30,58,54,1,1
55,30,56,55,1,1
56,30,55,56,1,1
57,30,53,57,1,1
58,30,54,58,1,1
59,30,52,59,1,1
60,30,63,60,1,1
61,30,61,61,1,1
62,30,62,62,1,1
63,30,60,63,1,1
64,30,136,64,1,1
65,30,138,65,1,1
66,30,137,66,1,1
67,30,139,67,1,1
68,30,128,68,1,1
69,30,130,69,1,1
70,30,129,70,1,1
71,30,131,71,1,1
72,30,140,72,1,1
73,30,142,73,1,1
74,30,141,74,1,1
75,30,143,75,1,1
76,30,132,76,1,1
77,30,134,77,1,1
78,30,133,78,1,1
79,30,135,79,1,1
80,30,170,80,1,1
81,30,168,81,1,1
82,30,171,82,1,1
83,30,169,83,1,1
84,30,162,84,1,1
85,30,160,85,1,1
86,30,163,86,1,1
87,30,161,87,1,1
88,30,174,88,1,1
89,30,172,89,1,1
90,30,175,90,1,1
91,30,173,91,1,1
92,30,166,92,1,1
93,30,164,93,1,1
94,30,167,94,1,1
95,30,165,95,1,1
96,30,153,96,1,1
97,30,155,97,1,1
98,30,152,98,1,1
99,30,154,99,1,1
100,30,145,100,1,1
101,30,147,101,1,1
102,30,144,102,1,1
103,30,146,103,1,1
104,30,157,104,1,1
105,30,159,105,1,1
106,30,156,106,1,1
107,30,158,107,1,1
108,30,149,108,1,1
109,30,151,109,1,1
110,30,148,110,1,1
111,30,150,111,1,1
112,30,187,112,1,1
113,30,185,113,1,1
114,30,186,114,1,1
115,30,184,115,1,1
116,30,179,116,1,1
117,30,177,117,1,1
118,30,178,118,1,1
119,30,176,119,1,1
120,30,191,120,1,1
121,30,189,121,1,1
122,30,190,122,1,1
123,30,188,123,1,1
124,30,183,124,1,1
125,30,181,125,1,1
126,30,182,126,1,1
127,30,180,127,1,1
128,30,68,128,1,1
129,30,70,129,1,1
130,30,69,130,1,1
131,30,71,131,1,1
132,30,76,132,1,1
133,30,78,133,1,1
134,30,77,134,1,1
135,30,79,135,1,1
136,30,64,136,1,1
137,30,66,137,1,1
138,30,65,138,1,1
139,30,67,139,1,1
140,30,72,140,1,1
141,30,74,141,1,1
142,30,73,142,1,1
143,30,75,143,1,1
144,30,102,144,1,1
145,30,100,145,1,1
146,30,103,146,1,1
147,30,101,147,1,1
148,30,110,148,1,1
149,30,108,149,1,1
150,30,111,150,1,1
151,30,109,151,1,1
152,30,98,152,1,1
153,30,96,153,1,1
154,30,99,154,1,1
155,30,97,155,1,1
156,30,106,156,1,1
157,30,104,157,1,1
158,30,107,158,1,1
159,30,105,159,1,1
160,30,85,160,1,1
161,30,87,161,1,1
162,30,84,162,1,1
163,30,86,163,1,1
164,30,93,164,1,1
165,30,95,165,1,1
166,30,92,166,1,1
167,30,94,167,1,1
168,30,81,168,1,1
169,30,83,169,1,1
170,30,80,170,1,1
171,30,82,171,1,1
172,30,89,172,1,1
173,30,91,173,1,1
174,30,88,174,1,1
175,30,90,175,1,1
176,30,119,176,1,1
177,30,117,177,1,1
178,30,118,178,1,1
179,30,116,179,1,1
180,30,127,180,1,1
181,30,125,181,1,1
182,30,126,182,1,1
183,30,124,183,1,1
184,30,115,184,1,1
185,30,113,185,1,1
186,30,114,186,1,1
187,30,112,187,1,1
188,30,123,188,1,1
189,30,121,189,1,1
190,30,122,190,1,1
191,30,120,191,1,1
192,30,204,192,1,1
193,30,206,193,1,1
194,30,205,194,1,1
195,30,207,195,1,1
196,30,196,196,1,1
197,30,198,197,1,1
198,30,197,198,1,1
199,30,199,199,1,1
200,30,200,200,1,1
201,30,202,201,1,1
202,30,201,202,1,1
203,30,203,203,1,1
204,30,192,204,1,1
205,30,194,205,1,1
206,30,193,206,1,1
207,30,195,207,1,1
208,30,238,208,1,1
209,30,236,209,1,1
210,30,239,210,1,1
211,30,237,211,1,1
212,30,230,212,1,1
213,30,228,213,1,1
214,30,231,214,1,1
215,30,229,215,1,1
216,30,234,216,1,1
217,30,232,217,1,1
218,30,235,218,1,1
219,30,233,219,1,1
220,30,226,220,1,1
221,30,224,221,1,1
222,30,227,222,1,1
223,30,225,223,1,1
224,30,221,224,1,1
225,30,223,225,1,1
226,30,220,226,1,1
227,30,222,227,1,1
228,30,213,228,1,1
229,30,215,229,1,1
230,30,212,230,1,1
231,30,214,231,1,1
232,30,217,232,1,1
233,30,219,233,1,1
234,30,216,234,1,1
235,30,218,235,1,1
236,30,209,236,1,1
237,30,211,237,1,1
238,30,208,238,1,1
239,30,210,239,1,1
240,30,255,240,1,1
241,30,253,241,1,1
242,30,254,242,1,1
243,30,252,243,1,1
244,30,247,244,1,1
245,30,245,245,1,1
246,30,246,246,1,1
247,30,244,247,1,1
248,30,251,248,1,1
249,30,249,249,1,1
250,30,250,250,1,1
251,30,248,251,1,1
252,30,243,252,1,1
253,30,241,253,1,1
254,30,242,254,1,1
255,30,240,255,1,1
0,31,0,0,0,1
1,31,1,1,1,1
2,31,2,2,1,1
3,31,3,3,1,1
4,31,4,4,1,1
5,31,5,5,1,1
6,31,6,6,1,1
7,31,7,7,1,1
8,31,8,8,1,1
9,31,9,9,1,1
10,31,10,10,1,1
11,31,11,11,1,1
12,31,12,12,1,1
13,31,13,13,1,1
14,31,14,14,1,1
15,31,15,15,1,1
16,31,17,16,1,1
17,31,16,17,1,1
18,31,19,18,1,1
19,31,18,19,1,1
20,31,21,20,1,1
21,31,20,21,1,1
22,31,23,22,1,1
23,31,22,23,1,1
24,31,25,24,1,1
25,31,24,25,1,1
26,31,27,26,1,1
27,31,26,27,1,1
28,31,29,28,1,1
29,31,28,29,1,1
30,31,31,30,1,1
31,31,30,31,1,1
32,31,34,32,1,1
33,31,35,33,1,1
34,31,32,34,1,1
35,31,33,35,1,1
36,31,38,36,1,1
37,31,39,37,1,1
38,31,36,38,1,1
39,31,37,39,1,1
40,31,42,40,1,1
41,31,43,41,1,1
42,31,40,42,1,1
43,31,41,43,1,1
44,31,46,44,1,1
45,31,47,45,1,1
46,31,44,46,1,1
47,31,45,47,1,1
48,31,51,48,1,1
49,31,50,49,1,1
50,31,49,50,1,1
51,31,48,51,1,1
52,31,55,52,1,1
53,31,54,53,1,1
54,31,53,54,1,1
55,31,52,55,1,1
56,31,59,56,1,1
57,31,58,57,1,1
58,31,57,58,1,1
59,31,56,59,1,1
60,31,63,60,1,1
61,31,62,61,1,1
62,31,61,62,1,1
63,31,60,63,1,1
64,31,68,64,1,1
65,31,69,65,1,1
66,31,70,66,1,1
67,31,71,67,1,1
68,31,64,68,1,1
69,31,65,69,1,1
70,31,66,70,1,1
71,31,67,71,1,1
72,31,76,72,1,1
73,31,77,73,1,1
74,31,78,74,1,1
75,31,79,75,1,1
76,31,72,76,1,1
77,31,73,77,1,1
78,31,74,78,1,1
79,31,75,79,1,1
80,31,85,80,1,1
81,31,84,81,1,1
82,31,87,82,1,1
83,31,86,83,1,1
84,31,81,84,1,1
85,31,80,85,1,1
86,31,83,86,1,1
87,31,82,87,1,1
88,31,93,88,1,1
89,31,92,89,1,1
90,31,95,90,1,1
91,31,94,91,1,1
92,31,89,92,1,1
93,31,88,93,1,1
94,31,91,94,1,1
95,31,90,95,1,1
96,31,102,96,1,1
97,31,103,97,1,1
98,31,100,98,1,1
99,31,101,99,1,1
100,31,98,100,1,1
101,31,99,101,1,1
102,31,96,102,1,1
103,31,97,103,1,1
104,31,110,104,1,1
105,31,111,105,1,1
106,31,108,106,1,1
107,31,109,107,1,1
108,31,106,108,1,1
109,31,107,109,1,1
110,31,104,110,1,1
111,31,105,111,1,1
112,31,119,112,1,1
113,31,118,113,1,1
114,31,117,114,1,1
115,31,116,115,1,1
116,31,115,116,1,1
117,31,114,117,1,1
118,31,113,118,1,1
119,31,112,119,1,1
120,31,127,120,1,1
121,31,126,121,1,1
122,31,125,122,1,1
123,31,124,123,1,1
124,31,123,124,1,1
125,31,122,125,1,1
126,31,121,126,1,1
127,31,120,127,1,1
128,31,136,128,1,1
129,31,137,129,1,1
130,31,138,130,1,1
131,31,139,131,1,1
132,31,140,132,1,1
133,31,141,133,1,1
134,31,142,134,1,1
135,31,143,135,1,1
136,31,128,136,1,1
137,31,129,137,1,1
138,31,130,138,1,1
139,31,131,139,1,1
140,31,132,140,1,1
141,31,133,141,1,1
142,31,134,142,1,1
143,31,135,143,1,1
144,31,153,144,1,1
145,31,152,145,1,1
146,31,155,146,1,1
147,31,154,147,1,1
148,31,157,148,1,1
149,31,156,149,1,1
150,31,159,150,1,1
151,31,158,151,1,1
152,31,145,152,1,1
153,31,144,153,1,1
154,31,147,154,1,1
155,31,146,155,1,1
156,31,149,156,1,1
157,31,148,157,1,1
158,31,151,158,1,1
159,31,150,159,1,1
160,31,170,160,1,1
161,31,171,161,1,1
162,31,168,162,1,1
163,31,169,163,1,1
164,31,174,164,1,1
165,31,175,165,1,1
166,31,172,166,1,1
167,31,173,167,1,1
168,31,162,168,1,1
169,31,163,169,1,1
170,31,160,170,1,1
171,31,161,171,1,1
172,31,166,172,1,1
173,31,167,173,1,1
174,31,164,174,1,1
175,31,165,175,1,1
176,31,187,176,1,1
177,31,186,177,1,1
178,31,185,178,1,1
179,31,184,179,1,1
180,31,191,180,1,1
181,31,190,181,1,1
182,31,189,182,1,1
183,31,188,183,1,1
184,31,179,184,1,1
185,31,178,185,1,1
186,31,177,186,1,1
187,31,176,187,1,1
188,31,183,188,1,1
189,31,182,189,1,1
190,31,181,190,1,1
191,31,180,191,1,1
192,31,204,192,1,1
193,31,205,193,1,1
194,31,206,194,1,1
195,31,207,195,1,1
196,31,200,196,1,1
197,31,201,197,1,1
198,31,202,198,1,1
199,31,203,199,1,1
200,31,196,200,1,1
201,31,197,201,1,1
202,31,198,202,1,1
203,31,199,203,1,1
204,31,192,204,1,1
205,31,193,205,1,1
206,31,194,206,1,1
207,31,195,207,1,1
208,31,221,208,1,1
209,31,220,209,1,1
210,31,223,210,1,1
211,31,222,211,1,1
212,31,217,212,1,1
213,31,216,213,1,1
214,31,219,214,1,1
215,31,218,215,1,1
216,31,213,216,1,1
217,31,212,217,1,1
218,31,215,218,1,1
219,31,214,219,1,1
220,31,209,220,1,1
221,31,208,221,1,1
222,31,211,222,1,1
223,31,210,223,1,1
224,31,238,224,1,1
225,31,239,225,1,1
226,31,236,226,1,1
227,31,237,227,1,1
228,31,234,228,1,1
229,31,235,229,1,1
230,31,232,230,1,1
231,31,233,231,1,1
232,31,230,232,1,1
233,31,231,233,1,1
234,31,228,234,1,1
235,31,229,235,1,1
236,31,226,236,1,1
237,31,227,237,1,1
238,31,224,238,1,1
239,31,225,239,1,1
240,31,255,240,1,1
241,31,254,241,1,1
242,31,253,242,1,1
243,31,252,243,1,1
244,31,251,244,1,1
245,31,250,245,1,1
246,31,249,246,1,1
247,31,248,247,1,1
248,31,247,248,1,1
249,31,246,249,1,1
250,31,245,250,1,1
251,31,244,251,1,1
252,31,243,252,1,1
253,31,242,253,1,1
254,31,241,254,1,1
255,31,240,255,1,1
0,32,0,0,0,1
1,32,128,1,1,1
2,32,192,2,1,1
3,32,64,3,1,1
4,32,160,4,1,1
5,32,32,5,1,1
6,32,96,6,1,1
7,32,224,7,1,1
8,32,240,8,1,1
9,32,112,9,1,1
10,32,48,10,1,1
11,32,176,11,1,1
12,32,80,12,1,1
13,32,208,13,1,1
14,32,144,14,1,1
15,32,16,15,1,1
16,32,8,16,1,1
17,32,136,17,1,1
18,32,200,18,1,1
19,32,72,19,1,1
20,32,168,20,1,1
21,32,40,21,1,1
22,32,104,22,1,1
23,32,232,23,1,1
24,32,248,24,1,1
25,32,120,25,1,1
26,32,56,26,1,1
27,32,184,27,1,1
28,32,88,28,1,1
29,32,216,29,1,1
30,32,152,30,1,1
31,32,24,31,1,1
32,32,12,32,1,1
33,32,140,33,1,1
34,32,204,34,1,1
35,32,76,35,1,1
36,32,172,36,1,1
37,32,44,37,1,1
38,32,108,38,1,1
39,32,236,39,1,1
40,32,252,40,1,1
41,32,124,41,1,1
42,32,60,42,1,1
43,32,188,43,1,1
44,32,92,44,1,1
45,32,220,45,1,1
46,32,156,46,1,1
47,32,28,47,1,1
48,32,4,48,1,1
49,32,132,49,1,1
50,32,196,50,1,1
51,32,68,51,1,1
52,32,164,52,1,1
53,32,36,53,1,1
54,32,100,54,1,1
55,32,228,55,1,1
56,32,244,56,1,1
57,32,116,57,1,1
58,32,52,58,1,1
59,32,180,59,1,1
60,32,84,60,1,1
61,32,212,61,1,1
62,32,148,62,1,1
63,32,20,63,1,1
64,32,10,64,1,1
65,32,138,65,1,1
66,32,202,66,1,1
67,32,74,67,1,1
68,32,170,68,1,1
69,32,42,69,1,1
70,32,106,70,1,1
71,32,234,71,1,1
72,32,250,72,1,1
73,32,122,73,1,1
74,32,58,74,1,1
75,32,186,75,1,1
76,32,90,76,1,1
77,32,218,77,1,1
78,32,154,78,1,1
79,32,26,79,1,1
80,32,2,80,1,1
81,32,130,81,1,1
82,32,194,82,1,1
83,32,66,83,1,1
84,32,162,84,1,1
85,32,34,85,1,1
86,32,98,86,1,1
87,32,226,87,1,1
88,32,242,88,1,1
89,32,114,89,1,1
90,32,50,90,1,1
91,32,178,91,1,1
92,32,82,92,1,1
93,32,210,93,1,1
94,32,146,94,1,1
95,32,18,95,1,1
96,32,6,96,1,1
97,32,134,97,1,1
98,32,198,98,1,1
99,32,70,99,1,1
100,32,166,100,1,1
101,32,38,101,1,1
102,32,102,102,1,1
103,32,230,103,1,1
104,32,246,104,1,1
105,32,118,105,1,1
106,32,54,106,1,1
107,32,182,107,1,1
108,32,86,108,1,1
109,32,214,109,1,1
110,32,150,110,1,1
111,32,22,111,1,1
112,32,14,112,1,1
113,32,142,113,1,1
114,32,206,114,1,1
115,32,78,115,1,1
116,32,174,116,1,1
117,32,46,117,1,1
118,32,110,118,1,1
119,32,238,119,1,1
120,32,254,120,1,1
121,32,126,121,1,1
122,32,62,122,1,1
123,32,190,123,1,1
124,32,94,124,1,1
125,32,222,125,1,1
126,32,158,126,1,1
127,32,30,127,1,1
128,32,15,128,1,1
129,32,143,129,1,1
130,32,207,130,1,1
131,32,79,131,1,1
132,32,175,132,1,1
133,32,47,133,1,1
134,32,111,134,1,1
135,32,239,135,1,1
136,32,255,136,1,1
137,32,127,137,1,1
138,32,63,138,1,1
139,32,191,139,1,1
140,32,95,140,1,1
141,32,223,141,1,1
142,32,159,142,1,1
143,32,31,143,1,1
144,32,7,144,1,1
145,32,135,145,1,1
146,32,199,146,1,1
147,32,71,147,1,1
148,32,167,148,1,1
149,32,39,149,1,1
150,32,103,150,1,1
151,32,231,151,1,1
152,32,247,152,1,1
153,32,119,153,1,1
154,32,55,154,1,1
155,32,183,155,1,1
156,32,87,156,1,1
157,32,215,157,1,1
158,32,151,158,1,1
159,32,23,159,1,1
160,32,3,160,1,1
161,32,131,161,1,1
162,32,195,162,1,1
163,32,67,163,1,1
164,32,163,164,1,1
165,32,35,165,1,1
166,32,99,166,1,1
167,32,227,167,1,1
168,32,243,168,1,1
169,32,115,169,1,1
170,32,51,170,1,1
171,32,179,171,1,1
172,32,83,172,1,1
173,32,211,173,1,1
174,32,147,174,1,1
175,32,19,175,1,1
176,32,11,176,1,1
177,32,139,177,1,1
178,32,203,178,1,1
179,32,75,179,1,1
180,32,171,180,1,1
181,32,43,181,1,1
182,32,107,182,1,1
183,32,235,183,1,1
184,32,251,184,1,1
185,32,123,185,1,1
186,32,59,186,1,1
187,32,187,187,1,1
188,32,91,188,1,1
189,32,219,189,1,1
190,32,155,190,1,1
191,32,27,191,1,1
192,32,5,192,1,1
193,32,133,193,1,1
194,32,197,194,1,1
195,32,69,195,1,1
196,32,165,196,1,1
197,32,37,197,1,1
198,32,101,198,1,1
199,32,229,199,1,1
200,32,245,200,1,1
201,32,117,201,1,1
202,32,53,202,1,1
203,32,181,203,1,1
204,32,85,204,1,1
205,32,213,205,1,1
206,32,149,206,1,1
207,32,21,207,1,1
208,32,13,208,1,1
209,32,141,209,1,1
210,32,205,210,1,1
211,32,77,211,1,1
212,32,173,212,1,1
213,32,45,213,1,1
214,32,109,214,1,1
215,32,237,215,1,1
216,32,253,216,1,1
217,32,125,217,1,1
218,32,61,218,1,1
219,32,189,219,1,1
220,32,93,220,1,1
221,32,221,221,1,1
222,32,157,222,1,1
223,32,29,223,1,1
224,32,9,224,1,1
225,32,137,225,1,1
226,32,201,226,1,1
227,32,73,227,1,1
228,32,169,228,1,1
229,32,41,229,1,1
230,32,105,230,1,1
231,32,233,231,1,1
232,32,249,232,1,1
233,32,121,233,1,1
234,32,57,234,1,1
235,32,185,235,1,1
236,32,89,236,1,1
237,32,217,237,1,1
238,32,153,238,1,1
239,32,25,239,1,1
240,32,1,240,1,1
241,32,129,241,1,1
242,32,193,242,1,1
243,32,65,243,1,1
244,32,161,244,1,1
245,32,33,245,1,1
246,32,97,246,1,1
247,32,225,247,1,1
248,32,241,248,1,1
249,32,113,249,1,1
250,32,49,250,1,1
251,32,177,251,1,1
252,32,81,252,1,1
253,32,209,253,1,1
254,32,145,254,1,1
255,32,17,255,1,1
0,33,0,0,0,1
1,33,64,1,1,1
2,33,192,2,1,1
3,33,128,3,1,1
4,33,80,4,1,1
5,33,16,5,1,1
6,33,144,6,1,1
7,33,208,7,1,1
8,33,240,8,1,1
9,33,176,9,1,1
10,33,48,10,1,1
11,33,112,11,1,1
12,33,160,12,1,1
13,33,224,13,1,1
14,33,96,14,1,1
15,33,32,15,1,1
16,33,4,16,1,1
17,33,68,17,1,1
18,33,196,18,1,1
19,33,132,19,1,1
20,33,84,20,1,1
21,33,20,21,1,1
22,33,148,22,1,1
23,33,212,23,1,1
24,33,244,24,1,1
25,33,180,25,1,1
26,33,52,26,1,1
27,33,116,27,1,1
28,33,164,28,1,1
29,33,228,29,1,1
30,33,100,30,1,1
31,33,36,31,1,1
32,33,12,32,1,1
33,33,76,33,1,1
34,33,204,34,1,1
35,33,140,35,1,1
36,33,92,36,1,1
37,33,28,37,1,1
38,33,156,38,1,1
39,33,220,39,1,1
40,33,252,40,1,1
41,33,188,41,1,1
42,33,60,42,1,1
43,33,124,43,1,1
44,33,172,44,1,1
45,33,236,45,1,1
46,33,108,46,1,1
47,33,44,47,1,1
48,33,8,48,1,1
49,33,72,49,1,1
50,33,200,50,1,1
51,33,136,51,1,1
52,33,88,52,1,1
53,33,24,53,1,1
54,33,152,54,1,1
55,33,216,55,1,1
56,33,248,56,1,1
57,33,184,57,1,1
58,33,56,58,1,1
59,33,120,59,1,1
60,33,168,60,1,1
61,33,232,61,1,1
62,33,104,62,1,1
63,33,40,63,1,1
64,33,5,64,1,1
65,33,69,65,1,1
66,33,197,66,1,1
67,33,133,67,1,1
68,33,85,68,1,1
69,33,21,69,1,1
70,33,149,70,1,1
71,33,213,71,1,1
72,33,245,72,1,1
73,33,181,73,1,1
74,33,53,74,1,1
75,33,117,75,1,1
76,33,165,76,1,1
77,33,229,77,1,1
78,33,101,78,1,1
79,33,37,79,1,1
80,33,1,80,1,1
81,33,65,81,1,1
82,33,193,82,1,1
83,33,129,83,1,1
84,33,81,84,1,1
85,33,17,85,1,1
86,33,145,86,1,1
87,33,209,87,1,1
88,33,241,88,1,1
89,33,177,89,1,1
90,33,49,90,1,1
91,33,113,91,1,1
92,33,161,92,1,1
93,33,225,93,1,1
94,33,97,94,1,1
95,33,33,95,1,1
96,33,9,96,1,1
97,33,73,97,1,1
98,33,201,98,1,1
99,33,137,99,1,1
100,33,89,100,1,1
101,33,25,101,1,1
102,33,153,102,1,1
103,33,217,103,1,1
104,33,249,104,1,1
105,33,185,105,1,1
106,33,57,106,1,1
107,33,121,107,1,1
108,33,169,108,1,1
109,33,233,109,1,1
110,33,105,110,1,1
111,33,41,111,1,1
112,33,13,112,1,1
113,33,77,113,1,1
114,33,205,114,1,1
115,33,141,115,1,1
116,33,93,116,1,1
117,33,29,117,1,1
118,33,157,118,1,1
119,33,221,119,1,1
120,33,253,120,1,1
121,33,189,121,1,1
122,33,61,122,1,1
123,33,125,123,1,1
124,33,173,124,1,1
125,33,237,125,1,1
126,33,109,126,1,1
127,33,45,127,1,1
128,33,15,128,1,1
129,33,79,129,1,1
130,33,207,130,1,1
131,33,143,131,1,1
132,33,95,132,1,1
133,33,31,133,1,1
134,33,159,134,1,1
135,33,223,135,1,1
136,33,255,136,1,1
137,33,191,137,1,1
138,33,63,138,1,1
139,33,127,139,1,1
140,33,175,140,1,1
141,33,239,141,1,1
142,33,111,142,1,1
143,33,47,143,1,1
144,33,11,144,1,1
145,33,75,145,1,1
146,33,203,146,1,1
147,33,139,147,1,1
148,33,91,148,1,1
149,33,27,149,1,1
150,33,155,150,1,1
151,33,219,151,1,1
152,33,251,152,1,1
153,33,187,153,1,1
154,33,59,154,1,1
155,33,123,155,1,1
156,33,171,156,1,1
157,33,235,157,1,1
158,33,107,158,1,1
159,33,43,159,1,1
160,33,3,160,1,1
161,33,67,161,1,1
162,33,195,162,1,1
163,33,131,163,1,1
164,33,83,164,1,1
165,33,19,165,1,1
166,33,147,166,1,1
167,33,211,167,1,1
168,33,243,168,1,1
169,33,179,169,1,1
170,33,51,170,1,1
171,33,115,171,1,1
172,33,163,172,1,1
173,33,227,173,1,1
174,33,99,174,1,1
175,33,35,175,1,1
176,33,7,176,1,1
177,33,71,177,1,1
178,33,199,178,1,1
179,33,135,179,1,1
180,33,87,180,1,1
181,33,23,181,1,1
182,33,151,182,1,1
183,33,215,183,1,1
184,33,247,184,1,1
185,33,183,185,1,1
186,33,55,186,1,1
187,33,119,187,1,1
188,33,167,188,1,1
189,33,231,189,1,1
190,33,103,190,1,1
191,33,39,191,1,1
192,33,10,192,1,1
193,33,74,193,1,1
194,33,202,194,1,1
195,33,138,195,1,1
196,33,90,196,1,1
197,33,26,197,1,1
198,33,154,198,1,1
199,33,218,199,1,1
200,33,250,200,1,1
201,33,186,201,1,1
202,33,58,202,1,1
203,33,122,203,1,1
204,33,170,204,1,1
205,33,234,205,1,1
206,33,106,206,1,1
207,33,42,207,1,1
208,33,14,208,1,1
209,33,78,209,1,1
210,33,206,210,1,1
211,33,142,211,1,1
212,33,94,212,1,1
213,33,30,213,1,1
214,33,158,214,1,1
215,33,222,215,1,1
216,33,254,216,1,1
217,33,190,217,1,1
218,33,62,218,1,1
219,33,126,219,1,1
220,33,174,220,1,1
221,33,238,221,1,1
222,33,110,222,1,1
223,33,46,223,1,1
224,33,6,224,1,1
225,33,70,225,1,1
226,33,198,226,1,1
227,33,134,227,1,1
228,33,86,228,1,1
229,33,22,229,1,1
230,33,150,230,1,1
231,33,214,231,1,1
232,33,246,232,1,1
233,33,182,233,1,1
234,33,54,234,1,1
235,33,118,235,1,1
236,33,166,236,1,1
237,33,230,237,1,1
238,33,102,238,1,1
239,33,38,239,1,1
240,33,2,240,1,1
241,33,66,241,1,1
242,33,194,242,1,1
243,33,130,243,1,1
244,33,82,244,1,1
245,33,18,245,1,1
246,33,146,246,1,1
247,33,210,247,1,1
248,33,242,248,1,1
249,33,178,249,1,1
250,33,50,250,1,1
251,33,114,251,1,1
252,33,162,252,1,1
253,33,226,253,1,1
254,33,98,254,1,1
255,33,34,255,1,1
0,34,0,0,0,1
1,34,128,1,1,1
2,34,64,2,1,1
3,34,192,3,1,1
4,34,160,4,1,1
5,34,32,5,1,1
6,34,224,6,1,1
7,34,96,7,1,1
8,34,80,8,1,1
9,34,208,9,1,1
10,34,16,10,1,1
11,34,144,11,1,1
12,34,240,12,1,1
13,34,112,13,1,1
14,34,176,14,1,1
15,34,48,15,1,1
16,34,8,16,1,1
17,34,136,17,1,1
18,34,72,18,1,1
19,34,200,19,1,1
20,34,168,20,1,1
21,34,40,21,1,1
22,34,232,22,1,1
23,34,104,23,1,1
24,34,88,24,1,1
25,34,216,25,1,1
26,34,24,26,1,1
27,34,152,27,1,1
28,34,248,28,1,1
29,34,120,29,1,1
30,34,184,30,1,1
31,34,56,31,1,1
32,34,4,32,1,1
33,34,132,33,1,1
34,34,68,34,1,1
35,34,196,35,1,1
36,34,164,36,1,1
37,34,36,37,1,1
38,34,228,38,1,1
39,34,100,39,1,1
40,34,84,40,1,1
41,34,212,41,1,1
42,34,20,42,1,1
43,34,148,43,1,1
44,34,244,44,1,1
45,34,116,45,1,1
46,34,180,46,1,1
47,34,52,47,1,1
48,34,12,48,1,1
49,34,140,49,1,1
50,34,76,50,1,1
51,34,204,51,1,1
52,34,172,52,1,1
53,34,44,53,1,1
54,34,236,54,1,1
55,34,108,55,1,1
56,34,92,56,1,1
57,34,220,57,1,1
58,34,28,58,1,1
59,34,156,59,1,1
60,34,252,60,1,1
61,34,124,61,1,1
62,34,188,62,1,1
63,34,60,63,1,1
64,34,10,64,1,1
65,34,138,65,1,1
66,34,74,66,1,1
67,34,202,67,1,1
68,34,170,68,1,1
69,34,42,69,1,1
70,34,234,70,1,1
71,34,106,71,1,1
72,34,90,72,1,1
73,34,218,73,1,1
74,34,26,74,1,1
75,34,154,75,1,1
76,34,250,76,1,1
77,34,122,77,1,1
78,34,186,78,1,1
79,34,58,79,1,1
80,34,2,80,1,1
81,34,130,81,1,1
82,34,66,82,1,1
83,34,194,83,1,1
84,34,162,84,1,1
85,34,34,85,1,1
86,34,226,86,1,1
87,34,98,87,1,1
88,34,82,88,1,1
89,34,210,89,1,1
90,34,18,90,1,1
91,34,146,91,1,1
92,34,242,92,1,1
93,34,114,93,1,1
94,34,178,94,1,1
95,34,50,95,1,1
96,34,14,96,1,1
97,34,142,97,1,1
98,34,78,98,1,1
99,34,206,99,1,1
100,34,174,100,1,1
101,34,46,101,1,1
102,34,238,102,1,1
103,34,110,103,1,1
104,34,94,104,1,1
105,34,222,105,1,1
106,34,30,106,1,1
107,34,158,107,1,1
108,34,254,108,1,1
109,34,126,109,1,1
110,34,190,110,1,1
111,34,62,111,1,1
112,34,6,112,1,1
113,34,134,113,1,1
114,34,70,114,1,1
115,34,198,115,1,1
116,34,166,116,1,1
117,34,38,117,1,1
118,34,230,118,1,1
119,34,102,119,1,1
120,34,86,120,1,1
121,34,214,121,1,1
122,34,22,122,1,1
123,34,150,123,1,1
124,34,246,124,1,1
125,34,118,125,1,1
126,34,182,126,1,1
127,34,54,127,1,1
128,34,5,128,1,1
129,34,133,129,1,1
130,34,69,130,1,1
131,34,197,131,1,1
132,34,165,132,1,1
133,34,37,133,1,1
134,34,229,134,1,1
135,34,101,135,1,1
136,34,85,136,1,1
137,34,213,137,1,1
138,34,21,138,1,1
139,34,149,139,1,1
140,34,245,140,1,1
141,34,117,141,1,1
142,34,181,142,1,1
143,34,53,143,1,1
144,34,13,144,1,1
145,34,141,145,1,1
146,34,77,146,1,1
147,34,205,147,1,1
148,34,173,148,1,1
149,34,45,149,1,1
150,34,237,150,1,1
151,34,109,151,1,1
152,34,93,152,1,1
153,34,221,153,1,1
154,34,29,154,1,1
155,34,157,155,1,1
156,34,253,156,1,1
157,34,125,157,1,1
158,34,189,158,1,1
159,34,61,159,1,1
160,34,1,160,1,1
161,34,129,161,1,1
162,34,65,162,1,1
163,34,193,163,1,1
164,34,161,164,1,1
165,34,33,165,1,1
166,34,225,166,1,1
167,34,97,167,1,1
168,34,81,168,1,1
169,34,209,169,1,1
170,34,17,170,1,1
171,34,145,171,1,1
172,34,241,172,1,1
173,34,113,173,1,1
174,34,177,174,1,1
175,34,49,175,1,1
176,34,9,176,1,1
177,34,137,177,1,1
178,34,73,178,1,1
179,34,201,179,1,1
180,34,169,180,1,1
181,34,41,181,1,1
182,34,233,182,1,1
183,34,105,183,1,1
184,34,89,184,1,1
185,34,217,185,1,1
186,34,25,186,1,1
187,34,153,187,1,1
188,34,249,188,1,1
189,34,121,189,1,1
190,34,185,190,1,1
191,34,57,191,1,1
192,34,15,192,1,1
193,34,143,193,1,1
194,34,79,194,1,1
195,34,207,195,1,1
196,34,175,196,1,1
197,34,47,197,1,1
198,34,239,198,1,1
199,34,111,199,1,1
200,34,95,200,1,1
201,34,223,201,1,1
202,34,31,202,1,1
203,34,159,203,1,1
204,34,255,204,1,1
205,34,127,205,1,1
206,34,191,206,1,1
207,34,63,207,1,1
208,34,7,208,1,1
209,34,135,209,1,1
210,34,71,210,1,1
211,34,199,211,1,1
212,34,167,212,1,1
213,34,39,213,1,1
214,34,231,214,1,1
215,34,103,215,1,1
216,34,87,216,1,1
217,34,215,217,1,1
218,34,23,218,1,1
219,34,151,219,1,1
220,34,247,220,1,1
221,34,119,221,1,1
222,34,183,222,1,1
223,34,55,223,1,1
224,34,11,224,1,1
225,34,139,225,1,1
226,34,75,226,1,1
227,34,203,227,1,1
228,34,171,228,1,1
229,34,43,229,1,1
230,34,235,230,1,1
231,34,107,231,1,1
232,34,91,232,1,1
233,34,219,233,1,1
234,34,27,234,1,1
235,34,155,235,1,1
236,34,251,236,1,1
237,34,123,237,1,1
238,34,187,238,1,1
239,34,59,239,1,1
240,34,3,240,1,1
241,34,131,241,1,1
242,34,67,242,1,1
243,34,195,243,1,1
244,34,163,244,1,1
245,34,35,245,1,1
246,34,227,246,1,1
247,34,99,247,1,1
248,34,83,248,1,1
249,34,211,249,1,1
250,34,19,250,1,1
251,34,147,251,1,1
252,34,243,252,1,1
253,34,115,253,1,1
254,34,179,254,1,1
255,34,51,255,1,1
0,35,0,0,0,1
1,35,64,1,1,1
2,35,128,2,1,1
3,35,192,3,1,1
4,35,80,4,1,1
5,35,16,5,1,1
6,35,208,6,1,1
7,35,144,7,1,1
8,35,160,8,1,1
9,35,224,9,1,1
10,35,32,10,1,1
11,35,96,11,1,1
12,35,240,12,1,1
13,35,176,13,1,1
14,35,112,14,1,1
15,35,48,15,1,1
16,35,4,16,1,1
17,35,68,17,1,1
18,35,132,18,1,1
19,35,196,19,1,1
20,35,84,20,1,1
21,35,20,21,1,1
22,35,212,22,1,1
23,35,148,23,1,1
24,35,164,24,1,1
25,35,228,25,1,1
26,35,36,26,1,1
27,35,100,27,1,1
28,35,244,28,1,1
29,35,180,29,1,1
30,35,116,30,1,1
31,35,52,31,1,1
32,35,8,32,1,1
33,35,72,33,1,1
34,35,136,34,1,1
35,35,200,35,1,1
36,35,88,36,1,1
37,35,24,37,1,1
38,35,216,38,1,1
39,35,152,39,1,1
40,35,168,40,1,1
41,35,232,41,1,1
42,35,40,42,1,1
43,35,104,43,1,1
44,35,248,44,1,1
45,35,184,45,1,1
46,35,120,46,1,1
47,35,56,47,1,1
48,35,12,48,1,1
49,35,76,49,1,1
50,35,140,50,1,1
51,35,204,51,1,1
52,35,92,52,1,1
53,35,28,53,1,1
54,35,220,54,1,1
55,35,156,55,1,1
56,35,172,56,1,1
57,35,236,57,1,1
58,35,44,58,1,1
59,35,108,59,1,1
60,35,252,60,1,1
61,35,188,61,1,1
62,35,124,62,1,1
63,35,60,63,1,1
64,35,5,64,1,1
65,35,69,65,1,1
66,35,133,66,1,1
67,35,197,67,1,1
68,35,85,68,1,1
69,35,21,69,1,1
70,35,213,70,1,1
71,35,149,71,1,1
72,35,165,72,1,1
73,35,229,73,1,1
74,35,37,74,1,1
75,35,101,75,1,1
76,35,245,76,1,1
77,35,181,77,1,1
78,35,117,78,1,1
79,35,53,79,1,1
80,35,1,80,1,1
81,35,65,81,1,1
82,35,129,82,1,1
83,35,193,83,1,1
84,35,81,84,1,1
85,35,17,85,1,1
86,35,209,86,1,1
87,35,145,87,1,1
88,35,161,88,1,1
89,35,225,89,1,1
90,35,33,90,1,1
91,35,97,91,1,1
92,35,241,92,1,1
93,35,177,93,1,1
94,35,113,94,1,1
95,35,49,95,1,1
96,35,13,96,1,1
97,35,77,97,1,1
98,35,141,98,1,1
99,35,205,99,1,1
100,35,93,100,1,1
101,35,29,101,1,1
102,35,221,102,1,1
103,35,157,103,1,1
104,35,173,104,1,1
105,35,237,105,1,1
106,35,45,106,1,1
107,35,109,107,1,1
108,35,253,108,1,1
109,35,189,109,1,1
110,35,125,110,1,1
111,35,61,111,1,1
112,35,9,112,1,1
113,35,73,113,1,1
114,35,137,114,1,1
115,35,201,115,1,1
116,35,89,116,1,1
117,35,25,117,1,1
118,35,217,118,1,1
119,35,153,119,1,1
120,35,169,120,1,1
121,35,233,121,1,1
122,35,41,122,1,1
123,35,105,123,1,1
124,35,249,124,1,1
125,35,185,125,1,1
126,35,121,126,1,1
127,35,57,127,1,1
128,35,10,128,1,1
129,35,74,129,1,1
130,35,138,130,1,1
131,35,202,131,1,1
132,35,90,132,1,1
133,35,26,133,1,1
134,35,218,134,1,1
135,35,154,135,1,1
136,35,170,136,1,1
137,35,234,137,1,1
138,35,42,138,1,1
139,35,106,139,1,1
140,35,250,140,1,1
141,35,186,141,1,1
142,35,122,142,1,1
143,35,58,143,1,1
144,35,14,144,1,1
145,35,78,145,1,1
146,35,142,146,1,1
147,35,206,147,1,1
148,35,94,148,1,1
149,35,30,149,1,1
150,35,222,150,1,1
151,35,158,151,1,1
152,35,174,152,1,1
153,35,238,153,1,1
154,35,46,154,1,1
155,35,110,155,1,1
156,35,254,156,1,1
157,35,190,157,1,1
158,35,126,158,1,1
159,35,62,159,1,1
160,35,2,160,1,1
161,35,66,161,1,1
162,35,130,162,1,1
163,35,194,163,1,1
164,35,82,164,1,1
165,35,18,165,1,1
166,35,210,166,1,1
167,35,146,167,1,1
168,35,162,168,1,1
169,35,226,169,1,1
170,35,34,170,1,1
171,35,98,171,1,1
172,35,242,172,1,1
173,35,178,173,1,1
174,35,114,174,1,1
175,35,50,175,1,1
176,35,6,176,1,1
177,35,70,177,1,1
178,35,134,178,1,1
179,35,198,179,1,1
180,35,86,180,1,1
181,35,22,181,1,1
182,35,214,182,1,1
183,35,150,183,1,1
184,35,166,184,1,1
185,35,230,185,1,1
186,35,38,186,1,1
187,35,102,187,1,1
188,35,246,188,1,1
189,35,182,189,1,1
190,35,118,190,1,1
191,35,54,191,1,1
192,35,15,192,1,1
193,35,79,193,1,1
194,35,143,194,1,1
195,35,207,195,1,1
196,35,95,196,1,1
197,35,31,197,1,1
198,35,223,198,1,1
199,35,159,199,1,1
200,35,175,200,1,1
201,35,239,201,1,1
202,35,47,202,1,1
203,35,111,203,1,1
204,35,255,204,1,1
205,35,191,205,1,1
206,35,127,206,1,1
207,35,63,207,1,1
208,35,11,208,1,1
209,35,75,209,1,1
210,35,139,210,1,1
211,35,203,211,1,1
212,35,91,212,1,1
213,35,27,213,1,1
214,35,219,214,1,1
215,35,155,215,1,1
216,35,171,216,1,1
217,35,235,217,1,1
218,35,43,218,1,1
219,35,107,219,1,1
220,35,251,220,1,1
221,35,187,221,1,1
222,35,123,222,1,1
223,35,59,223,1,1
224,35,7,224,1,1
225,35,71,225,1,1
226,35,135,226,1,1
227,35,199,227,1,1
228,35,87,228,1,1
229,35,23,229,1,1
230,35,215,230,1,1
231,35,151,231,1,1
232,35,167,232,1,1
233,35,231,233,1,1
234,35,39,234,1,1
235,35,103,235,1,1
236,35,247,236,1,1
237,35,183,237,1,1
238,35,119,238,1,1
239,35,55,239,1,1
240,35,3,240,1,1
241,35,67,241,1,1
242,35,131,242,1,1
243,35,195,243,1,1
244,35,83,244,1,1
245,35,19,245,1,1
246,35,211,246,1,1
247,35,147,247,1,1
248,35,163,248,1,1
249,35,227,249,1,1
250,35,35,250,1,1
251,35,99,251,1,1
252,35,243,252,1,1
253,35,179,253,1,1
254,35,115,254,1,1
255,35,51,255,1,1
0,36,0,0,0,1
1,36,32,1,1,1
2,36,48,2,1,1
3,36,16,3,1,1
4,36,160,4,1,1
5,36,128,5,1,1
6,36,144,6,1,1
7,36,176,7,1,1
8,36,240,8,1,1
9,36,208,9,1,1
10,36,192,10,1,1
11,36,224,11,1,1
12,36,80,12,1,1
13,36,112,13,1,1
14,36,96,14,1,1
15,36,64,15,1,1
16,36,2,16,1,1
17,36,34,17,1,1
18,36,50,18,1,1
19,36,18,19,1,1
20,36,162,20,1,1
21,36,130,21,1,1
22,36,146,22,1,1
23,36,178,23,1,1
24,36,242,24,1,1
25,36,210,25,1,1
26,36,194,26,1,1
27,36,226,27,1,1
28,36,82,28,1,1
29,36,114,29,1,1
30,36,98,30,1,1
31,36,66,31,1,1
32,36,3,32,1,1
33,36,35,33,1,1
34,36,51,34,1,1
35,36,19,35,1,1
36,36,163,36,1,1
37,36,131,37,1,1
38,36,147,38,1,1
39,36,179,39,1,1
40,36,243,40,1,1
41,36,211,41,1,1
42,36,195,42,1,1
43,36,227,43,1,1
44,36,83,44,1,1
45,36,115,45,1,1
46,36,99,46,1,1
47,36,67,47,1,1
48,36,1,48,1,1
49,36,33,49,1,1
50,36,49,50,1,1
51,36,17,51,1,1
52,36,161,52,1,1
53,36,129,53,1,1
54,36,145,54,1,1
55,36,177,55,1,1
56,36,241,56,1,1
57,36,209,57,1,1
58,36,193,58,1,1
59,36,225,59,1,1
60,36,81,60,1,1
61,36,113,61,1,1
62,36,97,62,1,1
63,36,65,63,1,1
64,36,10,64,1,1
65,36,42,65,1,1
66,36,58,66,1,1
67,36,26,67,1,1
68,36,170,68,1,1
69,36,138,69,1,1
70,36,154,70,1,1
71,36,186,71,1,1
72,36,250,72,1,1
73,36,218,73,1,1
74,36,202,74,1,1
75,36,234,75,1,1
76,36,90,76,1,1
77,36,122,77,1,1
78,36,106,78,1,1
79,36,74,79,1,1
80,36,8,80,1,1
81,36,40,81,1,1
82,36,56,82,1,1
83,36,24,83,1,1
84,36,168,84,1,1
85,36,136,85,1,1
86,36,152,86,1,1
87,36,184,87,1,1
88,36,248,88,1,1
89,36,216,89,1,1
90,36,200,90,1,1
91,36,232,91,1,1
92,36,88,92,1,1
93,36,120,93,1,1
94,36,104,94,1,1
95,36,72,95,1,1
96,36,9,96,1,1
97,36,41,97,1,1
98,36,57,98,1,1
99,36,25,99,1,1
100,36,169,100,1,1
101,36,137,101,1,1
102,36,153,102,1,1
103,36,185,103,1,1
104,36,249,104,1,1
105,36,217,105,1,1
106,36,201,106,1,1
107,36,233,107,1,1
108,36,89,108,1,1
109,36,121,109,1,1
110,36,105,110,1,1
111,36,73,111,1,1
112,36,11,112,1,1
113,36,43,113,1,1
114,36,59,114,1,1
115,36,27,115,1,1
116,36,171,116,1,1
117,36,139,117,1,1
118,36,155,118,1,1
119,36,187,119,1,1
120,36,251,120,1,1
121,36,219,121,1,1
122,36,203,122,1,1
123,36,235,123,1,1
124,36,91,124,1,1
125,36,123,125,1,1
126,36,107,126,1,1
127,36,75,127,1,1
128,36,15,128,1,1
129,36,47,129,1,1
130,36,63,130,1,1
131,36,31,131,1,1
132,36,175,132,1,1
133,36,143,133,1,1
134,36,159,134,1,1
135,36,191,135,1,1
136,36,255,136,1,1
137,36,223,137,1,1
138,36,207,138,1,1
139,36,239,139,1,1
140,36,95,140,1,1
141,36,127,141,1,1
142,36,111,142,1,1
143,36,79,143,1,1
144,36,13,144,1,1
145,36,45,145,1,1
146,36,61,146,1,1
147,36,29,147,1,1
148,36,173,148,1,1
149,36,141,149,1,1
150,36,157,150,1,1
151,36,189,151,1,1
152,36,253,152,1,1
153,36,221,153,1,1
154,36,205,154,1,1
155,36,237,155,1,1
156,36,93,156,1,1
157,36,125,157,1,1
158,36,109,158,1,1
159,36,77,159,1,1
160,36,12,160,1,1
161,36,44,161,1,1
162,36,60,162,1,1
163,36,28,163,1,1
164,36,172,164,1,1
165,36,140,165,1,1
166,36,156,166,1,1
167,36,188,167,1,1
168,36,252,168,1,1
169,36,220,169,1,1
170,36,204,170,1,1
171,36,236,171,1,1
172,36,92,172,1,1
173,36,124,173,1,1
174,36,108,174,1,1
175,36,76,175,1,1
176,36,14,176,1,1
177,36,46,177,1,1
178,36,62,178,1,1
179,36,30,179,1,1
180,36,174,180,1,1
181,36,142,181,1,1
182,36,158,182,1,1
183,36,190,183,1,1
184,36,254,184,1,1
185,36,222,185,1,1
186,36,206,186,1,1
187,36,238,187,1,1
188,36,94,188,1,1
189,36,126,189,1,1
190,36,110,190,1,1
191,36,78,191,1,1
192,36,5,192,1,1
193,36,37,193,1,1
194,36,53,194,1,1
195,36,21,195,1,1
196,36,165,196,1,1
197,36,133,197,1,1
198,36,149,198,1,1
199,36,181,199,1,1
200,36,245,200,1,1
201,36,213,201,1,1
202,36,197,202,1,1
203,36,229,203,1,1
204,36,85,204,1,1
205,36,117,205,1,1
206,36,101,206,1,1
207,36,69,207,1,1
208,36,7,208,1,1
209,36,39,209,1,1
210,36,55,210,1,1
211,36,23,211,1,1
212,36,167,212,1,1
213,36,135,213,1,1
214,36,151,214,1,1
215,36,183,215,1,1
216,36,247,216,1,1
217,36,215,217,1,1
218,36,199,218,1,1
219,36,231,219,1,1
220,36,87,220,1,1
221,36,119,221,1,1
222,36,103,222,1,1
223,36,71,223,1,1
224,36,6,224,1,1
225,36,38,225,1,1
226,36,54,226,1,1
227,36,22,227,1,1
228,36,166,228,1,1
229,36,134,229,1,1
230,36,150,230,1,1
231,36,182,231,1,1
232,36,246,232,1,1
233,36,214,233,1,1
234,36,198,234,1,1
235,36,230,235,1,1
236,36,86,236,1,1
237,36,118,237,1,1
238,36,102,238,1,1
239,36,70,239,1,1
240,36,4,240,1,1
241,36,36,241,1,1
242,36,52,242,1,1
243,36,20,243,1,1
244,36,164,244,1,1
245,36,132,245,1,1
246,36,148,246,1,1
247,36,180,247,1,1
248,36,244,248,1,1
249,36,212,249,1,1
250,36,196,250,1,1
251,36,228,251,1,1
252,36,84,252,1,1
253,36,116,253,1,1
254,36,100,254,1,1
255,36,68,255,1,1
0,37,0,0,0,1
1,37,16,1,1,1
2,37,48,2,1,1
3,37,32,3,1,1
4,37,80,4,1,1
5,37,64,5,1,1
6,37,96,6,1,1
7,37,112,7,1,1
8,37,240,8,1,1
9,37,224,9,1,1
10,37,192,10,1,1
11,37,208,11,1,1
12,37,160,12,1,1
13,37,176,13,1,1
14,37,144,14,1,1
15,37,128,15,1,1
16,37,1,16,1,1
17,37,17,17,1,1
18,37,49,18,1,1
19,37,33,19,1,1
20,37,81,20,1,1
21,37,65,21,1,1
22,37,97,22,1,1
23,37,113,23,1,1
24,37,241,24,1,1
25,37,225,25,1,1
26,37,193,26,1,1
27,37,209,27,1,1
28,37,161,28,1,1
29,37,177,29,1,1
30,37,145,30,1,1
31,37,129,31,1,1
32,37,3,32,1,1
33,37,19,33,1,1
34,37,51,34,1,1
35,37,35,35,1,1
36,37,83,36,1,1
37,37,67,37,1,1
38,37,99,38,1,1
39,37,115,39,1,1
40,37,243,40,1,1
41,37,227,41,1,1
42,37,195,42,1,1
43,37,211,43,1,1
44,37,163,44,1,1
45,37,179,45,1,1
46,37,147,46,1,1
47,37,131,47,1,1
48,37,2,48,1,1
49,37,18,49,1,1
50,37,50,50,1,1
51,37,34,51,1,1
52,37,82,52,1,1
53,37,66,53,1,1
54,37,98,54,1,1
55,37,114,55,1,1
56,37,242,56,1,1
57,37,226,57,1,1
58,37,194,58,1,1
59,37,210,59,1,1
60,37,162,60,1,1
61,37,178,61,1,1
62,37,146,62,1,1
63,37,130,63,1,1
64,37,5,64,1,1
65,37,21,65,1,1
66,37,53,66,1,1
67,37,37,67,1,1
68,37,85,68,1,1
69,37,69,69,1,1
70,37,101,70,1,1
71,37,117,71,1,1
72,37,245,72,1,1
73,37,229,73,1,1
74,37,197,74,1,1
75,37,213,75,1,1
76,37,165,76,1,1
77,37,181,77,1,1
78,37,149,78,1,1
79,37,133,79,1,1
80,37,4,80,1,1
81,37,20,81,1,1
82,37,52,82,1,1
83,37,36,83,1,1
84,37,84,84,1,1
85,37,68,85,1,1
86,37,100,86,1,1
87,37,116,87,1,1
88,37,244,88,1,1
89,37,228,89,1,1
90,37,196,90,1,1
91,37,212,91,1,1
92,37,164,92,1,1
93,37,180,93,1,1
94,37,148,94,1,1
95,37,132,95,1,1
96,37,6,96,1,1
97,37,22,97,1,1
98,37,54,98,1,1
99,37,38,99,1,1
100,37,86,100,1,1
101,37,70,101,1,1
102,37,102,102,1,1
103,37,118,103,1,1
104,37,246,104,1,1
105,37,230,105,1,1
106,37,198,106,1,1
107,37,214,107,1,1
108,37,166,108,1,1
109,37,182,109,1,1
110,37,150,110,1,1
111,37,134,111,1,1
112,37,7,112,1,1
113,37,23,113,1,1
114,37,55,114,1,1
115,37,39,115,1,1
116,37,87,116,1,1
117,37,71,117,1,1
118,37,103,118,1,1
119,37,119,119,1,1
120,37,247,120,1,1
121,37,231,121,1,1
122,37,199,122,1,1
123,37,215,123,1,1
124,37,167,124,1,1
125,37,183,125,1,1
126,37,151,126,1,1
127,37,135,127,1,1
128,37,15,128,1,1
129,37,31,129,1,1
130,37,63,130,1,1
131,37,47,131,1,1
132,37,95,132,1,1
133,37,79,133,1,1
134,37,111,134,1,1
135,37,127,135,1,1
136,37,255,136,1,1
137,37,239,137,1,1
138,37,207,138,1,1
139,37,223,139,1,1
140,37,175,140,1,1
141,37,191,141,1,1
142,37,159,142,1,1
143,37,143,143,1,1
144,37,14,144,1,1
145,37,30,145,1,1
146,37,62,146,1,1
147,37,46,147,1,1
148,37,94,148,1,1
149,37,78,149,1,1
150,37,110,150,1,1
151,37,126,151,1,1
152,37,254,152,1,1
153,37,238,153,1,1
154,37,206,154,1,1
155,37,222,155,1,1
156,37,174,156,1,1
157,37,190,157,1,1
158,37,158,158,1,1
159,37,142,159,1,1
160,37,12,160,1,1
161,37,28,161,1,1
162,37,60,162,1,1
163,37,44,163,1,1
164,37,92,164,1,1
165,37,76,165,1,1
166,37,108,166,1,1
167,37,124,167,1,1
168,37,252,168,1,1
169,37,236,169,1,1
170,37,204,170,1,1
171,37,220,171,1,1
172,37,172,172,1,1
173,37,188,173,1,1
174,37,156,174,1,1
175,37,140,175,1,1
176,37,13,176,1,1
177,37,29,177,1,1
178,37,61,178,1,1
179,37,45,179,1,1
180,37,93,180,1,1
181,37,77,181,1,1
182,37,109,182,1,1
183,37,125,183,1,1
184,37,253,184,1,1
185,37,237,185,1,1
186,37,205,186,1,1
187,37,221,187,1,1
188,37,173,188,1,1
189,37,189,189,1,1
190,37,157,190,1,1
191,37,141,191,1,1
192,37,10,192,1,1
193,37,26,193,1,1
194,37,58,194,1,1
195,37,42,195,1,1
196,37,90,196,1,1
197,37,74,197,1,1
198,37,106,198,1,1
199,37,122,199,1,1
200,37,250,200,1,1
201,37,234,201,1,1
202,37,202,202,1,1
203,37,218,203,1,1
204,37,170,204,1,1
205,37,186,205,1,1
206,37,154,206,1,1
207,37,138,207,1,1
208,37,11,208,1,1
209,37,27,209,1,1
210,37,59,210,1,1
211,37,43,211,1,1
212,37,91,212,1,1
213,37,75,213,1,1
214,37,107,214,1,1
215,37,123,215,1,1
216,37,251,216,1,1
217,37,235,217,1,1
218,37,203,218,1,1
219,37,219,219,1,1
220,37,171,220,1,1
221,37,187,221,1,1
222,37,155,222,1,1
223,37,139,223,1,1
224,37,9,224,1,1
225,37,25,225,1,1
226,37,57,226,1,1
227,37,41,227,1,1
228,37,89,228,1,1
229,37,73,229,1,1
230,37,105,230,1,1
231,37,121,231,1,1
232,37,249,232,1,1
233,37,233,233,1,1
234,37,201,234,1,1
235,37,217,235,1,1
236,37,169,236,1,1
237,37,185,237,1,1
238,37,153,238,1,1
239,37,137,239,1,1
240,37,8,240,1,1
241,37,24,241,1,1
242,37,56,242,1,1
243,37,40,243,1,1
244,37,88,244,1,1
245,37,72,245,1,1
246,37,104,246,1,1
247,37,120,247,1,1
248,37,248,248,1,1
249,37,232,249,1,1
250,37,200,250,1,1
251,37,216,251,1,1
252,37,168,252,1,1
253,37,184,253,1,1
254,37,152,254,1,1
255,37,136,255,1,1
0,38,0,0,0,1
1,38,32,1,1,1
2,38,16,2,1,1
3,38,48,3,1,1
4,38,160,4,1,1
5,38,128,5,1,1
6,38,176,6,1,1
7,38,144,7,1,1
8,38,80,8,1,1
9,38,112,9,1,1
10,38,64,10,1,1
11,38,96,11,1,1
12,38,240,12,1,1
13,38,208,13,1,1
14,38,224,14,1,1
15,38,192,15,1,1
16,38,2,16,1,1
17,38,34,17,1,1
18,38,18,18,1,1
19,38,50,19,1,1
20,38,162,20,1,1
21,38,130,21,1,1
22,38,178,22,1,1
23,38,146,23,1,1
24,38,82,24,1,1
25,38,114,25,1,1
26,38,66,26,1,1
27,38,98,27,1,1
28,38,242,28,1,1
29,38,210,29,1,1
30,38,226,30,1,1
31,38,194,31,1,1
32,38,1,32,1,1
33,38,33,33,1,1
34,38,17,34,1,1
35,38,49,35,1,1
36,38,161,36,1,1
37,38,129,37,1,1
38,38,177,38,1,1
39,38,145,39,1,1
40,38,81,40,1,1
41,38,113,41,1,1
42,38,65,42,1,1
43,38,97,43,1,1
44,38,241,44,1,1
45,38,209,45,1,1
46,38,225,46,1,1
47,38,193,47,1,1
48,38,3,48,1,1
49,38,35,49,1,1
50,38,19,50,1,1
51,38,51,51,1,1
52,38,163,52,1,1
53,38,131,53,1,1
54,38,179,54,1,1
55,38,147,55,1,1
56,38,83,56,1,1
57,38,115,57,1,1
58,38,67,58,1,1
59,38,99,59,1,1
60,38,243,60,1,1
61,38,211,61,1,1
62,38,227,62,1,1
63,38,195,63,1,1
64,38,10,64,1,1
65,38,42,65,1,1
66,38,26,66,1,1
67,38,58,67,1,1
68,38,170,68,1,1
69,38,138,69,1,1
70,38,186,70,1,1
71,38,154,71,1,1
72,38,90,72,1,1
73,38,122,73,1,1
74,38,74,74,1,1
75,38,106,75,1,1
76,38,250,76,1,1
77,38,218,77,1,1
78,38,234,78,1,1
79,38,202,79,1,1
80,38,8,80,1,1
81,38,40,81,1,1
82,38,24,82,1,1
83,38,56,83,1,1
84,38,168,84,1,1
85,38,136,85,1,1
86,38,184,86,1,1
87,38,152,87,1,1
88,38,88,88,1,1
89,38,120,89,1,1
90,38,72,90,1,1
91,38,104,91,1,1
92,38,248,92,1,1
93,38,216,93,1,1
94,38,232,94,1,1
95,38,200,95,1,1
96,38,11,96,1,1
97,38,43,97,1,1
98,38,27,98,1,1
99,38,59,99,1,1
100,38,171,100,1,1
101,38,139,101,1,1
102,38,187,102,1,1
103,38,155,103,1,1
104,38,91,104,1,1
105,38,123,105,1,1
106,38,75,106,1,1
107,38,107,107,1,1
108,38,251,108,1,1
109,38,219,109,1,1
110,38,235,110,1,1
111,38,203,111,1,1
112,38,9,112,1,1
113,38,41,113,1,1
114,38,25,114,1,1
115,38,57,115,1,1
116,38,169,116,1,1
117,38,137,117,1,1
118,38,185,118,1,1
119,38,153,119,1,1
120,38,89,120,1,1
121,38,121,121,1,1
122,38,73,122,1,1
123,38,105,123,1,1
124,38,249,124,1,1
125,38,217,125,1,1
126,38,233,126,1,1
127,38,201,127,1,1
128,38,5,128,1,1
129,38,37,129,1,1
130,38,21,130,1,1
131,38,53,131,1,1
132,38,165,132,1,1
133,38,133,133,1,1
134,38,181,134,1,1
135,38,149,135,1,1
136,38,85,136,1,1
137,38,117,137,1,1
138,38,69,138,1,1
139,38,101,139,1,1
140,38,245,140,1,1
141,38,213,141,1,1
142,38,229,142,1,1
143,38,197,143,1,1
144,38,7,144,1,1
145,38,39,145,1,1
146,38,23,146,1,1
147,38,55,147,1,1
148,38,167,148,1,1
149,38,135,149,1,1
150,38,183,150,1,1
151,38,151,151,1,1
152,38,87,152,1,1
153,38,119,153,1,1
154,38,71,154,1,1
155,38,103,155,1,1
156,38,247,156,1,1
157,38,215,157,1,1
158,38,231,158,1,1
159,38,199,159,1,1
160,38,4,160,1,1
161,38,36,161,1,1
162,38,20,162,1,1
163,38,52,163,1,1
164,38,164,164,1,1
165,38,132,165,1,1
166,38,180,166,1,1
167,38,148,167,1,1
168,38,84,168,1,1
169,38,116,169,1,1
170,38,68,170,1,1
171,38,100,171,1,1
172,38,244,172,1,1
173,38,212,173,1,1
174,38,228,174,1,1
175,38,196,175,1,1
176,38,6,176,1,1
177,38,38,177,1,1
178,38,22,178,1,1
179,38,54,179,1,1
180,38,166,180,1,1
181,38,134,181,1,1
182,38,182,182,1,1
183,38,150,183,1,1
184,38,86,184,1,1
185,38,118,185,1,1
186,38,70,186,1,1
187,38,102,187,1,1
188,38,246,188,1,1
189,38,214,189,1,1
190,38,230,190,1,1
191,38,198,191,1,1
192,38,15,192,1,1
193,38,47,193,1,1
194,38,31,194,1,1
195,38,63,195,1,1
196,38,175,196,1,1
197,38,143,197,1,1
198,38,191,198,1,1
199,38,159,199,1,1
200,38,95,200,1,1
201,38,127,201,1,1
202,38,79,202,1,1
203,38,111,203,1,1
204,38,255,204,1,1
205,38,223,205,1,1
206,38,239,206,1,1
207,38,207,207,1,1
208,38,13,208,1,1
209,38,45,209,1,1
210,38,29,210,1,1
211,38,61,211,1,1
212,38,173,212,1,1
213,38,141,213,1,1
214,38,189,214,1,1
215,38,157,215,1,1
216,38,93,216,1,1
217,38,125,217,1,1
218,38,77,218,1,1
219,38,109,219,1,1
220,38,253,220,1,1
221,38,221,221,1,1
222,38,237,222,1,1
223,38,205,223,1,1
224,38,14,224,1,1
225,38,46,225,1,1
226,38,30,226,1,1
227,38,62,227,1,1
228,38,174,228,1,1
229,38,142,229,1,1
230,38,190,230,1,1
231,38,158,231,1,1
232,38,94,232,1,1
233,38,126,233,1,1
234,38,78,234,1,1
235,38,110,235,1,1
236,38,254,236,1,1
237,38,222,237,1,1
238,38,238,238,1,1
239,38,206,239,1,1
240,38,12,240,1,1
241,38,44,241,1,1
242,38,28,242,1,1
243,38,60,243,1,1
244,38,172,244,1,1
245,38,140,245,1,1
246,38,188,246,1,1
247,38,156,247,1,1
248,38,92,248,1,1
249,38,124,249,1,1
250,38,76,250,1,1
251,38,108,251,1,1
252,38,252,252,1,1
253,38,220,253,1,1
254,38,236,254,1,1
255,38,204,255,1,1
0,39,0,0,0,1
1,39,16,1,1,1
2,39,32,2,1,1
3,39,48,3,1,1
4,39,80,4,1,1
5,39,64,5,1,1
6,39,112,6,1,1
7,39,96,7,1,1
8,39,160,8,1,1
9,39,176,9,1,1
10,39,128,10,1,1
11,39,144,11,1,1
12,39,240,12,1,1
13,39,224,13,1,1
14,39,208,14,1,1
15,39,192,15,1,1
16,39,1,16,1,1
17,39,17,17,1,1
18,39,33,18,1,1
19,39,49,19,1,1
20,39,81,20,1,1
21,39,65,21,1,1
22,39,113,22,1,1
23,39,97,23,1,1
24,39,161,24,1,1
25,39,177,25,1,1
26,39,129,26,1,1
27,39,145,27,1,1
28,39,241,28,1,1
29,39,225,29,1,1
30,39,209,30,1,1
31,39,193,31,1,1
32,39,2,32,1,1
33,39,18,33,1,1
34,39,34,34,1,1
35,39,50,35,1,1
36,39,82,36,1,1
37,39,66,37,1,1
38,39,114,38,1,1
39,39,98,39,1,1
40,39,162,40,1,1
41,39,178,41,1,1
42,39,130,42,1,1
43,39,146,43,1,1
44,39,242,44,1,1
45,39,226,45,1,1
46,39,210,46,1,1
47,39,194,47,1,1
48,39,3,48,1,1
49,39,19,49,1,1
50,39,35,50,1,1
51,39,51,51,1,1
52,39,83,52,1,1
53,39,67,53,1,1
54,39,115,54,1,1
55,39,99,55,1,1
56,39,163,56,1,1
57,39,179,57,1,1
58,39,131,58,1,1
59,39,147,59,1,1
60,39,243,60,1,1
61,39,227,61,1,1
62,39,211,62,1,1
63,39,195,63,1,1
64,39,5,64,1,1
65,39,21,65,1,1
66,39,37,66,1,1
67,39,53,67,1,1
68,39,85,68,1,1
69,39,69,69,1,1
70,39,117,70,1,1
71,39,101,71,1,1
72,39,165,72,1,1
73,39,181,73,1,1
74,39,133,74,1,1
75,39,149,75,1,1
76,39,245,76,1,1
77,39,229,77,1,1
78,39,213,78,1,1
79,39,197,79,1,1
80,39,4,80,1,1
81,39,20,81,1,1
82,39,36,82,1,1
83,39,52,83,1,1
84,39,84,84,1,1
85,39,68,85,1,1
86,39,116,86,1,1
87,39,100,87,1,1
88,39,164,88,1,1
89,39,180,89,1,1
90,39,132,90,1,1
91,39,148,91,1,1
92,39,244,92,1,1
93,39,228,93,1,1
94,39,212,94,1,1
95,39,196,95,1,1
96,39,7,96,1,1
97,39,23,97,1,1
98,39,39,98,1,1
99,39,55,99,1,1
100,39,87,100,1,1
101,39,71,101,1,1
102,39,119,102,1,1
103,39,103,103,1,1
104,39,167,104,1,1
105,39,183,105,1,1
106,39,135,106,1,1
107,39,151,107,1,1
108,39,247,108,1,1
109,39,231,109,1,1
110,39,215,110,1,1
111,39,199,111,1,1
112,39,6,112,1,1
113,39,22,113,1,1
114,39,38,114,1,1
115,39,54,115,1,1
116,39,86,116,1,1
117,39,70,117,1,1
118,39,118,118,1,1
119,39,102,119,1,1
120,39,166,120,1,1
121,39,182,121,1,1
122,39,134,122,1,1
123,39,150,123,1,1
124,39,246,124,1,1
125,39,230,125,1,1
126,39,214,126,1,1
127,39,198,127,1,1
128,39,10,128,1,1
129,39,26,129,1,1
130,39,42,130,1,1
131,39,58,131,1,1
132,39,90,132,1,1
133,39,74,133,1,1
134,39,122,134,1,1
135,39,106,135,1,1
136,39,170,136,1,1
137,39,186,137,1,1
138,39,138,138,1,1
139,39,154,139,1,1
140,39,250,140,1,1
141,39,234,141,1,1
142,39,218,142,1,1
143,39,202,143,1,1
144,39,11,144,1,1
145,39,27,145,1,1
146,39,43,146,1,1
147,39,59,147,1,1
148,39,91,148,1,1
149,39,75,149,1,1
150,39,123,150,1,1
151,39,107,151,1,1
152,39,171,152,1,1
153,39,187,153,1,1
154,39,139,154,1,1
155,39,155,155,1,1
156,39,251,156,1,1
157,39,235,157,1,1
158,39,219,158,1,1
159,39,203,159,1,1
160,39,8,160,1,1
161,39,24,161,1,1
162,39,40,162,1,1
163,39,56,163,1,1
164,39,88,164,1,1
165,39,72,165,1,1
166,39,120,166,1,1
167,39,104,167,1,1
168,39,168,168,1,1
169,39,184,169,1,1
170,39,136,170,1,1
171,39,152,171,1,1
172,39,248,172,1,1
173,39,232,173,1,1
174,39,216,174,1,1
175,39,200,175,1,1
176,39,9,176,1,1
177,39,25,177,1,1
178,39,41,178,1,1
179,39,57,179,1,1
180,39,89,180,1,1
181,39,73,181,1,1
182,39,121,182,1,1
183,39,105,183,1,1
184,39,169,184,1,1
185,39,185,185,1,1
186,39,137,186,1,1
187,39,153,187,1,1
188,39,249,188,1,1
189,39,233,189,1,1
190,39,217,190,1,1
191,39,201,191,1,1
192,39,15,192,1,1
193,39,31,193,1,1
194,39,47,194,1,1
195,39,63,195,1,1
196,39,95,196,1,1
197,39,79,197,1,1
198,39,127,198,1,1
199,39,111,199,1,1
200,39,175,200,1,1
201,39,191,201,1,1
202,39,143,202,1,1
203,39,159,203,1,1
204,39,255,204,1,1
205,39,239,205,1,1
206,39,223,206,1,1
207,39,207,207,1,1
208,39,14,208,1,1
209,39,30,209,1,1
210,39,46,210,1,1
211,39,62,211,1,1
212,39,94,212,1,1
213,39,78,213,1,1
214,39,126,214,1,1
215,39,110,215,1,1
216,39,174,216,1,1
217,39,190,217,1,1
218,39,142,218,1,1
219,39,158,219,1,1
220,39,254,220,1,1
221,39,238,221,1,1
222,39,222,222,1,1
223,39,206,223,1,1
224,39,13,224,1,1
225,39,29,225,1,1
226,39,45,226,1,1
227,39,61,227,1,1
228,39,93,228,1,1
229,39,77,229,1,1
230,39,125,230,1,1
231,39,109,231,1,1
232,39,173,232,1,1
233,39,189,233,1,1
234,39,141,234,1,1
235,39,157,235,1,1
236,39,253,236,1,1
237,39,237,237,1,1
238,39,221,238,1,1
239,39,205,239,1,1
240,39,12,240,1,1
241,39,28,241,1,1
242,39,44,242,1,1
243,39,60,243,1,1
244,39,92,244,1,1
245,39,76,245,1,1
246,39,124,246,1,1
247,39,108,247,1,1
248,39,172,248,1,1
249,39,188,249,1,1
250,39,140,250,1,1
251,39,156,251,1,1
252,39,252,252,1,1
253,39,236,253,1,1
254,39,220,254,1,1
255,39,204,255,1,1
0,40,0,0,0,1
1,40,128,1,1,1
2,40,192,2,1,1
3,40,64,3,1,1
4,40,32,4,1,1
5,40,160,5,1,1
6,40,224,6,1,1
7,40,96,7,1,1
8,40,48,8,1,1
9,40,176,9,1,1
10,40,240,10,1,1
11,40,112,11,1,1
12,40,16,12,1,1
13,40,144,13,1,1
14,40,208,14,1,1
15,40,80,15,1,1
16,40,8,16,1,1
17,40,136,17,1,1
18,40,200,18,1,1
19,40,72,19,1,1
20,40,40,20,1,1
21,40,168,21,1,1
22,40,232,22,1,1
23,40,104,23,1,1
24,40,56,24,1,1
25,40,184,25,1,1
26,40,248,26,1,1
27,40,120,27,1,1
28,40,24,28,1,1
29,40,152,29,1,1
30,40,216,30,1,1
31,40,88,31,1,1
32,40,12,32,1,1
33,40,140,33,1,1
34,40,204,34,1,1
35,40,76,35,1,1
36,40,44,36,1,1
37,40,172,37,1,1
38,40,236,38,1,1
39,40,108,39,1,1
40,40,60,40,1,1
41,40,188,41,1,1
42,40,252,42,1,1
43,40,124,43,1,1
44,40,28,44,1,1
45,40,156,45,1,1
46,40,220,46,1,1
47,40,92,47,1,1
48,40,4,48,1,1
49,40,132,49,1,1
50,40,196,50,1,1
51,40,68,51,1,1
52,40,36,52,1,1
53,40,164,53,1,1
54,40,228,54,1,1
55,40,100,55,1,1
56,40,52,56,1,1
57,40,180,57,1,1
58,40,244,58,1,1
59,40,116,59,1,1
60,40,20,60,1,1
61,40,148,61,1,1
62,40,212,62,1,1
63,40,84,63,1,1
64,40,2,64,1,1
65,40,130,65,1,1
66,40,194,66,1,1
67,40,66,67,1,1
68,40,34,68,1,1
69,40,162,69,1,1
70,40,226,70,1,1
71,40,98,71,1,1
72,40,50,72,1,1
73,40,178,73,1,1
74,40,242,74,1,1
75,40,114,75,1,1
76,40,18,76,1,1
77,40,146,77,1,1
78,40,210,78,1,1
79,40,82,79,1,1
80,40,10,80,1,1
81,40,138,81,1,1
82,40,202,82,1,1
83,40,74,83,1,1
84,40,42,84,1,1
85,40,170,85,1,1
86,40,234,86,1,1
87,40,106,87,1,1
88,40,58,88,1,1
89,40,186,89,1,1
90,40,250,90,1,1
91,40,122,91,1,1
92,40,26,92,1,1
93,40,154,93,1,1
94,40,218,94,1,1
95,40,90,95,1,1
96,40,14,96,1,1
97,40,142,97,1,1
98,40,206,98,1,1
99,40,78,99,1,1
100,40,46,100,1,1
101,40,174,101,1,1
102,40,238,102,1,1
103,40,110,103,1,1
104,40,62,104,1,1
105,40,190,105,1,1
106,40,254,106,1,1
107,40,126,107,1,1
108,40,30,108,1,1
109,40,158,109,1,1
110,40,222,110,1,1
111,40,94,111,1,1
112,40,6,112,1,1
113,40,134,113,1,1
114,40,198,114,1,1
115,40,70,115,1,1
116,40,38,116,1,1
117,40,166,117,1,1
118,40,230,118,1,1
119,40,102,119,1,1
120,40,54,120,1,1
121,40,182,121,1,1
122,40,246,122,1,1
123,40,118,123,1,1
124,40,22,124,1,1
125,40,150,125,1,1
126,40,214,126,1,1
127,40,86,127,1,1
128,40,3,128,1,1
129,40,131,129,1,1
130,40,195,130,1,1
131,40,67,131,1,1
132,40,35,132,1,1
133,40,163,133,1,1
134,40,227,134,1,1
135,40,99,135,1,1
136,40,51,136,1,1
137,40,179,137,1,1
138,40,243,138,1,1
139,40,115,139,1,1
140,40,19,140,1,1
141,40,147,141,1,1
142,40,211,142,1,1
143,40,83,143,1,1
144,40,11,144,1,1
145,40,139,145,1,1
146,40,203,146,1,1
147,40,75,147,1,1
148,40,43,148,1,1
149,40,171,149,1,1
150,40,235,150,1,1
151,40,107,151,1,1
152,40,59,152,1,1
153,40,187,153,1,1
154,40,251,154,1,1
155,40,123,155,1,1
156,40,27,156,1,1
157,40,155,157,1,1
158,40,219,158,1,1
159,40,91,159,1,1
160,40,15,160,1,1
161,40,143,161,1,1
162,40,207,162,1,1
163,40,79,163,1,1
164,40,47,164,1,1
165,40,175,165,1,1
166,40,239,166,1,1
167,40,111,167,1,1
168,40,63,168,1,1
169,40,191,169,1,1
170,40,255,170,1,1
171,40,127,171,1,1
172,40,31,172,1,1
173,40,159,173,1,1
174,40,223,174,1,1
175,40,95,175,1,1
176,40,7,176,1,1
177,40,135,177,1,1
178,40,199,178,1,1
179,40,71,179,1,1
180,40,39,180,1,1
181,40,167,181,1,1
182,40,231,182,1,1
183,40,103,183,1,1
184,40,55,184,1,1
185,40,183,185,1,1
186,40,247,186,1,1
187,40,119,187,1,1
188,40,23,188,1,1
189,40,151,189,1,1
190,40,215,190,1,1
191,40,87,191,1,1
192,40,1,192,1,1
193,40,129,193,1,1
194,40,193,194,1,1
195,40,65,195,1,1
196,40,33,196,1,1
197,40,161,197,1,1
198,40,225,198,1,1
199,40,97,199,1,1
200,40,49,200,1,1
201,40,177,201,1,1
202,40,241,202,1,1
203,40,113,203,1,1
204,40,17,204,1,1
205,40,145,205,1,1
206,40,209,206,1,1
207,40,81,207,1,1
208,40,9,208,1,1
209,40,137,209,1,1
210,40,201,210,1,1
211,40,73,211,1,1
212,40,41,212,1,1
213,40,169,213,1,1
214,40,233,214,1,1
215,40,105,215,1,1
216,40,57,216,1,1
217,40,185,217,1,1
218,40,249,218,1,1
219,40,121,219,1,1
220,40,25,220,1,1
221,40,153,221,1,1
222,40,217,222,1,1
223,40,89,223,1,1
224,40,13,224,1,1
225,40,141,225,1,1
226,40,205,226,1,1
227,40,77,227,1,1
228,40,45,228,1,1
229,40,173,229,1,1
230,40,237,230,1,1
231,40,109,231,1,1
232,40,61,232,1,1
233,40,189,233,1,1
234,40,253,234,1,1
235,40,125,235,1,1
236,40,29,236,1,1
237,40,157,237,1,1
238,40,221,238,1,1
239,40,93,239,1,1
240,40,5,240,1,1
241,40,133,241,1,1
242,40,197,242,1,1
243,40,69,243,1,1
244,40,37,244,1,1
245,40,165,245,1,1
246,40,229,246,1,1
247,40,101,247,1,1
248,40,53,248,1,1
249,40,181,249,1,1
250,40,245,250,1,1
251,40,117,251,1,1
252,40,21,252,1,1
253,40,149,253,1,1
254,40,213,254,1,1
255,40,85,255,1,1
0,41,0,0,0,1
1,41,64,1,1,1
2,41,192,2,1,1
3,41,128,3,1,1
4,41,16,4,1,1
5,41,80,5,1,1
6,41,208,6,1,1
7,41,144,7,1,1
8,41,48,8,1,1
9,41,112,9,1,1
10,41,240,10,1,1
11,41,176,11,1,1
12,41,32,12,1,1
13,41,96,13,1,1
14,41,224,14,1,1
15,41,160,15,1,1
16,41,4,16,1,1
17,41,68,17,1,1
18,41,196,18,1,1
19,41,132,19,1,1
20,41,20,20,1,1
21,41,84,21,1,1
22,41,212,22,1,1
23,41,148,23,1,1
24,41,52,24,1,1
25,41,116,25,1,1
26,41,244,26,1,1
27,41,180,27,1,1
28,41,36,28,1,1
29,41,100,29,1,1
30,41,228,30,1,1
31,41,164,31,1,1
32,41,12,32,1,1
33,41,76,33,1,1
34,41,204,34,1,1
35,41,140,35,1,1
36,41,28,36,1,1
37,41,92,37,1,1
38,41,220,38,1,1
39,41,156,39,1,1
40,41,60,40,1,1
41,41,124,41,1,1
42,41,252,42,1,1
43,41,188,43,1,1
44,41,44,44,1,1
45,41,108,45,1,1
46,41,236,46,1,1
47,41,172,47,1,1
48,41,8,48,1,1
49,41,72,49,1,1
50,41,200,50,1,1
51,41,136,51,1,1
52,41,24,52,1,1
53,41,88,53,1,1
54,41,216,54,1,1
55,41,152,55,1,1
56,41,56,56,1,1
57,41,120,57,1,1
58,41,248,58,1,1
59,41,184,59,1,1
60,41,40,60,1,1
61,41,104,61,1,1
62,41,232,62,1,1
63,41,168,63,1,1
64,41,1,64,1,1
65,41,65,65,1,1
66,41,193,66,1,1
67,41,129,67,1,1
68,41,17,68,1,1
69,41,81,69,1,1
70,41,209,70,1,1
71,41,145,71,1,1
72,41,49,72,1,1
73,41,113,73,1,1
74,41,241,74,1,1
75,41,177,75,1,1
76,41,33,76,1,1
77,41,97,77,1,1
78,41,225,78,1,1
79,41,161,79,1,1
80,41,5,80,1,1
81,41,69,81,1,1
82,41,197,82,1,1
83,41,133,83,1,1
84,41,21,84,1,1
85,41,85,85,1,1
86,41,213,86,1,1
87,41,149,87,1,1
88,41,53,88,1,1
89,41,117,89,1,1
90,41,245,90,1,1
91,41,181,91,1,1
92,41,37,92,1,1
93,41,101,93,1,1
94,41,229,94,1,1
95,41,165,95,1,1
96,41,13,96,1,1
97,41,77,97,1,1
98,41,205,98,1,1
99,41,141,99,1,1
100,41,29,100,1,1
101,41,93,101,1,1
102,41,221,102,1,1
103,41,157,103,1,1
104,41,61,104,1,1
105,41,125,105,1,1
106,41,253,106,1,1
107,41,189,107,1,1
108,41,45,108,1,1
109,41,109,109,1,1
110,41,237,110,1,1
111,41,173,111,1,1
112,41,9,112,1,1
113,41,73,113,1,1
114,41,201,114,1,1
115,41,137,115,1,1
116,41,25,116,1,1
117,41,89,117,1,1
118,41,217,118,1,1
119,41,153,119,1,1
120,41,57,120,1,1
121,41,121,121,1,1
122,41,249,122,1,1
123,41,185,123,1,1
124,41,41,124,1,1
125,41,105,125,1,1
126,41,233,126,1,1
127,41,169,127,1,1
128,41,3,128,1,1
129,41,67,129,1,1
130,41,195,130,1,1
131,41,131,131,1,1
132,41,19,132,1,1
133,41,83,133,1,1
134,41,211,134,1,1
135,41,147,135,1,1
136,41,51,136,1,1
137,41,115,137,1,1
138,41,243,138,1,1
139,41,179,139,1,1
140,41,35,140,1,1
141,41,99,141,1,1
142,41,227,142,1,1
143,41,163,143,1,1
144,41,7,144,1,1
145,41,71,145,1,1
146,41,199,146,1,1
147,41,135,147,1,1
148,41,23,148,1,1
149,41,87,149,1,1
150,41,215,150,1,1
151,41,151,151,1,1
152,41,55,152,1,1
153,41,119,153,1,1
154,41,247,154,1,1
155,41,183,155,1,1
156,41,39,156,1,1
157,41,103,157,1,1
158,41,231,158,1,1
159,41,167,159,1,1
160,41,15,160,1,1
161,41,79,161,1,1
162,41,207,162,1,1
163,41,143,163,1,1
164,41,31,164,1,1
165,41,95,165,1,1
166,41,223,166,1,1
167,41,159,167,1,1
168,41,63,168,1,1
169,41,127,169,1,1
170,41,255,170,1,1
171,41,191,171,1,1
172,41,47,172,1,1
173,41,111,173,1,1
174,41,239,174,1,1
175,41,175,175,1,1
176,41,11,176,1,1
177,41,75,177,1,1
178,41,203,178,1,1
179,41,139,179,1,1
180,41,27,180,1,1
181,41,91,181,1,1
182,41,219,182,1,1
183,41,155,183,1,1
184,41,59,184,1,1
185,41,123,185,1,1
186,41,251,186,1,1
187,41,187,187,1,1
188,41,43,188,1,1
189,41,107,189,1,1
190,41,235,190,1,1
191,41,171,191,1,1
192,41,2,192,1,1
193,41,66,193,1,1
194,41,194,194,1,1
195,41,130,195,1,1
196,41,18,196,1,1
197,41,82,197,1,1
198,41,210,198,1,1
199,41,146,199,1,1
200,41,50,200,1,1
201,41,114,201,1,1
202,41,242,202,1,1
203,41,178,203,1,1
204,41,34,204,1,1
205,41,98,205,1,1
206,41,226,206,1,1
207,41,162,207,1,1
208,41,6,208,1,1
209,41,70,209,1,1
210,41,198,210,1,1
211,41,134,211,1,1
212,41,22,212,1,1
213,41,86,213,1,1
214,41,214,214,1,1
215,41,150,215,1,1
216,41,54,216,1,1
217,41,118,217,1,1
218,41,246,218,1,1
219,41,182,219,1,1
220,41,38,220,1,1
221,41,102,221,1,1
222,41,230,222,1,1
223,41,166,223,1,1
224,41,14,224,1,1
225,41,78,225,1,1
226,41,206,226,1,1
227,41,142,227,1,1
228,41,30,228,1,1
229,41,94,229,1,1
230,41,222,230,1,1
231,41,158,231,1,1
232,41,62,232,1,1
233,41,126,233,1,1
234,41,254,234,1,1
235,41,190,235,1,1
236,41,46,236,1,1
237,41,110,237,1,1
238,41,238,238,1,1
239,41,174,239,1,1
240,41,10,240,1,1
241,41,74,241,1,1
242,41,202,242,1,1
243,41,138,243,1,1
244,41,26,244,1,1
245,41,90,245,1,1
246,41,218,246,1,1
247,41,154,247,1,1
248,41,58,248,1,1
249,41,122,249,1,1
250,41,250,250,1,1
251,41,186,251,1,1
252,41,42,252,1,1
253,41,106,253,1,1
254,41,234,254,1,1
255,41,170,255,1,1
0,42,0,0,0,1
1,42,128,1,1,1
2,42,64,2,1,1
3,42,192,3,1,1
4,42,32,4,1,1
5,42,160,5,1,1
6,42,96,6,1,1
7,42,224,7,1,1
8,42,16,8,1,1
9,42,144,9,1,1
10,42,80,10,1,1
11,42,208,11,1,1
12,42,48,12,1,1
13,42,176,13,1,1
14,42,112,14,1,1
15,42,240,15,1,1
16,42,8,16,1,1
17,42,136,17,1,1
18,42,72,18,1,1
19,42,200,19,1,1
20,42,40,20,1,1
21,42,168,21,1,1
22,42,104,22,1,1
23,42,232,23,1,1
24,42,24,24,1,1
25,42,152,25,1,1
26,42,88,26,1,1
27,42,216,27,1,1
28,42,56,28,1,1
29,42,184,29,1,1
30,42,120,30,1,1
31,42,248,31,1,1
32,42,4,32,1,1
33,42,132,33,1,1
34,42,68,34,1,1
35,42,196,35,1,1
36,42,36,36,1,1
37,42,164,37,1,1
38,42,100,38,1,1
39,42,228,39,1,1
40,42,20,40,1,1
41,42,148,41,1,1
42,42,84,42,1,1
43,42,212,43,1,1
44,42,52,44,1,1
45,42,180,45,1,1
46,42,116,46,1,1
47,42,244,47,1,1
48,42,12,48,1,1
49,42,140,49,1,1
50,42,76,50,1,1
51,42,204,51,1,1
52,42,44,52,1,1
53,42,172,53,1,1
54,42,108,54,1,1
55,42,236,55,1,1
56,42,28,56,1,1
57,42,156,57,1,1
58,42,92,58,1,1
59,42,220,59,1,1
60,42,60,60,1,1
61,42,188,61,1,1
62,42,124,62,1,1
63,42,252,63,1,1
64,42,2,64,1,1
65,42,130,65,1,1
66,42,66,66,1,1
67,42,194,67,1,1
68,42,34,68,1,1
69,42,162,69,1,1
70,42,98,70,1,1
71,42,226,71,1,1
72,42,18,72,1,1
73,42,146,73,1,1
74,42,82,74,1,1
75,42,210,75,1,1
76,42,50,76,1,1
77,42,178,77,1,1
78,42,114,78,1,1
79,42,242,79,1,1
80,42,10,80,1,1
81,42,138,81,1,1
82,42,74,82,1,1
83,42,202,83,1,1
84,42,42,84,1,1
85,42,170,85,1,1
86,42,106,86,1,1
87,42,234,87,1,1
88,42,26,88,1,1
89,42,154,89,1,1
90,42,90,90,1,1
91,42,218,91,1,1
92,42,58,92,1,1
93,42,186,93,1,1
94,42,122,94,1,1
95,42,250,95,1,1
96,42,6,96,1,1
97,42,134,97,1,1
98,42,70,98,1,1
99,42,198,99,1,1
100,42,38,100,1,1
101,42,166,101,1,1
102,42,102,102,1,1
103,42,230,103,1,1
104,42,22,104,1,1
105,42,150,105,1,1
106,42,86,106,1,1
107,42,214,107,1,1
108,42,54,108,1,1
109,42,182,109,1,1
110,42,118,110,1,1
111,42,246,111,1,1
112,42,14,112,1,1
113,42,142,113,1,1
114,42,78,114,1,1
115,42,206,115,1,1
116,42,46,116,1,1
117,42,174,117,1,1
118,42,110,118,1,1
119,42,238,119,1,1
120,42,30,120,1,1
121,42,158,121,1,1
122,42,94,122,1,1
123,42,222,123,1,1
124,42,62,124,1,1
125,42,190,125,1,1
126,42,126,126,1,1
127,42,254,127,1,1
128,42,1,128,1,1
129,42,129,129,1,1
130,42,65,130,1,1
131,42,193,131,1,1
132,42,33,132,1,1
133,42,161,133,1,1
134,42,97,134,1,1
135,42,225,135,1,1
136,42,17,136,1,1
137,42,145,137,1,1
138,42,81,138,1,1
139,42,209,139,1,1
140,42,49,140,1,1
141,42,177,141,1,1
142,42,113,142,1,1
143,42,241,143,1,1
144,42,9,144,1,1
145,42,137,145,1,1
146,42,73,146,1,1
147,42,201,147,1,1
148,42,41,148,1,1
149,42,169,149,1,1
150,42,105,150,1,1
151,42,233,151,1,1
152,42,25,152,1,1
153,42,153,153,1,1
154,42,89,154,1,1
155,42,217,155,1,1
156,42,57,156,1,1
157,42,185,157,1,1
158,42,121,158,1,1
159,42,249,159,1,1
160,42,5,160,1,1
161,42,133,161,1,1
162,42,69,162,1,1
163,42,197,163,1,1
164,42,37,164,1,1
165,42,165,165,1,1
166,42,101,166,1,1
167,42,229,167,1,1
168,42,21,168,1,1
169,42,149,169,1,1
170,42,85,170,1,1
171,42,213,171,1,1
172,42,53,172,1,1
173,42,181,173,1,1
174,42,117,174,1,1
175,42,245,175,1,1
176,42,13,176,1,1
177,42,141,177,1,1
178,42,77,178,1,1
179,42,205,179,1,1
180,42,45,180,1,1
181,42,173,181,1,1
182,42,109,182,1,1
183,42,237,183,1,1
184,42,29,184,1,1
185,42,157,185,1,1
186,42,93,186,1,1
187,42,221,187,1,1
188,42,61,188,1,1
189,42,189,189,1,1
190,42,125,190,1,1
191,42,253,191,1,1
192,42,3,192,1,1
193,42,131,193,1,1
194,42,67,194,1,1
195,42,195,195,1,1
196,42,35,196,1,1
197,42,163,197,1,1
198,42,99,198,1,1
199,42,227,199,1,1
200,42,19,200,1,1
201,42,147,201,1,1
202,42,83,202,1,1
203,42,211,203,1,1
204,42,51,204,1,1
205,42,179,205,1,1
206,42,115,206,1,1
207,42,243,207,1,1
208,42,11,208,1,1
209,42,139,209,1,1
210,42,75,210,1,1
211,42,203,211,1,1
212,42,43,212,1,1
213,42,171,213,1,1
214,42,107,214,1,1
215,42,235,215,1,1
216,42,27,216,1,1
217,42,155,217,1,1
218,42,91,218,1,1
219,42,219,219,1,1
220,42,59,220,1,1
221,42,187,221,1,1
222,42,123,222,1,1
223,42,251,223,1,1
224,42,7,224,1,1
225,42,135,225,1,1
226,42,71,226,1,1
227,42,199,227,1,1
228,42,39,228,1,1
229,42,167,229,1,1
230,42,103,230,1,1
231,42,231,231,1,1
232,42,23,232,1,1
233,42,151,233,1,1
234,42,87,234,1,1
235,42,215,235,1,1
236,42,55,236,1,1
237,42,183,237,1,1
238,42,119,238,1,1
239,42,247,239,1,1
240,42,15,240,1,1
241,42,143,241,1,1
242,42,79,242,1,1
243,42,207,243,1,1
244,42,47,244,1,1
245,42,175,245,1,1
246,42,111,246,1,1
247,42,239,247,1,1
248,42,31,248,1,1
249,42,159,249,1,1
250,42,95,250,1,1
251,42,223,251,1,1
252,42,63,252,1,1
253,42,191,253,1,1
254,42,127,254,1,1
255,42,255,255,1,1
0,43,0,0,0,1
1,43,64,1,1,1
2,43,128,2,1,1
3,43,192,3,1,1
4,43,16,4,1,1
5,43,80,5,1,1
6,43,144,6,1,1
7,43,208,7,1,1
8,43,32,8,1,1
9,43,96,9,1,1
10,43,160,10,1,1
11,43,224,11,1,1
12,43,48,12,1,1
13,43,112,13,1,1
14,43,176,14,1,1
15,43,240,15,1,1
16,43,4,16,1,1
17,43,68,17,1,1
18,43,132,18,1,1
19,43,196,19,1,1
20,43,20,20,1,1
21,43,84,21,1,1
22,43,148,22,1,1
23,43,212,23,1,1
24,43,36,24,1,1
25,43,100,25,1,1
26,43,164,26,1,1
27,43,228,27,1,1
28,43,52,28,1,1
29,43,116,29,1,1
30,43,180,30,1,1
31,43,244,31,1,1
32,43,8,32,1,1
33,43,72,33,1,1
34,43,136,34,1,1
35,43,200,35,1,1
36,43,24,36,1,1
37,43,88,37,1,1
38,43,152,38,1,1
39,43,216,39,1,1
40,43,40,40,1,1
41,43,104,41,1,1
42,43,168,42,1,1
43,43,232,43,1,1
44,43,56,44,1,1
45,43,120,45,1,1
46,43,184,46,1,1
47,43,248,47,1,1
48,43,12,48,1,1
49,43,76,49,1,1
50,43,140,50,1,1
51,43,204,51,1,1
52,43,28,52,1,1
53,43,92,53,1,1
54,43,156,54,1,1
55,43,220,55,1,1
56,43,44,56,1,1
57,43,108,57,1,1
58,43,172,58,1,1
59,43,236,59,1,1
60,43,60,60,1,1
61,43,124,61,1,1
62,43,188,62,1,1
63,43,252,63,1,1
64,43,1,64,1,1
65,43,65,65,1,1
66,43,129,66,1,1
67,43,193,67,1,1
68,43,17,68,1,1
69,43,81,69,1,1
70,43,145,70,1,1
71,43,209,71,1,1
72,43,33,72,1,1
73,43,97,73,1,1
74,43,161,74,1,1
75,43,225,75,1,1
76,43,49,76,1,1
77,43,113,77,1,1
78,43,177,78,1,1
79,43,241,79,1,1
80,43,5,80,1,1
81,43,69,81,1,1
82,43,133,82,1,1
83,43,197,83,1,1
84,43,21,84,1,1
85,43,85,85,1,1
86,43,149,86,1,1
87,43,213,87,1,1
88,43,37,88,1,1
89,43,101,89,1,1
90,43,165,90,1,1
91,43,229,91,1,1
92,43,53,92,1,1
93,43,117,93,1,1
94,43,181,94,1,1
95,43,245,95,1,1
96,43,9,96,1,1
97,43,73,97,1,1
98,43,137,98,1,1
99,43,201,99,1,1
100,43,25,100,1,1
101,43,89,101,1,1
102,43,153,102,1,1
103,43,217,103,1,1
104,43,41,104,1,1
105,43,105,105,1,1
106,43,169,106,1,1
107,43,233,107,1,1
108,43,57,108,1,1
109,43,121,109,1,1
110,43,185,110,1,1
111,43,249,111,1,1
112,43,13,112,1,1
113,43,77,113,1,1
114,43,141,114,1,1
115,43,205,115,1,1
116,43,29,116,1,1
117,43,93,117,1,1
118,43,157,118,1,1
119,43,221,119,1,1
120,43,45,120,1,1
121,43,109,121,1,1
122,43,173,122,1,1
123,43,237,123,1,1
124,43,61,124,1,1
125,43,125,125,1,1
126,43,189,126,1,1
127,43,253,127,1,1
128,43,2,128,1,1
129,43,66,129,1,1
130,43,130,130,1,1
131,43,194,131,1,1
132,43,18,132,1,1
133,43,82,133,1,1
134,43,146,134,1,1
135,43,210,135,1,1
136,43,34,136,1,1
137,43,98,137,1,1
138,43,162,138,1,1
139,43,226,139,1,1
140,43,50,140,1,1
141,43,114,141,1,1
142,43,178,142,1,1
143,43,242,143,1,1
144,43,6,144,1,1
145,43,70,145,1,1
146,43,134,146,1,1
147,43,198,147,1,1
148,43,22,148,1,1
149,43,86,149,1,1
150,43,150,150,1,1
151,43,214,151,1,1
152,43,38,152,1,1
153,43,102,153,1,1
154,43,166,154,1,1
155,43,230,155,1,1
156,43,54,156,1,1
157,43,118,157,1,1
158,43,182,158,1,1
159,43,246,159,1,1
160,43,10,160,1,1
161,43,74,161,1,1
162,43,138,162,1,1
163,43,202,163,1,1
164,43,26,164,1,1
165,43,90,165,1,1
166,43,154,166,1,1
167,43,218,167,1,1
168,43,42,168,1,1
169,43,106,169,1,1
170,43,170,170,1,1
171,43,234,171,1,1
172,43,58,172,1,1
173,43,122,173,1,1
174,43,186,174,1,1
175,43,250,175,1,1
176,43,14,176,1,1
177,43,78,177,1,1
178,43,142,178,1,1
179,43,206,179,1,1
180,43,30,180,1,1
181,43,94,181,1,1
182,43,158,182,1,1
183,43,222,183,1,1
184,43,46,184,1,1
185,43,110,185,1,1
186,43,174,186,1,1
187,43,238,187,1,1
188,43,62,188,1,1
189,43,126,189,1,1
190,43,190,190,1,1
191,43,254,191,1,1
192,43,3,192,1,1
193,43,67,193,1,1
194,43,131,194,1,1
195,43,195,195,1,1
196,43,19,196,1,1
197,43,83,197,1,1
198,43,147,198,1,1
199,43,211,199,1,1
200,43,35,200,1,1
201,43,99,201,1,1
202,43,163,202,1,1
203,43,227,203,1,1
204,43,51,204,1,1
205,43,115,205,1,1
206,43,179,206,1,1
207,43,243,207,1,1
208,43,7,208,1,1
209,43,71,209,1,1
210,43,135,210,1,1
211,43,199,211,1,1
212,43,23,212,1,1
213,43,87,213,1,1
214,43,151,214,1,1
215,43,215,215,1,1
216,43,39,216,1,1
217,43,103,217,1,1
218,43,167,218,1,1
219,43,231,219,1,1
220,43,55,220,1,1
221,43,119,221,1,1
222,43,183,222,1,1
223,43,247,223,1,1
224,43,11,224,1,1
225,43,75,225,1,1
226,43,139,226,1,1
227,43,203,227,1,1
228,43,27,228,1,1
229,43,91,229,1,1
230,43,155,230,1,1
231,43,219,231,1,1
232,43,43,232,1,1
233,43,107,233,1,1
234,43,171,234,1,1
235,43,235,235,1,1
236,43,59,236,1,1
237,43,123,237,1,1
238,43,187,238,1,1
239,43,251,239,1,1
240,43,15,240,1,1
241,43,79,241,1,1
242,43,143,242,1,1
243,43,207,243,1,1
244,43,31,244,1,1
245,43,95,245,1,1
246,43,159,246,1,1
247,43,223,247,1,1
248,43,47,248,1,1
249,43,111,249,1,1
250,43,175,250,1,1
251,43,239,251,1,1
252,43,63,252,1,1
253,43,127,253,1,1
254,43,191,254,1,1
255,43,255,255,1,1
0,44,0,0,0,1
1,44,32,1,1,1
2,44,48,2,1,1
3,44,16,3,1,1
4,44,128,4,1,1
5,44,160,5,1,1
6,44,176,6,1,1
7,44,144,7,1,1
8,44,192,8,1,1
9,44,224,9,1,1
10,44,240,10,1,1
11,44,208,11,1,1
12,44,64,12,1,1
13,44,96,13,1,1
14,44,112,14,1,1
15,44,80,15,1,1
16,44,2,16,1,1
17,44,34,17,1,1
18,44,50,18,1,1
19,44,18,19,1,1
20,44,130,20,1,1
21,44,162,21,1,1
22,44,178,22,1,1
23,44,146,23,1,1
24,44,194,24,1,1
25,44,226,25,1,1
26,44,242,26,1,1
27,44,210,27,1,1
28,44,66,28,1,1
29,44,98,29,1,1
30,44,114,30,1,1
31,44,82,31,1,1
32,44,3,32,1,1
33,44,35,33,1,1
34,44,51,34,1,1
35,44,19,35,1,1
36,44,131,36,1,1
37,44,163,37,1,1
38,44,179,38,1,1
39,44,147,39,1,1
40,44,195,40,1,1
41,44,227,41,1,1
42,44,243,42,1,1
43,44,211,43,1,1
44,44,67,44,1,1
45,44,99,45,1,1
46,44,115,46,1,1
47,44,83,47,1,1
48,44,1,48,1,1
49,44,33,49,1,1
50,44,49,50,1,1
51,44,17,51,1,1
52,44,129,52,1,1
53,44,161,53,1,1
54,44,177,54,1,1
55,44,145,55,1,1
56,44,193,56,1,1
57,44,225,57,1,1
58,44,241,58,1,1
59,44,209,59,1,1
60,44,65,60,1,1
61,44,97,61,1,1
62,44,113,62,1,1
63,44,81,63,1,1
64,44,8,64,1,1
65,44,40,65,1,1
66,44,56,66,1,1
67,44,24,67,1,1
68,44,136,68,1,1
69,44,168,69,1,1
70,44,184,70,1,1
71,44,152,71,1,1
72,44,200,72,1,1
73,44,232,73,1,1
74,44,248,74,1,1
75,44,216,75,1,1
76,44,72,76,1,1
77,44,104,77,1,1
78,44,120,78,1,1
79,44,88,79,1,1
80,44,10,80,1,1
81,44,42,81,1,1
82,44,58,82,1,1
83,44,26,83,1,1
84,44,138,84,1,1
85,44,170,85,1,1
86,44,186,86,1,1
87,44,154,87,1,1
88,44,202,88,1,1
89,44,234,89,1,1
90,44,250,90,1,1
91,44,218,91,1,1
92,44,74,92,1,1
93,44,106,93,1,1
94,44,122,94,1,1
95,44,90,95,1,1
96,44,11,96,1,1
97,44,43,97,1,1
98,44,59,98,1,1
99,44,27,99,1,1
100,44,139,100,1,1
101,44,171,101,1,1
102,44,187,102,1,1
103,44,155,103,1,1
104,44,203,104,1,1
105,44,235,105,1,1
106,44,251,106,1,1
107,44,219,107,1,1
108,44,75,108,1,1
109,44,107,109,1,1
110,44,123,110,1,1
111,44,91,111,1,1
112,44,9,112,1,1
113,44,41,113,1,1
114,44,57,114,1,1
115,44,25,115,1,1
116,44,137,116,1,1
117,44,169,117,1,1
118,44,185,118,1,1
119,44,153,119,1,1
120,44,201,120,1,1
121,44,233,121,1,1
122,44,249,122,1,1
123,44,217,123,1,1
124,44,73,124,1,1
125,44,105,125,1,1
126,44,121,126,1,1
127,44,89,127,1,1
128,44,12,128,1,1
129,44,44,129,1,1
130,44,60,130,1,1
131,44,28,131,1,1
132,44,140,132,1,1
133,44,172,133,1,1
134,44,188,134,1,1
135,44,156,135,1,1
136,44,204,136,1,1
137,44,236,137,1,1
138,44,252,138,1,1
139,44,220,139,1,1
140,44,76,140,1,1
141,44,108,141,1,1
142,44,124,142,1,1
143,44,92,143,1,1
144,44,14,144,1,1
145,44,46,145,1,1
146,44,62,146,1,1
147,44,30,147,1,1
148,44,142,148,1,1
149,44,174,149,1,1
150,44,190,150,1,1
151,44,158,151,1,1
152,44,206,152,1,1
153,44,238,153,1,1
154,44,254,154,1,1
155,44,222,155,1,1
156,44,78,156,1,1
157,44,110,157,1,1
158,44,126,158,1,1
159,44,94,159,1,1
160,44,15,160,1,1
161,44,47,161,1,1
162,44,63,162,1,1
163,44,31,163,1,1
164,44,143,164,1,1
165,44,175,165,1,1
166,44,191,166,1,1
167,44,159,167,1,1
168,44,207,168,1,1
169,44,239,169,1,1
170,44,255,170,1,1
171,44,223,171,1,1
172,44,79,172,1,1
173,44,111,173,1,1
174,44,127,174,1,1
175,44,95,175,1,1
176,44,13,176,1,1
177,44,45,177,1,1
178,44,61,178,1,1
179,44,29,179,1,1
180,44,141,180,1,1
181,44,173,181,1,1
182,44,189,182,1,1
183,44,157,183,1,1
184,44,205,184,1,1
185,44,237,185,1,1
186,44,253,186,1,1
187,44,221,187,1,1
188,44,77,188,1,1
189,44,109,189,1,1
190,44,125,190,1,1
191,44,93,191,1,1
192,44,4,192,1,1
193,44,36,193,1,1
194,44,52,194,1,1
195,44,20,195,1,1
196,44,132,196,1,1
197,44,164,197,1,1
198,44,180,198,1,1
199,44,148,199,1,1
200,44,196,200,1,1
201,44,228,201,1,1
202,44,244,202,1,1
203,44,212,203,1,1
204,44,68,204,1,1
205,44,100,205,1,1
206,44,116,206,1,1
207,44,84,207,1,1
208,44,6,208,1,1
209,44,38,209,1,1
210,44,54,210,1,1
211,44,22,211,1,1
212,44,134,212,1,1
213,44,166,213,1,1
214,44,182,214,1,1
215,44,150,215,1,1
216,44,198,216,1,1
217,44,230,217,1,1
218,44,246,218,1,1
219,44,214,219,1,1
220,44,70,220,1,1
221,44,102,221,1,1
222,44,118,222,1,1
223,44,86,223,1,1
224,44,7,224,1,1
225,44,39,225,1,1
226,44,55,226,1,1
227,44,23,227,1,1
228,44,135,228,1,1
229,44,167,229,1,1
230,44,183,230,1,1
231,44,151,231,1,1
232,44,199,232,1,1
233,44,231,233,1,1
234,44,247,234,1,1
235,44,215,235,1,1
236,44,71,236,1,1
237,44,103,237,1,1
238,44,119,238,1,1
239,44,87,239,1,1
240,44,5,240,1,1
241,44,37,241,1,1
242,44,53,242,1,1
243,44,21,243,1,1
244,44,133,244,1,1
245,44,165,245,1,1
246,44,181,246,1,1
247,44,149,247,1,1
248,44,197,248,1,1
249,44,229,249,1,1
250,44,245,250,1,1
251,44,213,251,1,1
252,44,69,252,1,1
253,44,101,253,1,1
254,44,117,254,1,1
255,44,85,255,1,1
0,45,0,0,0,1
1,45,16,1,1,1
2,45,48,2,1,1
3,45,32,3,1,1
4,45,64,4,1,1
5,45,80,5,1,1
6,45,112,6,1,1
7,45,96,7,1,1
8,45,192,8,1,1
9,45,208,9,1,1
10,45,240,10,1,1
11,45,224,11,1,1
12,45,128,12,1,1
13,45,144,13,1,1
14,45,176,14,1,1
15,45,160,15,1,1
16,45,1,16,1,1
17,45,17,17,1,1
18,45,49,18,1,1
19,45,33,19,1,1
20,45,65,20,1,1
21,45,81,21,1,1
22,45,113,22,1,1
23,45,97,23,1,1
24,45,193,24,1,1
25,45,209,25,1,1
26,45,241,26,1,1
27,45,225,27,1,1
28,45,129,28,1,1
29,45,145,29,1,1
30,45,177,30,1,1
31,45,161,31,1,1
32,45,3,32,1,1
33,45,19,33,1,1
34,45,51,34,1,1
35,45,35,35,1,1
36,45,67,36,1,1
37,45,83,37,1,1
38,45,115,38,1,1
39,45,99,39,1,1
40,45,195,40,1,1
41,45,211,41,1,1
42,45,243,42,1,1
43,45,227,43,1,1
44,45,131,44,1,1
45,45,147,45,1,1
46,45,179,46,1,1
47,45,163,47,1,1
48,45,2,48,1,1
49,45,18,49,1,1
50,45,50,50,1,1
51,45,34,51,1,1
52,45,66,52,1,1
53,45,82,53,1,1
54,45,114,54,1,1
55,45,98,55,1,1
56,45,194,56,1,1
57,45,210,57,1,1
58,45,242,58,1,1
59,45,226,59,1,1
60,45,130,60,1,1
61,45,146,61,1,1
62,45,178,62,1,1
63,45,162,63,1,1
64,45,4,64,1,1
65,45,20,65,1,1
66,45,52,66,1,1
67,45,36,67,1,1
68,45,68,68,1,1
69,45,84,69,1,1
70,45,116,70,1,1
71,45,100,71,1,1
72,45,196,72,1,1
73,45,212,73,1,1
74,45,244,74,1,1
75,45,228,75,1,1
76,45,132,76,1,1
77,45,148,77,1,1
78,45,180,78,1,1
79,45,164,79,1,1
80,45,5,80,1,1
81,45,21,81,1,1
82,45,53,82,1,1
83,45,37,83,1,1
84,45,69,84,1,1
85,45,85,85,1,1
86,45,117,86,1,1
87,45,101,87,1,1
88,45,197,88,1,1
89,45,213,89,1,1
90,45,245,90,1,1
91,45,229,91,1,1
92,45,133,92,1,1
93,45,149,93,1,1
94,45,181,94,1,1
95,45,165,95,1,1
96,45,7,96,1,1
97,45,23,97,1,1
98,45,55,98,1,1
99,45,39,99,1,1
100,45,71,100,1,1
101,45,87,101,1,1
102,45,119,102,1,1
103,45,103,103,1,1
104,45,199,104,1,1
105,45,215,105,1,1
106,45,247,106,1,1
107,45,231,107,1,1
108,45,135,108,1,1
109,45,151,109,1,1
110,45,183,110,1,1
111,45,167,111,1,1
112,45,6,112,1,1
113,45,22,113,1,1
114,45,54,114,1,1
115,45,38,115,1,1
116,45,70,116,1,1
117,45,86,117,1,1
118,45,118,118,1,1
119,45,102,119,1,1
120,45,198,120,1,1
121,45,214,121,1,1
122,45,246,122,1,1
123,45,230,123,1,1
124,45,134,124,1,1
125,45,150,125,1,1
126,45,182,126,1,1
127,45,166,127,1,1
128,45,12,128,1,1
129,45,28,129,1,1
130,45,60,130,1,1
131,45,44,131,1,1
132,45,76,132,1,1
133,45,92,133,1,1
134,45,124,134,1,1
135,45,108,135,1,1
136,45,204,136,1,1
137,45,220,137,1,1
138,45,252,138,1,1
139,45,236,139,1,1
140,45,140,140,1,1
141,45,156,141,1,1
142,45,188,142,1,1
143,45,172,143,1,1
144,45,13,144,1,1
145,45,29,145,1,1
146,45,61,146,1,1
147,45,45,147,1,1
148,45,77,148,1,1
149,45,93,149,1,1
150,45,125,150,1,1
151,45,109,151,1,1
152,45,205,152,1,1
153,45,221,153,1,1
154,45,253,154,1,1
155,45,237,155,1,1
156,45,141,156,1,1
157,45,157,157,1,1
158,45,189,158,1,1
159,45,173,159,1,1
160,45,15,160,1,1
161,45,31,161,1,1
162,45,63,162,1,1
163,45,47,163,1,1
164,45,79,164,1,1
165,45,95,165,1,1
166,45,127,166,1,1
167,45,111,167,1,1
168,45,207,168,1,1
169,45,223,169,1,1
170,45,255,170,1,1
171,45,239,171,1,1
172,45,143,172,1,1
173,45,159,173,1,1
174,45,191,174,1,1
175,45,175,175,1,1
176,45,14,176,1,1
177,45,30,177,1,1
178,45,62,178,1,1
179,45,46,179,1,1
180,45,78,180,1,1
181,45,94,181,1,1
182,45,126,182,1,1
183,45,110,183,1,1
184,45,206,184,1,1
185,45,222,185,1,1
186,45,254,186,1,1
187,45,238,187,1,1
188,45,142,188,1,1
189,45,158,189,1,1
190,45,190,190,1,1
191,45,174,191,1,1
192,45,8,192,1,1
193,45,24,193,1,1
194,45,56,194,1,1
195,45,40,195,1,1
196,45,72,196,1,1
197,45,88,197,1,1
198,45,120,198,1,1
199,45,104,199,1,1
200,45,200,200,1,1
201,45,216,201,1,1
202,45,248,202,1,1
203,45,232,203,1,1
204,45,136,204,1,1
205,45,152,205,1,1
206,45,184,206,1,1
207,45,168,207,1,1
208,45,9,208,1,1
209,45,25,209,1,1
210,45,57,210,1,1
211,45,41,211,1,1
212,45,73,212,1,1
213,45,89,213,1,1
214,45,121,214,1,1
215,45,105,215,1,1
216,45,201,216,1,1
217,45,217,217,1,1
218,45,249,218,1,1
219,45,233,219,1,1
220,45,137,220,1,1
221,45,153,221,1,1
222,45,185,222,1,1
223,45,169,223,1,1
224,45,11,224,1,1
225,45,27,225,1,1
226,45,59,226,1,1
227,45,43,227,1,1
228,45,75,228,1,1
229,45,91,229,1,1
230,45,123,230,1,1
231,45,107,231,1,1
232,45,203,232,1,1
233,45,219,233,1,1
234,45,251,234,1,1
235,45,235,235,1,1
236,45,139,236,1,1
237,45,155,237,1,1
238,45,187,238,1,1
239,45,171,239,1,1
240,45,10,240,1,1
241,45,26,241,1,1
242,45,58,242,1,1
243,45,42,243,1,1
244,45,74,244,1,1
245,45,90,245,1,1
246,45,122,246,1,1
247,45,106,247,1,1
248,45,202,248,1,1
249,45,218,249,1,1
250,45,250,250,1,1
251,45,234,251,1,1
252,45,138,252,1,1
253,45,154,253,1,1
254,45,186,254,1,1
255,45,170,255,1,1
0,46,0,0,0,1
1,46,32,1,1,1
2,46,16,2,1,1
3,46,48,3,1,1
4,46,128,4,1,1
5,46,160,5,1,1
6,46,144,6,1,1
7,46,176,7,1,1
8,46,64,8,1,1
9,46,96,9,1,1
10,46,80,10,1,1
11,46,112,11,1,1
12,46,192,12,1,1
13,46,224,13,1,1
14,46,208,14,1,1
15,46,240,15,1,1
16,46,2,16,1,1
17,46,34,17,1,1
18,46,18,18,1,1
19,46,50,19,1,1
20,46,130,20,1,1
21,46,162,21,1,1
22,46,146,22,1,1
23,46,178,23,1,1
24,46,66,24,1,1
25,46,98,25,1,1
26,46,82,26,1,1
27,46,114,27,1,1
28,46,194,28,1,1
29,46,226,29,1,1
30,46,210,30,1,1
31,46,242,31,1,1
32,46,1,32,1,1
33,46,33,33,1,1
34,46,17,34,1,1
35,46,49,35,1,1
36,46,129,36,1,1
37,46,161,37,1,1
38,46,145,38,1,1
39,46,177,39,1,1
40,46,65,40,1,1
41,46,97,41,1,1
42,46,81,42,1,1
43,46,113,43,1,1
44,46,193,44,1,1
45,46,225,45,1,1
46,46,209,46,1,1
47,46,241,47,1,1
48,46,3,48,1,1
49,46,35,49,1,1
50,46,19,50,1,1
51,46,51,51,1,1
52,46,131,52,1,1
53,46,163,53,1,1
54,46,147,54,1,1
55,46,179,55,1,1
56,46,67,56,1,1
57,46,99,57,1,1
58,46,83,58,1,1
59,46,115,59,1,1
60,46,195,60,1,1
61,46,227,61,1,1
62,46,211,62,1,1
63,46,243,63,1,1
64,46,8,64,1,1
65,46,40,65,1,1
66,46,24,66,1,1
67,46,56,67,1,1
68,46,136,68,1,1
69,46,168,69,1,1
70,46,152,70,1,1
71,46,184,71,1,1
72,46,72,72,1,1
73,46,104,73,1,1
74,46,88,74,1,1
75,46,120,75,1,1
76,46,200,76,1,1
77,46,232,77,1,1
78,46,216,78,1,1
79,46,248,79,1,1
80,46,10,80,1,1
81,46,42,81,1,1
82,46,26,82,1,1
83,46,58,83,1,1
84,46,138,84,1,1
85,46,170,85,1,1
86,46,154,86,1,1
87,46,186,87,1,1
88,46,74,88,1,1
89,46,106,89,1,1
90,46,90,90,1,1
91,46,122,91,1,1
92,46,202,92,1,1
93,46,234,93,1,1
94,46,218,94,1,1
95,46,250,95,1,1
96,46,9,96,1,1
97,46,41,97,1,1
98,46,25,98,1,1
99,46,57,99,1,1
100,46,137,100,1,1
101,46,169,101,1,1
102,46,153,102,1,1
103,46,185,103,1,1
104,46,73,104,1,1
105,46,105,105,1,1
106,46,89,106,1,1
107,46,121,107,1,1
108,46,201,108,1,1
109,46,233,109,1,1
110,46,217,110,1,1
111,46,249,111,1,1
112,46,11,112,1,1
113,46,43,113,1,1
114,46,27,114,1,1
115,46,59,115,1,1
116,46,139,116,1,1
117,46,171,117,1,1
118,46,155,118,1,1
119,46,187,119,1,1
120,46,75,120,1,1
121,46,107,121,1,1
122,46,91,122,1,1
123,46,123,123,1,1
124,46,203,124,1,1
125,46,235,125,1,1
126,46,219,126,1,1
127,46,251,127,1,1
128,46,4,128,1,1
129,46,36,129,1,1
130,46,20,130,1,1
131,46,52,131,1,1
132,46,132,132,1,1
133,46,164,133,1,1
134,46,148,134,1,1
135,46,180,135,1,1
136,46,68,136,1,1
137,46,100,137,1,1
138,46,84,138,1,1
139,46,116,139,1,1
140,46,196,140,1,1
141,46,228,141,1,1
142,46,212,142,1,1
143,46,244,143,1,1
144,46,6,144,1,1
145,46,38,145,1,1
146,46,22,146,1,1
147,46,54,147,1,1
148,46,134,148,1,1
149,46,166,149,1,1
150,46,150,150,1,1
151,46,182,151,1,1
152,46,70,152,1,1
153,46,102,153,1,1
154,46,86,154,1,1
155,46,118,155,1,1
156,46,198,156,1,1
157,46,230,157,1,1
158,46,214,158,1,1
159,46,246,159,1,1
160,46,5,160,1,1
161,46,37,161,1,1
162,46,21,162,1,1
163,46,53,163,1,1
164,46,133,164,1,1
165,46,165,165,1,1
166,46,149,166,1,1
167,46,181,167,1,1
168,46,69,168,1,1
169,46,101,169,1,1
170,46,85,170,1,1
171,46,117,171,1,1
172,46,197,172,1,1
173,46,229,173,1,1
174,46,213,174,1,1
175,46,245,175,1,1
176,46,7,176,1,1
177,46,39,177,1,1
178,46,23,178,1,1
179,46,55,179,1,1
180,46,135,180,1,1
181,46,167,181,1,1
182,46,151,182,1,1
183,46,183,183,1,1
184,46,71,184,1,1
185,46,103,185,1,1
186,46,87,186,1,1
187,46,119,187,1,1
188,46,199,188,1,1
189,46,231,189,1,1
190,46,215,190,1,1
191,46,247,191,1,1
192,46,12,192,1,1
193,46,44,193,1,1
194,46,28,194,1,1
195,46,60,195,1,1
196,46,140,196,1,1
197,46,172,197,1,1
198,46,156,198,1,1
199,46,188,199,1,1
200,46,76,200,1,1
201,46,108,201,1,1
202,46,92,202,1,1
203,46,124,203,1,1
204,46,204,204,1,1
205,46,236,205,1,1
206,46,220,206,1,1
207,46,252,207,1,1
208,46,14,208,1,1
209,46,46,209,1,1
210,46,30,210,1,1
211,46,62,211,1,1
212,46,142,212,1,1
213,46,174,213,1,1
214,46,158,214,1,1
215,46,190,215,1,1
216,46,78,216,1,1
217,46,110,217,1,1
218,46,94,218,1,1
219,46,126,219,1,1
220,46,206,220,1,1
221,46,238,221,1,1
222,46,222,222,1,1
223,46,254,223,1,1
224,46,13,224,1,1
225,46,45,225,1,1
226,46,29,226,1,1
227,46,61,227,1,1
228,46,141,228,1,1
229,46,173,229,1,1
230,46,157,230,1,1
231,46,189,231,1,1
232,46,77,232,1,1
233,46,109,233,1,1
234,46,93,234,1,1
235,46,125,235,1,1
236,46,205,236,1,1
237,46,237,237,1,1
238,46,221,238,1,1
239,46,253,239,1,1
240,46,15,240,1,1
241,46,47,241,1,1
242,46,31,242,1,1
243,46,63,243,1,1
244,46,143,244,1,1
245,46,175,245,1,1
246,46,159,246,1,1
247,46,191,247,1,1
248,46,79,248,1,1
249,46,111,249,1,1
250,46,95,250,1,1
251,46,127,251,1,1
252,46,207,252,1,1
253,46,239,253,1,1
254,46,223,254,1,1
255,46,255,255,1,1
0,47,0,0,0,1
1,47,16,1,1,1
2,47,32,2,1,1
3,47,48,3,1,1
4,47,64,4,1,1
5,47,80,5,1,1
6,47,96,6,1,1
7,47,112,7,1,1
8,47,128,8,1,1
9,47,144,9,1,1
10,47,160,10,1,1
11,47,176,11,1,1
12,47,192,12,1,1
13,47,208,13,1,1
14,47,224,14,1,1
15,47,240,15,1,1
16,47,1,16,1,1
17,47,17,17,1,1
18,47,33,18,1,1
19,47,49,19,1,1
20,47,65,20,1,1
21,47,81,21,1,1
22,47,97,22,1,1
23,47,113,23,1,1
24,47,129,24,1,1
25,47,145,25,1,1
26,47,161,26,1,1
27,47,177,27,1,1
28,47,193,28,1,1
29,47,209,29,1,1
30,47,225,30,1,1
31,47,241,31,1,1
32,47,2,32,1,1
33,47,18,33,1,1
34,47,34,34,1,1
35,47,50,35,1,1
36,47,66,36,1,1
37,47,82,37,1,1
38,47,98,38,1,1
39,47,114,39,1,1
40,47,130,40,1,1
41,47,146,41,1,1
42,47,162,42,1,1
43,47,178,43,1,1
44,47,194,44,1,1
45,47,210,45,1,1
46,47,226,46,1,1
47,47,242,47,1,1
48,47,3,48,1,1
49,47,19,49,1,1
50,47,35,50,1,1
51,47,51,51,1,1
52,47,67,52,1,1
53,47,83,53,1,1
54,47,99,54,1,1
55,47,115,55,1,1
56,47,131,56,1,1
57,47,147,57,1,1
58,47,163,58,1,1
59,47,179,59,1,1
60,47,195,60,1,1
61,47,211,61,1,1
62,47,227,62,1,1
63,47,243,63,1,1
64,47,4,64,1,1
65,47,20,65,1,1
66,47,36,66,1,1
67,47,52,67,1,1
68,47,68,68,1,1
69,47,84,69,1,1
70,47,100,70,1,1
71,47,116,71,1,1
72,47,132,72,1,1
73,47,148,73,1,1
74,47,164,74,1,1
75,47,180,75,1,1
76,47,196,76,1,1
77,47,212,77,1,1
78,47,228,78,1,1
79,47,244,79,1,1
80,47,5,80,1,1
81,47,21,81,1,1
82,47,37,82,1,1
83,47,53,83,1,1
84,47,69,84,1,1
85,47,85,85,1,1
86,47,101,86,1,1
87,47,117,87,1,1
88,47,133,88,1,1
89,47,149,89,1,1
90,47,165,90,1,1
91,47,181,91,1,1
92,47,197,92,1,1
93,47,213,93,1,1
94,47,229,94,1,1
95,47,245,95,1,1
96,47,6,96,1,1
97,47,22,97,1,1
98,47,38,98,1,1
99,47,54,99,1,1
100,47,70,100,1,1
101,47,86,101,1,1
102,47,102,102,1,1
103,47,118,103,1,1
104,47,134,104,1,1
105,47,150,105,1,1
106,47,166,106,1,1
107,47,182,107,1,1
108,47,198,108,1,1
109,47,214,109,1,1
110,47,230,110,1,1
111,47,246,111,1,1
112,47,7,112,1,1
113,47,23,113,1,1
114,47,39,114,1,1
115,47,55,115,1,1
116,47,71,116,1,1
117,47,87,117,1,1
118,47,103,118,1,1
119,47,119,119,1,1
120,47,135,120,1,1
121,47,151,121,1,1
122,47,167,122,1,1
123,47,183,123,1,1
124,47,199,124,1,1
125,47,215,125,1,1
126,47,231,126,1,1
127,47,247,127,1,1
128,47,8,128,1,1
129,47,24,129,1,1
130,47,40,130,1,1
131,47,56,131,1,1
132,47,72,132,1,1
133,47,88,133,1,1
134,47,104,134,1,1
135,47,120,135,1,1
136,47,136,136,1,1
137,47,152,137,1,1
138,47,168,138,1,1
139,47,184,139,1,1
140,47,200,140,1,1
141,47,216,141,1,1
142,47,232,142,1,1
143,47,248,143,1,1
144,47,9,144,1,1
145,47,25,145,1,1
146,47,41,146,1,1
147,47,57,147,1,1
148,47,73,148,1,1
149,47,89,149,1,1
150,47,105,150,1,1
151,47,121,151,1,1
152,47,137,152,1,1
153,47,153,153,1,1
154,47,169,154,1,1
155,47,185,155,1,1
156,47,201,156,1,1
157,47,217,157,1,1
158,47,233,158,1,1
159,47,249,159,1,1
160,47,10,160,1,1
161,47,26,161,1,1
162,47,42,162,1,1
163,47,58,163,1,1
164,47,74,164,1,1
165,47,90,165,1,1
166,47,106,166,1,1
167,47,122,167,1,1
168,47,138,168,1,1
169,47,154,169,1,1
170,47,170,170,1,1
171,47,186,171,1,1
172,47,202,172,1,1
173,47,218,173,1,1
174,47,234,174,1,1
175,47,250,175,1,1
176,47,11,176,1,1
177,47,27,177,1,1
178,47,43,178,1,1
179,47,59,179,1,1
180,47,75,180,1,1
181,47,91,181,1,1
182,47,107,182,1,1
183,47,123,183,1,1
184,47,139,184,1,1
185,47,155,185,1,1
186,47,171,186,1,1
187,47,187,187,1,1
188,47,203,188,1,1
189,47,219,189,1,1
190,47,235,190,1,1
191,47,251,191,1,1
192,47,12,192,1,1
193,47,28,193,1,1
194,47,44,194,1,1
195,47,60,195,1,1
196,47,76,196,1,1
197,47,92,197,1,1
198,47,108,198,1,1
199,47,124,199,1,1
200,47,140,200,1,1
201,47,156,201,1,1
202,47,172,202,1,1
203,47,188,203,1,1
204,47,204,204,1,1
205,47,220,205,1,1
206,47,236,206,1,1
207,47,252,207,1,1
208,47,13,208,1,1
209,47,29,209,1,1
210,47,45,210,1,1
211,47,61,211,1,1
212,47,77,212,1,1
213,47,93,213,1,1
214,47,109,214,1,1
215,47,125,215,1,1
216,47,141,216,1,1
217,47,157,217,1,1
218,47,173,218,1,1
219,47,189,219,1,1
220,47,205,220,1,1
221,47,221,221,1,1
222,47,237,222,1,1
223,47,253,223,1,1
224,47,14,224,1,1
225,47,30,225,1,1
226,47,46,226,1,1
227,47,62,227,1,1
228,47,78,228,1,1
229,47,94,229,1,1
230,47,110,230,1,1
231,47,126,231,1,1
232,47,142,232,1,1
233,47,158,233,1,1
234,47,174,234,1,1
235,47,190,235,1,1
236,47,206,236,1,1
237,47,222,237,1,1
238,47,238,238,1,1
239,47,254,239,1,1
240,47,15,240,1,1
241,47,31,241,1,1
242,47,47,242,1,1
243,47,63,243,1,1
244,47,79,244,1,1
245,47,95,245,1,1
246,47,111,246,1,1
247,47,127,247,1,1
248,47,143,248,1,1
249,47,159,249,1,1
250,47,175,250,1,1
251,47,191,251,1,1
252,47,207,252,1,1
253,47,223,253,1,1
254,47,239,254,1,1
255,47,255,255,1,1
0,48,0,0,0,1
1,48,8,1,1,1
2,48,12,2,1,1
3,48,4,3,1,1
4,48,10,4,1,1
5,48,2,5,1,1
6,48,6,6,1,1
7,48,14,7,1,1
8,48,15,8,1,1
9,48,7,9,1,1
10,48,3,10,1,1
11,48,11,11,1,1
12,48,5,12,1,1
13,48,13,13,1,1
14,48,9,14,1,1
15,48,1,15,1,1
16,48,128,16,1,1
17,48,136,17,1,1
18,48,140,18,1,1
19,48,132,19,1,1
20,48,138,20,1,1
21,48,130,21,1,1
22,48,134,22,1,1
23,48,142,23,1,1
24,48,143,24,1,1
25,48,135,25,1,1
26,48,131,26,1,1
27,48,139,27,1,1
28,48,133,28,1,1
29,48,141,29,1,1
30,48,137,30,1,1
31,48,129,31,1,1
32,48,192,32,1,1
33,48,200,33,1,1
34,48,204,34,1,1
35,48,196,35,1,1
36,48,202,36,1,1
37,48,194,37,1,1
38,48,198,38,1,1
39,48,206,39,1,1
40,48,207,40,1,1
41,48,199,41,1,1
42,48,195,42,1,1
43,48,203,43,1,1
44,48,197,44,1,1
45,48,205,45,1,1
46,48,201,46,1,1
47,48,193,47,1,1
48,48,64,48,1,1
49,48,72,49,1,1
50,48,76,50,1,1
51,48,68,51,1,1
52,48,74,52,1,1
53,48,66,53,1,1
54,48,70,54,1,1
55,48,78,55,1,1
56,48,79,56,1,1
57,48,71,57,1,1
58,48,67,58,1,1
59,48,75,59,1,1
60,48,69,60,1,1
61,48,77,61,1,1
62,48,73,62,1,1
63,48,65,63,1,1
64,48,160,64,1,1
65,48,168,65,1,1
66,48,172,66,1,1
67,48,164,67,1,1
68,48,170,68,1,1
69,48,162,69,1,1
70,48,166,70,1,1
71,48,174,71,1,1
72,48,175,72,1,1
73,48,167,73,1,1
74,48,163,74,1,1
75,48,171,75,1,1
76,48,165,76,1,1
77,48,173,77,1,1
78,48,169,78,1,1
79,48,161,79,1,1
80,48,32,80,1,1
81,48,40,81,1,1
82,48,44,82,1,1
83,48,36,83,1,1
84,48,42,84,1,1
85,48,34,85,1,1
86,48,38,86,1,1
87,48,46,87,1,1
88,48,47,88,1,1
89,48,39,89,1,1
90,48,35,90,1,1
91,48,43,91,1,1
92,48,37,92,1,1
93,48,45,93,1,1
94,48,41,94,1,1
95,48,33,95,1,1
96,48,96,96,1,1
97,48,104,97,1,1
98,48,108,98,1,1
99,48,100,99,1,1
100,48,106,100,1,1
101,48,98,101,1,1
102,48,102,102,1,1
103,48,110,103,1,1
104,48,111,104,1,1
105,48,103,105,1,1
106,48,99,106,1,1
107,48,107,107,1,1
108,48,101,108,1,1
109,48,109,109,1,1
110,48,105,110,1,1
111,48,97,111,1,1
112,48,224,112,1,1
113,48,232,113,1,1
114,48,236,114,1,1
115,48,228,115,1,1
116,48,234,116,1,1
117,48,226,117,1,1
118,48,230,118,1,1
119,48,238,119,1,1
120,48,239,120,1,1
121,48,231,121,1,1
122,48,227,122,1,1
123,48,235,123,1,1
124,48,229,124,1,1
125,48,237,125,1,1
126,48,233,126,1,1
127,48,225,127,1,1
128,48,240,128,1,1
129,48,248,129,1,1
130,48,252,130,1,1
131,48,244,131,1,1
132,48,250,132,1,1
133,48,242,133,1,1
134,48,246,134,1,1
135,48,254,135,1,1
136,48,255,136,1,1
137,48,247,137,1,1
138,48,243,138,1,1
139,48,251,139,1,1
140,48,245,140,1,1
141,48,253,141,1,1
142,48,249,142,1,1
143,48,241,143,1,1
144,48,112,144,1,1
145,48,120,145,1,1
146,48,124,146,1,1
147,48,116,147,1,1
148,48,122,148,1,1
149,48,114,149,1,1
150,48,118,150,1,1
151,48,126,151,1,1
152,48,127,152,1,1
153,48,119,153,1,1
154,48,115,154,1,1
155,48,123,155,1,1
156,48,117,156,1,1
157,48,125,157,1,1
158,48,121,158,1,1
159,48,113,159,1,1
160,48,48,160,1,1
161,48,56,161,1,1
162,48,60,162,1,1
163,48,52,163,1,1
164,48,58,164,1,1
165,48,50,165,1,1
166,48,54,166,1,1
167,48,62,167,1,1
168,48,63,168,1,1
169,48,55,169,1,1
170,48,51,170,1,1
171,48,59,171,1,1
172,48,53,172,1,1
173,48,61,173,1,1
174,48,57,174,1,1
175,48,49,175,1,1
176,48,176,176,1,1
177,48,184,177,1,1
178,48,188,178,1,1
179,48,180,179,1,1
180,48,186,180,1,1
181,48,178,181,1,1
182,48,182,182,1,1
183,48,190,183,1,1
184,48,191,184,1,1
185,48,183,185,1,1
186,48,179,186,1,1
187,48,187,187,1,1
188,48,181,188,1,1
189,48,189,189,1,1
190,48,185,190,1,1
191,48,177,191,1,1
192,48,80,192,1,1
193,48,88,193,1,1
194,48,92,194,1,1
195,48,84,195,1,1
196,48,90,196,1,1
197,48,82,197,1,1
198,48,86,198,1,1
199,48,94,199,1,1
200,48,95,200,1,1
201,48,87,201,1,1
202,48,83,202,1,1
203,48,91,203,1,1
204,48,85,204,1,1
205,48,93,205,1,1
206,48,89,206,1,1
207,48,81,207,1,1
208,48,208,208,1,1
209,48,216,209,1,1
210,48,220,210,1,1
211,48,212,211,1,1
212,48,218,212,1,1
213,48,210,213,1,1
214,48,214,214,1,1
215,48,222,215,1,1
216,48,223,216,1,1
217,48,215,217,1,1
218,48,211,218,1,1
219,48,219,219,1,1
220,48,213,220,1,1
221,48,221,221,1,1
222,48,217,222,1,1
223,48,209,223,1,1
224,48,144,224,1,1
225,48,152,225,1,1
226,48,156,226,1,1
227,48,148,227,1,1
228,48,154,228,1,1
229,48,146,229,1,1
230,48,150,230,1,1
231,48,158,231,1,1
232,48,159,232,1,1
233,48,151,233,1,1
234,48,147,234,1,1
235,48,155,235,1,1
236,48,149,236,1,1
237,48,157,237,1,1
238,48,153,238,1,1
239,48,145,239,1,1
240,48,16,240,1,1
241,48,24,241,1,1
242,48,28,242,1,1
243,48,20,243,1,1
244,48,26,244,1,1
245,48,18,245,1,1
246,48,22,246,1,1
247,48,30,247,1,1
248,48,31,248,1,1
249,48,23,249,1,1
250,48,19,250,1,1
251,48,27,251,1,1
252,48,21,252,1,1
253,48,29,253,1,1
254,48,25,254,1,1
255,48,17,255,1,1
0,49,0,0,0,1
1,49,4,1,1,1
2,49,12,2,1,1
3,49,8,3,1,1
4,49,5,4,1,1
5,49,1,5,1,1
6,49,9,6,1,1
7,49,13,7,1,1
8,49,15,8,1,1
9,49,11,9,1,1
10,49,3,10,1,1
11,49,7,11,1,1
12,49,10,12,1,1
13,49,14,13,1,1
14,49,6,14,1,1
15,49,2,15,1,1
16,49,64,16,1,1
17,49,68,17,1,1
18,49,76,18,1,1
19,49,72,19,1,1
20,49,69,20,1,1
21,49,65,21,1,1
22,49,73,22,1,1
23,49,77,23,1,1
24,49,79,24,1,1
25,49,75,25,1,1
26,49,67,26,1,1
27,49,71,27,1,1
28,49,74,28,1,1
29,49,78,29,1,1
30,49,70,30,1,1
31,49,66,31,1,1
32,49,192,32,1,1
33,49,196,33,1,1
34,49,204,34,1,1
35,49,200,35,1,1
36,49,197,36,1,1
37,49,193,37,1,1
38,49,201,38,1,1
39,49,205,39,1,1
40,49,207,40,1,1
41,49,203,41,1,1
42,49,195,42,1,1
43,49,199,43,1,1
44,49,202,44,1,1
45,49,206,45,1,1
46,49,198,46,1,1
47,49,194,47,1,1
48,49,128,48,1,1
49,49,132,49,1,1
50,49,140,50,1,1
51,49,136,51,1,1
52,49,133,52,1,1
53,49,129,53,1,1
54,49,137,54,1,1
55,49,141,55,1,1
56,49,143,56,1,1
57,49,139,57,1,1
58,49,131,58,1,1
59,49,135,59,1,1
60,49,138,60,1,1
61,49,142,61,1,1
62,49,134,62,1,1
63,49,130,63,1,1
64,49,80,64,1,1
65,49,84,65,1,1
66,49,92,66,1,1
67,49,88,67,1,1
68,49,85,68,1,1
69,49,81,69,1,1
70,49,89,70,1,1
71,49,93,71,1,1
72,49,95,72,1,1
73,49,91,73,1,1
74,49,83,74,1,1
75,49,87,75,1,1
76,49,90,76,1,1
77,49,94,77,1,1
78,49,86,78,1,1
79,49,82,79,1,1
80,49,16,80,1,1
81,49,20,81,1,1
82,49,28,82,1,1
83,49,24,83,1,1
84,49,21,84,1,1
85,49,17,85,1,1
86,49,25,86,1,1
87,49,29,87,1,1
88,49,31,88,1,1
89,49,27,89,1,1
90,49,19,90,1,1
91,49,23,91,1,1
92,49,26,92,1,1
93,49,30,93,1,1
94,49,22,94,1,1
95,49,18,95,1,1
96,49,144,96,1,1
97,49,148,97,1,1
98,49,156,98,1,1
99,49,152,99,1,1
100,49,149,100,1,1
101,49,145,101,1,1
102,49,153,102,1,1
103,49,157,103,1,1
104,49,159,104,1,1
105,49,155,105,1,1
106,49,147,106,1,1
107,49,151,107,1,1
108,49,154,108,1,1
109,49,158,109,1,1
110,49,150,110,1,1
111,49,146,111,1,1
112,49,208,112,1,1
113,49,212,113,1,1
114,49,220,114,1,1
115,49,216,115,1,1
116,49,213,116,1,1
117,49,209,117,1,1
118,49,217,118,1,1
119,49,221,119,1,1
120,49,223,120,1,1
121,49,219,121,1,1
122,49,211,122,1,1
123,49,215,123,1,1
124,49,218,124,1,1
125,49,222,125,1,1
126,49,214,126,1,1
127,49,210,127,1,1
128,49,240,128,1,1
129,49,244,129,1,1
130,49,252,130,1,1
131,49,248,131,1,1
132,49,245,132,1,1
133,49,241,133,1,1
134,49,249,134,1,1
135,49,253,135,1,1
136,49,255,136,1,1
137,49,251,137,1,1
138,49,243,138,1,1
139,49,247,139,1,1
140,49,250,140,1,1
141,49,254,141,1,1
142,49,246,142,1,1
143,49,242,143,1,1
144,49,176,144,1,1
145,49,180,145,1,1
146,49,188,146,1,1
147,49,184,147,1,1
148,49,181,148,1,1
149,49,177,149,1,1
150,49,185,150,1,1
151,49,189,151,1,1
152,49,191,152,1,1
153,49,187,153,1,1
154,49,179,154,1,1
155,49,183,155,1,1
156,49,186,156,1,1
157,49,190,157,1,1
158,49,182,158,1,1
159,49,178,159,1,1
160,49,48,160,1,1
161,49,52,161,1,1
162,49,60,162,1,1
163,49,56,163,1,1
164,49,53,164,1,1
165,49,49,165,1,1
166,49,57,166,1,1
167,49,61,167,1,1
168,49,63,168,1,1
169,49,59,169,1,1
170,49,51,170,1,1
171,49,55,171,1,1
172,49,58,172,1,1
173,49,62,173,1,1
174,49,54,174,1,1
175,49,50,175,1,1
176,49,112,176,1,1
177,49,116,177,1,1
178,49,124,178,1,1
179,49,120,179,1,1
180,49,117,180,1,1
181,49,113,181,1,1
182,49,121,182,1,1
183,49,125,183,1,1
184,49,127,184,1,1
185,49,123,185,1,1
186,49,115,186,1,1
187,49,119,187,1,1
188,49,122,188,1,1
189,49,126,189,1,1
190,49,118,190,1,1
191,49,114,191,1,1
192,49,160,192,1,1
193,49,164,193,1,1
194,49,172,194,1,1
195,49,168,195,1,1
196,49,165,196,1,1
197,49,161,197,1,1
198,49,169,198,1,1
199,49,173,199,1,1
200,49,175,200,1,1
201,49,171,201,1,1
202,49,163,202,1,1
203,49,167,203,1,1
204,49,170,204,1,1
205,49,174,205,1,1
206,49,166,206,1,1
207,49,162,207,1,1
208,49,224,208,1,1
209,49,228,209,1,1
210,49,236,210,1,1
211,49,232,211,1,1
212,49,229,212,1,1
213,49,225,213,1,1
214,49,233,214,1,1
215,49,237,215,1,1
216,49,239,216,1,1
217,49,235,217,1,1
218,49,227,218,1,1
219,49,231,219,1,1
220,49,234,220,1,1
221,49,238,221,1,1
222,49,230,222,1,1
223,49,226,223,1,1
224,49,96,224,1,1
225,49,100,225,1,1
226,49,108,226,1,1
227,49,104,227,1,1
228,49,101,228,1,1
229,49,97,229,1,1
230,49,105,230,1,1
231,49,109,231,1,1
232,49,111,232,1,1
233,49,107,233,1,1
234,49,99,234,1,1
235,49,103,235,1,1
236,49,106,236,1,1
237,49,110,237,1,1
238,49,102,238,1,1
239,49,98,239,1,1
240,49,32,240,1,1
241,49,36,241,1,1
242,49,44,242,1,1
243,49,40,243,1,1
244,49,37,244,1,1
245,49,33,245,1,1
246,49,41,246,1,1
247,49,45,247,1,1
248,49,47,248,1,1
249,49,43,249,1,1
250,49,35,250,1,1
251,49,39,251,1,1
252,49,42,252,1,1
253,49,46,253,1,1
254,49,38,254,1,1
255,49,34,255,1,1
0,50,0,0,0,1
1,50,8,1,1,1
2,50,4,2,1,1
3,50,12,3,1,1
4,50,10,4,1,1
5,50,2,5,1,1
6,50,14,6,1,1
7,50,6,7,1,1
8,50,5,8,1,1
9,50,13,9,1,1
10,50,1,10,1,1
11,50,9,11,1,1
12,50,15,12,1,1
13,50,7,13,1,1
14,50,11,14,1,1
15,50,3,15,1,1
16,50,128,16,1,1
17,50,136,17,1,1
18,50,132,18,1,1
19,50,140,19,1,1
20,50,138,20,1,1
21,50,130,21,1,1
22,50,142,22,1,1
23,50,134,23,1,1
24,50,133,24,1,1
25,50,141,25,1,1
26,50,129,26,1,1
27,50,137,27,1,1
28,50,143,28,1,1
29,50,135,29,1,1
30,50,139,30,1,1
31,50,131,31,1,1
32,50,64,32,1,1
33,50,72,33,1,1
34,50,68,34,1,1
35,50,76,35,1,1
36,50,74,36,1,1
37,50,66,37,1,1
38,50,78,38,1,1
39,50,70,39,1,1
40,50,69,40,1,1
41,50,77,41,1,1
42,50,65,42,1,1
43,50,73,43,1,1
44,50,79,44,1,1
45,50,71,45,1,1
46,50,75,46,1,1
47,50,67,47,1,1
48,50,192,48,1,1
49,50,200,49,1,1
50,50,196,50,1,1
51,50,204,51,1,1
52,50,202,52,1,1
53,50,194,53,1,1
54,50,206,54,1,1
55,50,198,55,1,1
56,50,197,56,1,1
57,50,205,57,1,1
58,50,193,58,1,1
59,50,201,59,1,1
60,50,207,60,1,1
61,50,199,61,1,1
62,50,203,62,1,1
63,50,195,63,1,1
64,50,160,64,1,1
65,50,168,65,1,1
66,50,164,66,1,1
67,50,172,67,1,1
68,50,170,68,1,1
69,50,162,69,1,1
70,50,174,70,1,1
71,50,166,71,1,1
72,50,165,72,1,1
73,50,173,73,1,1
74,50,161,74,1,1
75,50,169,75,1,1
76,50,175,76,1,1
77,50,167,77,1,1
78,50,171,78,1,1
79,50,163,79,1,1
80,50,32,80,1,1
81,50,40,81,1,1
82,50,36,82,1,1
83,50,44,83,1,1
84,50,42,84,1,1
85,50,34,85,1,1
86,50,46,86,1,1
87,50,38,87,1,1
88,50,37,88,1,1
89,50,45,89,1,1
90,50,33,90,1,1
91,50,41,91,1,1
92,50,47,92,1,1
93,50,39,93,1,1
94,50,43,94,1,1
95,50,35,95,1,1
96,50,224,96,1,1
97,50,232,97,1,1
98,50,228,98,1,1
99,50,236,99,1,1
100,50,234,100,1,1
101,50,226,101,1,1
102,50,238,102,1,1
103,50,230,103,1,1
104,50,229,104,1,1
105,50,237,105,1,1
106,50,225,106,1,1
107,50,233,107,1,1
108,50,239,108,1,1
109,50,231,109,1,1
110,50,235,110,1,1
111,50,227,111,1,1
112,50,96,112,1,1
113,50,104,113,1,1
114,50,100,114,1,1
115,50,108,115,1,1
116,50,106,116,1,1
117,50,98,117,1,1
118,50,110,118,1,1
119,50,102,119,1,1
120,50,101,120,1,1
121,50,109,121,1,1
122,50,97,122,1,1
123,50,105,123,1,1
124,50,111,124,1,1
125,50,103,125,1,1
126,50,107,126,1,1
127,50,99,127,1,1
128,50,80,128,1,1
129,50,88,129,1,1
130,50,84,130,1,1
131,50,92,131,1,1
132,50,90,132,1,1
133,50,82,133,1,1
134,50,94,134,1,1
135,50,86,135,1,1
136,50,85,136,1,1
137,50,93,137,1,1
138,50,81,138,1,1
139,50,89,139,1,1
140,50,95,140,1,1
141,50,87,141,1,1
142,50,91,142,1,1
143,50,83,143,1,1
144,50,208,144,1,1
145,50,216,145,1,1
146,50,212,146,1,1
147,50,220,147,1,1
148,50,218,148,1,1
149,50,210,149,1,1
150,50,222,150,1,1
151,50,214,151,1,1
152,50,213,152,1,1
153,50,221,153,1,1
154,50,209,154,1,1
155,50,217,155,1,1
156,50,223,156,1,1
157,50,215,157,1,1
158,50,219,158,1,1
159,50,211,159,1,1
160,50,16,160,1,1
161,50,24,161,1,1
162,50,20,162,1,1
163,50,28,163,1,1
164,50,26,164,1,1
165,50,18,165,1,1
166,50,30,166,1,1
167,50,22,167,1,1
168,50,21,168,1,1
169,50,29,169,1,1
170,50,17,170,1,1
171,50,25,171,1,1
172,50,31,172,1,1
173,50,23,173,1,1
174,50,27,174,1,1
175,50,19,175,1,1
176,50,144,176,1,1
177,50,152,177,1,1
178,50,148,178,1,1
179,50,156,179,1,1
180,50,154,180,1,1
181,50,146,181,1,1
182,50,158,182,1,1
183,50,150,183,1,1
184,50,149,184,1,1
185,50,157,185,1,1
186,50,145,186,1,1
187,50,153,187,1,1
188,50,159,188,1,1
189,50,151,189,1,1
190,50,155,190,1,1
191,50,147,191,1,1
192,50,240,192,1,1
193,50,248,193,1,1
194,50,244,194,1,1
195,50,252,195,1,1
196,50,250,196,1,1
197,50,242,197,1,1
198,50,254,198,1,1
199,50,246,199,1,1
200,50,245,200,1,1
201,50,253,201,1,1
202,50,241,202,1,1
203,50,249,203,1,1
204,50,255,204,1,1
205,50,247,205,1,1
206,50,251,206,1,1
207,50,243,207,1,1
208,50,112,208,1,1
209,50,120,209,1,1
210,50,116,210,1,1
211,50,124,211,1,1
212,50,122,212,1,1
213,50,114,213,1,1
214,50,126,214,1,1
215,50,118,215,1,1
216,50,117,216,1,1
217,50,125,217,1,1
218,50,113,218,1,1
219,50,121,219,1,1
220,50,127,220,1,1
221,50,119,221,1,1
222,50,123,222,1,1
223,50,115,223,1,1
224,50,176,224,1,1
225,50,184,225,1,1
226,50,180,226,1,1
227,50,188,227,1,1
228,50,186,228,1,1
229,50,178,229,1,1
230,50,190,230,1,1
231,50,182,231,1,1
232,50,181,232,1,1
233,50,189,233,1,1
234,50,177,234,1,1
235,50,185,235,1,1
236,50,191,236,1,1
237,50,183,237,1,1
238,50,187,238,1,1
239,50,179,239,1,1
240,50,48,240,1,1
241,50,56,241,1,1
242,50,52,242,1,1
243,50,60,243,1,1
244,50,58,244,1,1
245,50,50,245,1,1
246,50,62,246,1,1
247,50,54,247,1,1
248,50,53,248,1,1
249,50,61,249,1,1
250,50,49,250,1,1
251,50,57,251,1,1
252,50,63,252,1,1
253,50,55,253,1,1
254,50,59,254,1,1
255,50,51,255,1,1
0,51,0,0,0,1
1,51,4,1,1,1
2,51,8,2,1,1
3,51,12,3,1,1
4,51,5,4,1,1
5,51,1,5,1,1
6,51,13,6,1,1
7,51,9,7,1,1
8,51,10,8,1,1
9,51,14,9,1,1
10,51,2,10,1,1
11,51,6,11,1,1
12,51,15,12,1,1
13,51,11,13,1,1
14,51,7,14,1,1
15,51,3,15,1,1
16,51,64,16,1,1
17,51,68,17,1,1
18,51,72,18,1,1
19,51,76,19,1,1
20,51,69,20,1,1
21,51,65,21,1,1
22,51,77,22,1,1
23,51,73,23,1,1
24,51,74,24,1,1
25,51,78,25,1,1
26,51,66,26,1,1
27,51,70,27,1,1
28,51,79,28,1,1
29,51,75,29,1,1
30,51,71,30,1,1
31,51,67,31,1,1
32,51,128,32,1,1
33,51,132,33,1,1
34,51,136,34,1,1
35,51,140,35,1,1
36,51,133,36,1,1
37,51,129,37,1,1
38,51,141,38,1,1
39,51,137,39,1,1
40,51,138,40,1,1
41,51,142,41,1,1
42,51,130,42,1,1
43,51,134,43,1,1
44,51,143,44,1,1
45,51,139,45,1,1
46,51,135,46,1,1
47,51,131,47,1,1
48,51,192,48,1,1
49,51,196,49,1,1
50,51,200,50,1,1
51,51,204,51,1,1
52,51,197,52,1,1
53,51,193,53,1,1
54,51,205,54,1,1
55,51,201,55,1,1
56,51,202,56,1,1
57,51,206,57,1,1
58,51,194,58,1,1
59,51,198,59,1,1
60,51,207,60,1,1
61,51,203,61,1,1
62,51,199,62,1,1
63,51,195,63,1,1
64,51,80,64,1,1
65,51,84,65,1,1
66,51,88,66,1,1
67,51,92,67,1,1
68,51,85,68,1,1
69,51,81,69,1,1
70,51,93,70,1,1
71,51,89,71,1,1
72,51,90,72,1,1
73,51,94,73,1,1
74,51,82,74,1,1
75,51,86,75,1,1
76,51,95,76,1,1
77,51,91,77,1,1
78,51,87,78,1,1
79,51,83,79,1,1
80,51,16,80,1,1
81,51,20,81,1,1
82,51,24,82,1,1
83,51,28,83,1,1
84,51,21,84,1,1
85,51,17,85,1,1
86,51,29,86,1,1
87,51,25,87,1,1
88,51,26,88,1,1
89,51,30,89,1,1
90,51,18,90,1,1
91,51,22,91,1,1
92,51,31,92,1,1
93,51,27,93,1,1
94,51,23,94,1,1
95,51,19,95,1,1
96,51,208,96,1,1
97,51,212,97,1,1
98,51,216,98,1,1
99,51,220,99,1,1
100,51,213,100,1,1
101,51,209,101,1,1
102,51,221,102,1,1
103,51,217,103,1,1
104,51,218,104,1,1
105,51,222,105,1,1
106,51,210,106,1,1
107,51,214,107,1,1
108,51,223,108,1,1
109,51,219,109,1,1
110,51,215,110,1,1
111,51,211,111,1,1
112,51,144,112,1,1
113,51,148,113,1,1
114,51,152,114,1,1
115,51,156,115,1,1
116,51,149,116,1,1
117,51,145,117,1,1
118,51,157,118,1,1
119,51,153,119,1,1
120,51,154,120,1,1
121,51,158,121,1,1
122,51,146,122,1,1
123,51,150,123,1,1
124,51,159,124,1,1
125,51,155,125,1,1
126,51,151,126,1,1
127,51,147,127,1,1
128,51,160,128,1,1
129,51,164,129,1,1
130,51,168,130,1,1
131,51,172,131,1,1
132,51,165,132,1,1
133,51,161,133,1,1
134,51,173,134,1,1
135,51,169,135,1,1
136,51,170,136,1,1
137,51,174,137,1,1
138,51,162,138,1,1
139,51,166,139,1,1
140,51,175,140,1,1
141,51,171,141,1,1
142,51,167,142,1,1
143,51,163,143,1,1
144,51,224,144,1,1
145,51,228,145,1,1
146,51,232,146,1,1
147,51,236,147,1,1
148,51,229,148,1,1
149,51,225,149,1,1
150,51,237,150,1,1
151,51,233,151,1,1
152,51,234,152,1,1
153,51,238,153,1,1
154,51,226,154,1,1
155,51,230,155,1,1
156,51,239,156,1,1
157,51,235,157,1,1
158,51,231,158,1,1
159,51,227,159,1,1
160,51,32,160,1,1
161,51,36,161,1,1
162,51,40,162,1,1
163,51,44,163,1,1
164,51,37,164,1,1
165,51,33,165,1,1
166,51,45,166,1,1
167,51,41,167,1,1
168,51,42,168,1,1
169,51,46,169,1,1
170,51,34,170,1,1
171,51,38,171,1,1
172,51,47,172,1,1
173,51,43,173,1,1
174,51,39,174,1,1
175,51,35,175,1,1
176,51,96,176,1,1
177,51,100,177,1,1
178,51,104,178,1,1
179,51,108,179,1,1
180,51,101,180,1,1
181,51,97,181,1,1
182,51,109,182,1,1
183,51,105,183,1,1
184,51,106,184,1,1
185,51,110,185,1,1
186,51,98,186,1,1
187,51,102,187,1,1
188,51,111,188,1,1
189,51,107,189,1,1
190,51,103,190,1,1
191,51,99,191,1,1
192,51,240,192,1,1
193,51,244,193,1,1
194,51,248,194,1,1
195,51,252,195,1,1
196,51,245,196,1,1
197,51,241,197,1,1
198,51,253,198,1,1
199,51,249,199,1,1
200,51,250,200,1,1
201,51,254,201,1,1
202,51,242,202,1,1
203,51,246,203,1,1
204,51,255,204,1,1
205,51,251,205,1,1
206,51,247,206,1,1
207,51,243,207,1,1
208,51,176,208,1,1
209,51,180,209,1,1
210,51,184,210,1,1
211,51,188,211,1,1
212,51,181,212,1,1
213,51,177,213,1,1
214,51,189,214,1,1
215,51,185,215,1,1
216,51,186,216,1,1
217,51,190,217,1,1
218,51,178,218,1,1
219,51,182,219,1,1
220,51,191,220,1,1
221,51,187,221,1,1
222,51,183,222,1,1
223,51,179,223,1,1
224,51,112,224,1,1
225,51,116,225,1,1
226,51,120,226,1,1
227,51,124,227,1,1
228,51,117,228,1,1
229,51,113,229,1,1
230,51,125,230,1,1
231,51,121,231,1,1
232,51,122,232,1,1
233,51,126,233,1,1
234,51,114,234,1,1
235,51,118,235,1,1
236,51,127,236,1,1
237,51,123,237,1,1
238,51,119,238,1,1
239,51,115,239,1,1
240,51,48,240,1,1
241,51,52,241,1,1
242,51,56,242,1,1
243,51,60,243,1,1
244,51,53,244,1,1
245,51,49,245,1,1
246,51,61,246,1,1
247,51,57,247,1,1
248,51,58,248,1,1
249,51,62,249,1,1
250,51,50,250,1,1
251,51,54,251,1,1
252,51,63,252,1,1
253,51,59,253,1,1
254,51,55,254,1,1
255,51,51,255,1,1
0,52,0,0,0,1
1,52,2,1,1,1
2,52,3,2,1,1
3,52,1,3,1,1
4,52,10,4,1,1
5,52,8,5,1,1
6,52,9,6,1,1
7,52,11,7,1,1
8,52,15,8,1,1
9,52,13,9,1,1
10,52,12,10,1,1
11,52,14,11,1,1
12,52,5,12,1,1
13,52,7,13,1,1
14,52,6,14,1,1
15,52,4,15,1,1
16,52,32,16,1,1
17,52,34,17,1,1
18,52,35,18,1,1
19,52,33,19,1,1
20,52,42,20,1,1
21,52,40,21,1,1
22,52,41,22,1,1
23,52,43,23,1,1
24,52,47,24,1,1
25,52,45,25,1,1
26,52,44,26,1,1
27,52,46,27,1,1
28,52,37,28,1,1
29,52,39,29,1,1
30,52,38,30,1,1
31,52,36,31,1,1
32,52,48,32,1,1
33,52,50,33,1,1
34,52,51,34,1,1
35,52,49,35,1,1
36,52,58,36,1,1
37,52,56,37,1,1
38,52,57,38,1,1
39,52,59,39,1,1
40,52,63,40,1,1
41,52,61,41,1,1
42,52,60,42,1,1
43,52,62,43,1,1
44,52,53,44,1,1
45,52,55,45,1,1
46,52,54,46,1,1
47,52,52,47,1,1
48,52,16,48,1,1
49,52,18,49,1,1
50,52,19,50,1,1
51,52,17,51,1,1
52,52,26,52,1,1
53,52,24,53,1,1
54,52,25,54,1,1
55,52,27,55,1,1
56,52,31,56,1,1
57,52,29,57,1,1
58,52,28,58,1,1
59,52,30,59,1,1
60,52,21,60,1,1
61,52,23,61,1,1
62,52,22,62,1,1
63,52,20,63,1,1
64,52,160,64,1,1
65,52,162,65,1,1
66,52,163,66,1,1
67,52,161,67,1,1
68,52,170,68,1,1
69,52,168,69,1,1
70,52,169,70,1,1
71,52,171,71,1,1
72,52,175,72,1,1
73,52,173,73,1,1
74,52,172,74,1,1
75,52,174,75,1,1
76,52,165,76,1,1
77,52,167,77,1,1
78,52,166,78,1,1
79,52,164,79,1,1
80,52,128,80,1,1
81,52,130,81,1,1
82,52,131,82,1,1
83,52,129,83,1,1
84,52,138,84,1,1
85,52,136,85,1,1
86,52,137,86,1,1
87,52,139,87,1,1
88,52,143,88,1,1
89,52,141,89,1,1
90,52,140,90,1,1
91,52,142,91,1,1
92,52,133,92,1,1
93,52,135,93,1,1
94,52,134,94,1,1
95,52,132,95,1,1
96,52,144,96,1,1
97,52,146,97,1,1
98,52,147,98,1,1
99,52,145,99,1,1
100,52,154,100,1,1
101,52,152,101,1,1
102,52,153,102,1,1
103,52,155,103,1,1
104,52,159,104,1,1
105,52,157,105,1,1
106,52,156,106,1,1
107,52,158,107,1,1
108,52,149,108,1,1
109,52,151,109,1,1
110,52,150,110,1,1
111,52,148,111,1,1
112,52,176,112,1,1
113,52,178,113,1,1
114,52,179,114,1,1
115,52,177,115,1,1
116,52,186,116,1,1
117,52,184,117,1,1
118,52,185,118,1,1
119,52,187,119,1,1
120,52,191,120,1,1
121,52,189,121,1,1
122,52,188,122,1,1
123,52,190,123,1,1
124,52,181,124,1,1
125,52,183,125,1,1
126,52,182,126,1,1
127,52,180,127,1,1
128,52,240,128,1,1
129,52,242,129,1,1
130,52,243,130,1,1
131,52,241,131,1,1
132,52,250,132,1,1
133,52,248,133,1,1
134,52,249,134,1,1
135,52,251,135,1,1
136,52,255,136,1,1
137,52,253,137,1,1
138,52,252,138,1,1
139,52,254,139,1,1
140,52,245,140,1,1
141,52,247,141,1,1
142,52,246,142,1,1
143,52,244,143,1,1
144,52,208,144,1,1
145,52,210,145,1,1
146,52,211,146,1,1
147,52,209,147,1,1
148,52,218,148,1,1
149,52,216,149,1,1
150,52,217,150,1,1
151,52,219,151,1,1
152,52,223,152,1,1
153,52,221,153,1,1
154,52,220,154,1,1
155,52,222,155,1,1
156,52,213,156,1,1
157,52,215,157,1,1
158,52,214,158,1,1
159,52,212,159,1,1
160,52,192,160,1,1
161,52,194,161,1,1
162,52,195,162,1,1
163,52,193,163,1,1
164,52,202,164,1,1
165,52,200,165,1,1
166,52,201,166,1,1
167,52,203,167,1,1
168,52,207,168,1,1
169,52,205,169,1,1
170,52,204,170,1,1
171,52,206,171,1,1
172,52,197,172,1,1
173,52,199,173,1,1
174,52,198,174,1,1
175,52,196,175,1,1
176,52,224,176,1,1
177,52,226,177,1,1
178,52,227,178,1,1
179,52,225,179,1,1
180,52,234,180,1,1
181,52,232,181,1,1
182,52,233,182,1,1
183,52,235,183,1,1
184,52,239,184,1,1
185,52,237,185,1,1
186,52,236,186,1,1
187,52,238,187,1,1
188,52,229,188,1,1
189,52,231,189,1,1
190,52,230,190,1,1
191,52,228,191,1,1
192,52,80,192,1,1
193,52,82,193,1,1
194,52,83,194,1,1
195,52,81,195,1,1
196,52,90,196,1,1
197,52,88,197,1,1
198,52,89,198,1,1
199,52,91,199,1,1
200,52,95,200,1,1
201,52,93,201,1,1
202,52,92,202,1,1
203,52,94,203,1,1
204,52,85,204,1,1
205,52,87,205,1,1
206,52,86,206,1,1
207,52,84,207,1,1
208,52,112,208,1,1
209,52,114,209,1,1
210,52,115,210,1,1
211,52,113,211,1,1
212,52,122,212,1,1
213,52,120,213,1,1
214,52,121,214,1,1
215,52,123,215,1,1
216,52,127,216,1,1
217,52,125,217,1,1
218,52,124,218,1,1
219,52,126,219,1,1
220,52,117,220,1,1
221,52,119,221,1,1
222,52,118,222,1,1
223,52,116,223,1,1
224,52,96,224,1,1
225,52,98,225,1,1
226,52,99,226,1,1
227,52,97,227,1,1
228,52,106,228,1,1
229,52,104,229,1,1
230,52,105,230,1,1
231,52,107,231,1,1
232,52,111,232,1,1
233,52,109,233,1,1
234,52,108,234,1,1
235,52,110,235,1,1
236,52,101,236,1,1
237,52,103,237,1,1
238,52,102,238,1,1
239,52,100,239,1,1
240,52,64,240,1,1
241,52,66,241,1,1
242,52,67,242,1,1
243,52,65,243,1,1
244,52,74,244,1,1
245,52,72,245,1,1
246,52,73,246,1,1
247,52,75,247,1,1
248,52,79,248,1,1
249,52,77,249,1,1
250,52,76,250,1,1
251,52,78,251,1,1
252,52,69,252,1,1
253,52,71,253,1,1
254,52,70,254,1,1
255,52,68,255,1,1
0,53,0,0,0,1
1,53,1,1,1,1
2,53,3,2,1,1
3,53,2,3,1,1
4,53,5,4,1,1
5,53,4,5,1,1
6,53,6,6,1,1
7,53,7,7,1,1
8,53,15,8,1,1
9,53,14,9,1,1
10,53,12,10,1,1
11,53,13,11,1,1
12,53,10,12,1,1
13,53,11,13,1,1
14,53,9,14,1,1
15,53,8,15,1,1
16,53,16,16,1,1
17,53,17,17,1,1
18,53,19,18,1,1
19,53,18,19,1,1
20,53,21,20,1,1
21,53,20,21,1,1
22,53,22,22,1,1
23,53,23,23,1,1
24,53,31,24,1,1
25,53,30,25,1,1
26,53,28,26,1,1
27,53,29,27,1,1
28,53,26,28,1,1
29,53,27,29,1,1
30,53,25,30,1,1
31,53,24,31,1,1
32,53,48,32,1,1
33,53,49,33,1,1
34,53,51,34,1,1
35,53,50,35,1,1
36,53,53,36,1,1
37,53,52,37,1,1
38,53,54,38,1,1
39,53,55,39,1,1
40,53,63,40,1,1
41,53,62,41,1,1
42,53,60,42,1,1
43,53,61,43,1,1
44,53,58,44,1,1
45,53,59,45,1,1
46,53,57,46,1,1
47,53,56,47,1,1
48,53,32,48,1,1
49,53,33,49,1,1
50,53,35,50,1,1
51,53,34,51,1,1
52,53,37,52,1,1
53,53,36,53,1,1
54,53,38,54,1,1
55,53,39,55,1,1
56,53,47,56,1,1
57,53,46,57,1,1
58,53,44,58,1,1
59,53,45,59,1,1
60,53,42,60,1,1
61,53,43,61,1,1
62,53,41,62,1,1
63,53,40,63,1,1
64,53,80,64,1,1
65,53,81,65,1,1
66,53,83,66,1,1
67,53,82,67,1,1
68,53,85,68,1,1
69,53,84,69,1,1
70,53,86,70,1,1
71,53,87,71,1,1
72,53,95,72,1,1
73,53,94,73,1,1
74,53,92,74,1,1
75,53,93,75,1,1
76,53,90,76,1,1
77,53,91,77,1,1
78,53,89,78,1,1
79,53,88,79,1,1
80,53,64,80,1,1
81,53,65,81,1,1
82,53,67,82,1,1
83,53,66,83,1,1
84,53,69,84,1,1
85,53,68,85,1,1
86,53,70,86,1,1
87,53,71,87,1,1
88,53,79,88,1,1
89,53,78,89,1,1
90,53,76,90,1,1
91,53,77,91,1,1
92,53,74,92,1,1
93,53,75,93,1,1
94,53,73,94,1,1
95,53,72,95,1,1
96,53,96,96,1,1
97,53,97,97,1,1
98,53,99,98,1,1
99,53,98,99,1,1
100,53,101,100,1,1
101,53,100,101,1,1
102,53,102,102,1,1
103,53,103,103,1,1
104,53,111,104,1,1
105,53,110,105,1,1
106,53,108,106,1,1
107,53,109,107,1,1
108,53,106,108,1,1
109,53,107,109,1,1
110,53,105,110,1,1
111,53,104,111,1,1
112,53,112,112,1,1
113,53,113,113,1,1
114,53,115,114,1,1
115,53,114,115,1,1
116,53,117,116,1,1
117,53,116,117,1,1
118,53,118,118,1,1
119,53,119,119,1,1
120,53,127,120,1,1
121,53,126,121,1,1
122,53,124,122,1,1
123,53,125,123,1,1
124,53,122,124,1,1
125,53,123,125,1,1
126,53,121,126,1,1
127,53,120,127,1,1
128,53,240,128,1,1
129,53,241,129,1,1
130,53,243,130,1,1
131,53,242,131,1,1
132,53,245,132,1,1
133,53,244,133,1,1
134,53,246,134,1,1
135,53,247,135,1,1
136,53,255,136,1,1
137,53,254,137,1,1
138,53,252,138,1,1
139,53,253,139,1,1
140,53,250,140,1,1
141,53,251,141,1,1
142,53,249,142,1,1
143,53,248,143,1,1
144,53,224,144,1,1
145,53,225,145,1,1
146,53,227,146,1,1
147,53,226,147,1,1
148,53,229,148,1,1
149,53,228,149,1,1
150,53,230,150,1,1
151,53,231,151,1,1
152,53,239,152,1,1
153,53,238,153,1,1
154,53,236,154,1,1
155,53,237,155,1,1
156,53,234,156,1,1
157,53,235,157,1,1
158,53,233,158,1,1
159,53,232,159,1,1
160,53,192,160,1,1
161,53,193,161,1,1
162,53,195,162,1,1
163,53,194,163,1,1
164,53,197,164,1,1
165,53,196,165,1,1
166,53,198,166,1,1
167,53,199,167,1,1
168,53,207,168,1,1
169,53,206,169,1,1
170,53,204,170,1,1
171,53,205,171,1,1
172,53,202,172,1,1
173,53,203,173,1,1
174,53,201,174,1,1
175,53,200,175,1,1
176,53,208,176,1,1
177,53,209,177,1,1
178,53,211,178,1,1
179,53,210,179,1,1
180,53,213,180,1,1
181,53,212,181,1,1
182,53,214,182,1,1
183,53,215,183,1,1
184,53,223,184,1,1
185,53,222,185,1,1
186,53,220,186,1,1
187,53,221,187,1,1
188,53,218,188,1,1
189,53,219,189,1,1
190,53,217,190,1,1
191,53,216,191,1,1
192,53,160,192,1,1
193,53,161,193,1,1
194,53,163,194,1,1
195,53,162,195,1,1
196,53,165,196,1,1
197,53,164,197,1,1
198,53,166,198,1,1
199,53,167,199,1,1
200,53,175,200,1,1
201,53,174,201,1,1
202,53,172,202,1,1
203,53,173,203,1,1
204,53,170,204,1,1
205,53,171,205,1,1
206,53,169,206,1,1
207,53,168,207,1,1
208,53,176,208,1,1
209,53,177,209,1,1
210,53,179,210,1,1
211,53,178,211,1,1
212,53,181,212,1,1
213,53,180,213,1,1
214,53,182,214,1,1
215,53,183,215,1,1
216,53,191,216,1,1
217,53,190,217,1,1
218,53,188,218,1,1
219,53,189,219,1,1
220,53,186,220,1,1
221,53,187,221,1,1
222,53,185,222,1,1
223,53,184,223,1,1
224,53,144,224,1,1
225,53,145,225,1,1
226,53,147,226,1,1
227,53,146,227,1,1
228,53,149,228,1,1
229,53,148,229,1,1
230,53,150,230,1,1
231,53,151,231,1,1
232,53,159,232,1,1
233,53,158,233,1,1
234,53,156,234,1,1
235,53,157,235,1,1
236,53,154,236,1,1
237,53,155,237,1,1
238,53,153,238,1,1
239,53,152,239,1,1
240,53,128,240,1,1
241,53,129,241,1,1
242,53,131,242,1,1
243,53,130,243,1,1
244,53,133,244,1,1
245,53,132,245,1,1
246,53,134,246,1,1
247,53,135,247,1,1
248,53,143,248,1,1
249,53,142,249,1,1
250,53,140,250,1,1
251,53,141,251,1,1
252,53,138,252,1,1
253,53,139,253,1,1
254,53,137,254,1,1
255,53,136,255,1,1
0,54,0,0,0,1
1,54,2,1,1,1
2,54,1,2,1,1
3,54,3,3,1,1
4,54,10,4,1,1
5,54,8,5,1,1
6,54,11,6,1,1
7,54,9,7,1,1
8,54,5,8,1,1
9,54,7,9,1,1
10,54,4,10,1,1
11,54,6,11,1,1
12,54,15,12,1,1
13,54,13,13,1,1
14,54,14,14,1,1
15,54,12,15,1,1
16,54,32,16,1,1
17,54,34,17,1,1
18,54,33,18,1,1
19,54,35,19,1,1
20,54,42,20,1,1
21,54,40,21,1,1
22,54,43,22,1,1
23,54,41,23,1,1
24,54,37,24,1,1
25,54,39,25,1,1
26,54,36,26,1,1
27,54,38,27,1,1
28,54,47,28,1,1
29,54,45,29,1,1
30,54,46,30,1,1
31,54,44,31,1,1
32,54,16,32,1,1
33,54,18,33,1,1
34,54,17,34,1,1
35,54,19,35,1,1
36,54,26,36,1,1
37,54,24,37,1,1
38,54,27,38,1,1
39,54,25,39,1,1
40,54,21,40,1,1
41,54,23,41,1,1
42,54,20,42,1,1
43,54,22,43,1,1
44,54,31,44,1,1
45,54,29,45,1,1
46,54,30,46,1,1
47,54,28,47,1,1
48,54,48,48,1,1
49,54,50,49,1,1
50,54,49,50,1,1
51,54,51,51,1,1
52,54,58,52,1,1
53,54,56,53,1,1
54,54,59,54,1,1
55,54,57,55,1,1
56,54,53,56,1,1
57,54,55,57,1,1
58,54,52,58,1,1
59,54,54,59,1,1
60,54,63,60,1,1
61,54,61,61,1,1
62,54,62,62,1,1
63,54,60,63,1,1
64,54,160,64,1,1
65,54,162,65,1,1
66,54,161,66,1,1
67,54,163,67,1,1
68,54,170,68,1,1
69,54,168,69,1,1
70,54,171,70,1,1
71,54,169,71,1,1
72,54,165,72,1,1
73,54,167,73,1,1
74,54,164,74,1,1
75,54,166,75,1,1
76,54,175,76,1,1
77,54,173,77,1,1
78,54,174,78,1,1
79,54,172,79,1,1
80,54,128,80,1,1
81,54,130,81,1,1
82,54,129,82,1,1
83,54,131,83,1,1
84,54,138,84,1,1
85,54,136,85,1,1
86,54,139,86,1,1
87,54,137,87,1,1
88,54,133,88,1,1
89,54,135,89,1,1
90,54,132,90,1,1
91,54,134,91,1,1
92,54,143,92,1,1
93,54,141,93,1,1
94,54,142,94,1,1
95,54,140,95,1,1
96,54,176,96,1,1
97,54,178,97,1,1
98,54,177,98,1,1
99,54,179,99,1,1
100,54,186,100,1,1
101,54,184,101,1,1
102,54,187,102,1,1
103,54,185,103,1,1
104,54,181,104,1,1
105,54,183,105,1,1
106,54,180,106,1,1
107,54,182,107,1,1
108,54,191,108,1,1
109,54,189,109,1,1
110,54,190,110,1,1
111,54,188,111,1,1
112,54,144,112,1,1
113,54,146,113,1,1
114,54,145,114,1,1
115,54,147,115,1,1
116,54,154,116,1,1
117,54,152,117,1,1
118,54,155,118,1,1
119,54,153,119,1,1
120,54,149,120,1,1
121,54,151,121,1,1
122,54,148,122,1,1
123,54,150,123,1,1
124,54,159,124,1,1
125,54,157,125,1,1
126,54,158,126,1,1
127,54,156,127,1,1
128,54,80,128,1,1
129,54,82,129,1,1
130,54,81,130,1,1
131,54,83,131,1,1
132,54,90,132,1,1
133,54,88,133,1,1
134,54,91,134,1,1
135,54,89,135,1,1
136,54,85,136,1,1
137,54,87,137,1,1
138,54,84,138,1,1
139,54,86,139,1,1
140,54,95,140,1,1
141,54,93,141,1,1
142,54,94,142,1,1
143,54,92,143,1,1
144,54,112,144,1,1
145,54,114,145,1,1
146,54,113,146,1,1
147,54,115,147,1,1
148,54,122,148,1,1
149,54,120,149,1,1
150,54,123,150,1,1
151,54,121,151,1,1
152,54,117,152,1,1
153,54,119,153,1,1
154,54,116,154,1,1
155,54,118,155,1,1
156,54,127,156,1,1
157,54,125,157,1,1
158,54,126,158,1,1
159,54,124,159,1,1
160,54,64,160,1,1
161,54,66,161,1,1
162,54,65,162,1,1
163,54,67,163,1,1
164,54,74,164,1,1
165,54,72,165,1,1
166,54,75,166,1,1
167,54,73,167,1,1
168,54,69,168,1,1
169,54,71,169,1,1
170,54,68,170,1,1
171,54,70,171,1,1
172,54,79,172,1,1
173,54,77,173,1,1
174,54,78,174,1,1
175,54,76,175,1,1
176,54,96,176,1,1
177,54,98,177,1,1
178,54,97,178,1,1
179,54,99,179,1,1
180,54,106,180,1,1
181,54,104,181,1,1
182,54,107,182,1,1
183,54,105,183,1,1
184,54,101,184,1,1
185,54,103,185,1,1
186,54,100,186,1,1
187,54,102,187,1,1
188,54,111,188,1,1
189,54,109,189,1,1
190,54,110,190,1,1
191,54,108,191,1,1
192,54,240,192,1,1
193,54,242,193,1,1
194,54,241,194,1,1
195,54,243,195,1,1
196,54,250,196,1,1
197,54,248,197,1,1
198,54,251,198,1,1
199,54,249,199,1,1
200,54,245,200,1,1
201,54,247,201,1,1
202,54,244,202,1,1
203,54,246,203,1,1
204,54,255,204,1,1
205,54,253,205,1,1
206,54,254,206,1,1
207,54,252,207,1,1
208,54,208,208,1,1
209,54,210,209,1,1
210,54,209,210,1,1
211,54,211,211,1,1
212,54,218,212,1,1
213,54,216,213,1,1
214,54,219,214,1,1
215,54,217,215,1,1
216,54,213,216,1,1
217,54,215,217,1,1
218,54,212,218,1,1
219,54,214,219,1,1
220,54,223,220,1,1
221,54,221,221,1,1
222,54,222,222,1,1
223,54,220,223,1,1
224,54,224,224,1,1
225,54,226,225,1,1
226,54,225,226,1,1
227,54,227,227,1,1
228,54,234,228,1,1
229,54,232,229,1,1
230,54,235,230,1,1
231,54,233,231,1,1
232,54,229,232,1,1
233,54,231,233,1,1
234,54,228,234,1,1
235,54,230,235,1,1
236,54,239,236,1,1
237,54,237,237,1,1
238,54,238,238,1,1
239,54,236,239,1,1
240,54,192,240,1,1
241,54,194,241,1,1
242,54,193,242,1,1
243,54,195,243,1,1
244,54,202,244,1,1
245,54,200,245,1,1
246,54,203,246,1,1
247,54,201,247,1,1
248,54,197,248,1,1
249,54,199,249,1,1
250,54,196,250,1,1
251,54,198,251,1,1
252,54,207,252,1,1
253,54,205,253,1,1
254,54,206,254,1,1
255,54,204,255,1,1
0,55,0,0,0,1
1,55,1,1,1,1
2,55,2,2,1,1
3,55,3,3,1,1
4,55,5,4,1,1
5,55,4,5,1,1
6,55,7,6,1,1
7,55,6,7,1,1
8,55,10,8,1,1
9,55,11,9,1,1
10,55,8,10,1,1
11,55,9,11,1,1
12,55,15,12,1,1
13,55,14,13,1,1
14,55,13,14,1,1
15,55,12,15,1,1
16,55,16,16,1,1
17,55,17,17,1,1
18,55,18,18,1,1
19,55,19,19,1,1
20,55,21,20,1,1
21,55,20,21,1,1
22,55,23,22,1,1
23,55,22,23,1,1
24,55,26,24,1,1
25,55,27,25,1,1
26,55,24,26,1,1
27,55,25,27,1,1
28,55,31,28,1,1
29,55,30,29,1,1
30,55,29,30,1,1
31,55,28,31,1,1
32,55,32,32,1,1
33,55,33,33,1,1
34,55,34,34,1,1
35,55,35,35,1,1
36,55,37,36,1,1
37,55,36,37,1,1
38,55,39,38,1,1
39,55,38,39,1,1
40,55,42,40,1,1
41,55,43,41,1,1
42,55,40,42,1,1
43,55,41,43,1,1
44,55,47,44,1,1
45,55,46,45,1,1
46,55,45,46,1,1
47,55,44,47,1,1
48,55,48,48,1,1
49,55,49,49,1,1
50,55,50,50,1,1
51,55,51,51,1,1
52,55,53,52,1,1
53,55,52,53,1,1
54,55,55,54,1,1
55,55,54,55,1,1
56,55,58,56,1,1
57,55,59,57,1,1
58,55,56,58,1,1
59,55,57,59,1,1
60,55,63,60,1,1
61,55,62,61,1,1
62,55,61,62,1,1
63,55,60,63,1,1
64,55,80,64,1,1
65,55,81,65,1,1
66,55,82,66,1,1
67,55,83,67,1,1
68,55,85,68,1,1
69,55,84,69,1,1
70,55,87,70,1,1
71,55,86,71,1,1
72,55,90,72,1,1
73,55,91,73,1,1
74,55,88,74,1,1
75,55,89,75,1,1
76,55,95,76,1,1
77,55,94,77,1,1
78,55,93,78,1,1
79,55,92,79,1,1
80,55,64,80,1,1
81,55,65,81,1,1
82,55,66,82,1,1
83,55,67,83,1,1
84,55,69,84,1,1
85,55,68,85,1,1
86,55,71,86,1,1
87,55,70,87,1,1
88,55,74,88,1,1
89,55,75,89,1,1
90,55,72,90,1,1
91,55,73,91,1,1
92,55,79,92,1,1
93,55,78,93,1,1
94,55,77,94,1,1
95,55,76,95,1,1
96,55,112,96,1,1
97,55,113,97,1,1
98,55,114,98,1,1
99,55,115,99,1,1
100,55,117,100,1,1
101,55,116,101,1,1
102,55,119,102,1,1
103,55,118,103,1,1
104,55,122,104,1,1
105,55,123,105,1,1
106,55,120,106,1,1
107,55,121,107,1,1
108,55,127,108,1,1
109,55,126,109,1,1
110,55,125,110,1,1
111,55,124,111,1,1
112,55,96,112,1,1
113,55,97,113,1,1
114,55,98,114,1,1
115,55,99,115,1,1
116,55,101,116,1,1
117,55,100,117,1,1
118,55,103,118,1,1
119,55,102,119,1,1
120,55,106,120,1,1
121,55,107,121,1,1
122,55,104,122,1,1
123,55,105,123,1,1
124,55,111,124,1,1
125,55,110,125,1,1
126,55,109,126,1,1
127,55,108,127,1,1
128,55,160,128,1,1
129,55,161,129,1,1
130,55,162,130,1,1
131,55,163,131,1,1
132,55,165,132,1,1
133,55,164,133,1,1
134,55,167,134,1,1
135,55,166,135,1,1
136,55,170,136,1,1
137,55,171,137,1,1
138,55,168,138,1,1
139,55,169,139,1,1
140,55,175,140,1,1
141,55,174,141,1,1
142,55,173,142,1,1
143,55,172,143,1,1
144,55,176,144,1,1
145,55,177,145,1,1
146,55,178,146,1,1
147,55,179,147,1,1
148,55,181,148,1,1
149,55,180,149,1,1
150,55,183,150,1,1
151,55,182,151,1,1
152,55,186,152,1,1
153,55,187,153,1,1
154,55,184,154,1,1
155,55,185,155,1,1
156,55,191,156,1,1
157,55,190,157,1,1
158,55,189,158,1,1
159,55,188,159,1,1
160,55,128,160,1,1
161,55,129,161,1,1
162,55,130,162,1,1
163,55,131,163,1,1
164,55,133,164,1,1
165,55,132,165,1,1
166,55,135,166,1,1
167,55,134,167,1,1
168,55,138,168,1,1
169,55,139,169,1,1
170,55,136,170,1,1
171,55,137,171,1,1
172,55,143,172,1,1
173,55,142,173,1,1
174,55,141,174,1,1
175,55,140,175,1,1
176,55,144,176,1,1
177,55,145,177,1,1
178,55,146,178,1,1
179,55,147,179,1,1
180,55,149,180,1,1
181,55,148,181,1,1
182,55,151,182,1,1
183,55,150,183,1,1
184,55,154,184,1,1
185,55,155,185,1,1
186,55,152,186,1,1
187,55,153,187,1,1
188,55,159,188,1,1
189,55,158,189,1,1
190,55,157,190,1,1
191,55,156,191,1,1
192,55,240,192,1,1
193,55,241,193,1,1
194,55,242,194,1,1
195,55,243,195,1,1
196,55,245,196,1,1
197,55,244,197,1,1
198,55,247,198,1,1
199,55,246,199,1,1
200,55,250,200,1,1
201,55,251,201,1,1
202,55,248,202,1,1
203,55,249,203,1,1
204,55,255,204,1,1
205,55,254,205,1,1
206,55,253,206,1,1
207,55,252,207,1,1
208,55,224,208,1,1
209,55,225,209,1,1
210,55,226,210,1,1
211,55,227,211,1,1
212,55,229,212,1,1
213,55,228,213,1,1
214,55,231,214,1,1
215,55,230,215,1,1
216,55,234,216,1,1
217,55,235,217,1,1
218,55,232,218,1,1
219,55,233,219,1,1
220,55,239,220,1,1
221,55,238,221,1,1
222,55,237,222,1,1
223,55,236,223,1,1
224,55,208,224,1,1
225,55,209,225,1,1
226,55,210,226,1,1
227,55,211,227,1,1
228,55,213,228,1,1
229,55,212,229,1,1
230,55,215,230,1,1
231,55,214,231,1,1
232,55,218,232,1,1
233,55,219,233,1,1
234,55,216,234,1,1
235,55,217,235,1,1
236,55,223,236,1,1
237,55,222,237,1,1
238,55,221,238,1,1
239,55,220,239,1,1
240,55,192,240,1,1
241,55,193,241,1,1
242,55,194,242,1,1
243,55,195,243,1,1
244,55,197,244,1,1
245,55,196,245,1,1
246,55,199,246,1,1
247,55,198,247,1,1
248,55,202,248,1,1
249,55,203,249,1,1
250,55,200,250,1,1
251,55,201,251,1,1
252,55,207,252,1,1
253,55,206,253,1,1
254,55,205,254,1,1
255,55,204,255,1,1
0,56,0,0,0,1
1,56,8,1,1,1
2,56,12,2,1,1
3,56,4,3,1,1
4,56,2,4,1,1
5,56,10,5,1,1
6,56,14,6,1,1
7,56,6,7,1,1
8,56,3,8,1,1
9,56,11,9,1,1
10,56,15,10,1,1
11,56,7,11,1,1
12,56,1,12,1,1
13,56,9,13,1,1
14,56,13,14,1,1
15,56,5,15,1,1
16,56,128,16,1,1
17,56,136,17,1,1
18,56,140,18,1,1
19,56,132,19,1,1
20,56,130,20,1,1
21,56,138,21,1,1
22,56,142,22,1,1
23,56,134,23,1,1
24,56,131,24,1,1
25,56,139,25,1,1
26,56,143,26,1,1
27,56,135,27,1,1
28,56,129,28,1,1
29,56,137,29,1,1
30,56,141,30,1,1
31,56,133,31,1,1
32,56,192,32,1,1
33,56,200,33,1,1
34,56,204,34,1,1
35,56,196,35,1,1
36,56,194,36,1,1
37,56,202,37,1,1
38,56,206,38,1,1
39,56,198,39,1,1
40,56,195,40,1,1
41,56,203,41,1,1
42,56,207,42,1,1
43,56,199,43,1,1
44,56,193,44,1,1
45,56,201,45,1,1
46,56,205,46,1,1
47,56,197,47,1,1
48,56,64,48,1,1
49,56,72,49,1,1
50,56,76,50,1,1
51,56,68,51,1,1
52,56,66,52,1,1
53,56,74,53,1,1
54,56,78,54,1,1
55,56,70,55,1,1
56,56,67,56,1,1
57,56,75,57,1,1
58,56,79,58,1,1
59,56,71,59,1,1
60,56,65,60,1,1
61,56,73,61,1,1
62,56,77,62,1,1
63,56,69,63,1,1
64,56,32,64,1,1
65,56,40,65,1,1
66,56,44,66,1,1
67,56,36,67,1,1
68,56,34,68,1,1
69,56,42,69,1,1
70,56,46,70,1,1
71,56,38,71,1,1
72,56,35,72,1,1
73,56,43,73,1,1
74,56,47,74,1,1
75,56,39,75,1,1
76,56,33,76,1,1
77,56,41,77,1,1
78,56,45,78,1,1
79,56,37,79,1,1
80,56,160,80,1,1
81,56,168,81,1,1
82,56,172,82,1,1
83,56,164,83,1,1
84,56,162,84,1,1
85,56,170,85,1,1
86,56,174,86,1,1
87,56,166,87,1,1
88,56,163,88,1,1
89,56,171,89,1,1
90,56,175,90,1,1
91,56,167,91,1,1
92,56,161,92,1,1
93,56,169,93,1,1
94,56,173,94,1,1
95,56,165,95,1,1
96,56,224,96,1,1
97,56,232,97,1,1
98,56,236,98,1,1
99,56,228,99,1,1
100,56,226,100,1,1
101,56,234,101,1,1
102,56,238,102,1,1
103,56,230,103,1,1
104,56,227,104,1,1
105,56,235,105,1,1
106,56,239,106,1,1
107,56,231,107,1,1
108,56,225,108,1,1
109,56,233,109,1,1
110,56,237,110,1,1
111,56,229,111,1,1
112,56,96,112,1,1
113,56,104,113,1,1
114,56,108,114,1,1
115,56,100,115,1,1
116,56,98,116,1,1
117,56,106,117,1,1
118,56,110,118,1,1
119,56,102,119,1,1
120,56,99,120,1,1
121,56,107,121,1,1
122,56,111,122,1,1
123,56,103,123,1,1
124,56,97,124,1,1
125,56,105,125,1,1
126,56,109,126,1,1
127,56,101,127,1,1
128,56,48,128,1,1
129,56,56,129,1,1
130,56,60,130,1,1
131,56,52,131,1,1
132,56,50,132,1,1
133,56,58,133,1,1
134,56,62,134,1,1
135,56,54,135,1,1
136,56,51,136,1,1
137,56,59,137,1,1
138,56,63,138,1,1
139,56,55,139,1,1
140,56,49,140,1,1
141,56,57,141,1,1
142,56,61,142,1,1
143,56,53,143,1,1
144,56,176,144,1,1
145,56,184,145,1,1
146,56,188,146,1,1
147,56,180,147,1,1
148,56,178,148,1,1
149,56,186,149,1,1
150,56,190,150,1,1
151,56,182,151,1,1
152,56,179,152,1,1
153,56,187,153,1,1
154,56,191,154,1,1
155,56,183,155,1,1
156,56,177,156,1,1
157,56,185,157,1,1
158,56,189,158,1,1
159,56,181,159,1,1
160,56,240,160,1,1
161,56,248,161,1,1
162,56,252,162,1,1
163,56,244,163,1,1
164,56,242,164,1,1
165,56,250,165,1,1
166,56,254,166,1,1
167,56,246,167,1,1
168,56,243,168,1,1
169,56,251,169,1,1
170,56,255,170,1,1
171,56,247,171,1,1
172,56,241,172,1,1
173,56,249,173,1,1
174,56,253,174,1,1
175,56,245,175,1,1
176,56,112,176,1,1
177,56,120,177,1,1
178,56,124,178,1,1
179,56,116,179,1,1
180,56,114,180,1,1
181,56,122,181,1,1
182,56,126,182,1,1
183,56,118,183,1,1
184,56,115,184,1,1
185,56,123,185,1,1
186,56,127,186,1,1
187,56,119,187,1,1
188,56,113,188,1,1
189,56,121,189,1,1
190,56,125,190,1,1
191,56,117,191,1,1
192,56,16,192,1,1
193,56,24,193,1,1
194,56,28,194,1,1
195,56,20,195,1,1
196,56,18,196,1,1
197,56,26,197,1,1
198,56,30,198,1,1
199,56,22,199,1,1
200,56,19,200,1,1
201,56,27,201,1,1
202,56,31,202,1,1
203,56,23,203,1,1
204,56,17,204,1,1
205,56,25,205,1,1
206,56,29,206,1,1
207,56,21,207,1,1
208,56,144,208,1,1
209,56,152,209,1,1
210,56,156,210,1,1
211,56,148,211,1,1
212,56,146,212,1,1
213,56,154,213,1,1
214,56,158,214,1,1
215,56,150,215,1,1
216,56,147,216,1,1
217,56,155,217,1,1
218,56,159,218,1,1
219,56,151,219,1,1
220,56,145,220,1,1
221,56,153,221,1,1
222,56,157,222,1,1
223,56,149,223,1,1
224,56,208,224,1,1
225,56,216,225,1,1
226,56,220,226,1,1
227,56,212,227,1,1
228,56,210,228,1,1
229,56,218,229,1,1
230,56,222,230,1,1
231,56,214,231,1,1
232,56,211,232,1,1
233,56,219,233,1,1
234,56,223,234,1,1
235,56,215,235,1,1
236,56,209,236,1,1
237,56,217,237,1,1
238,56,221,238,1,1
239,56,213,239,1,1
240,56,80,240,1,1
241,56,88,241,1,1
242,56,92,242,1,1
243,56,84,243,1,1
244,56,82,244,1,1
245,56,90,245,1,1
246,56,94,246,1,1
247,56,86,247,1,1
248,56,83,248,1,1
249,56,91,249,1,1
250,56,95,250,1,1
251,56,87,251,1,1
252,56,81,252,1,1
253,56,89,253,1,1
254,56,93,254,1,1
255,56,85,255,1,1
0,57,0,0,0,1
1,57,4,1,1,1
2,57,12,2,1,1
3,57,8,3,1,1
4,57,1,4,1,1
5,57,5,5,1,1
6,57,13,6,1,1
7,57,9,7,1,1
8,57,3,8,1,1
9,57,7,9,1,1
10,57,15,10,1,1
11,57,11,11,1,1
12,57,2,12,1,1
13,57,6,13,1,1
14,57,14,14,1,1
15,57,10,15,1,1
16,57,64,16,1,1
17,57,68,17,1,1
18,57,76,18,1,1
19,57,72,19,1,1
20,57,65,20,1,1
21,57,69,21,1,1
22,57,77,22,1,1
23,57,73,23,1,1
24,57,67,24,1,1
25,57,71,25,1,1
26,57,79,26,1,1
27,57,75,27,1,1
28,57,66,28,1,1
29,57,70,29,1,1
30,57,78,30,1,1
31,57,74,31,1,1
32,57,192,32,1,1
33,57,196,33,1,1
34,57,204,34,1,1
35,57,200,35,1,1
36,57,193,36,1,1
37,57,197,37,1,1
38,57,205,38,1,1
39,57,201,39,1,1
40,57,195,40,1,1
41,57,199,41,1,1
42,57,207,42,1,1
43,57,203,43,1,1
44,57,194,44,1,1
45,57,198,45,1,1
46,57,206,46,1,1
47,57,202,47,1,1
48,57,128,48,1,1
49,57,132,49,1,1
50,57,140,50,1,1
51,57,136,51,1,1
52,57,129,52,1,1
53,57,133,53,1,1
54,57,141,54,1,1
55,57,137,55,1,1
56,57,131,56,1,1
57,57,135,57,1,1
58,57,143,58,1,1
59,57,139,59,1,1
60,57,130,60,1,1
61,57,134,61,1,1
62,57,142,62,1,1
63,57,138,63,1,1
64,57,16,64,1,1
65,57,20,65,1,1
66,57,28,66,1,1
67,57,24,67,1,1
68,57,17,68,1,1
69,57,21,69,1,1
70,57,29,70,1,1
71,57,25,71,1,1
72,57,19,72,1,1
73,57,23,73,1,1
74,57,31,74,1,1
75,57,27,75,1,1
76,57,18,76,1,1
77,57,22,77,1,1
78,57,30,78,1,1
79,57,26,79,1,1
80,57,80,80,1,1
81,57,84,81,1,1
82,57,92,82,1,1
83,57,88,83,1,1
84,57,81,84,1,1
85,57,85,85,1,1
86,57,93,86,1,1
87,57,89,87,1,1
88,57,83,88,1,1
89,57,87,89,1,1
90,57,95,90,1,1
91,57,91,91,1,1
92,57,82,92,1,1
93,57,86,93,1,1
94,57,94,94,1,1
95,57,90,95,1,1
96,57,208,96,1,1
97,57,212,97,1,1
98,57,220,98,1,1
99,57,216,99,1,1
100,57,209,100,1,1
101,57,213,101,1,1
102,57,221,102,1,1
103,57,217,103,1,1
104,57,211,104,1,1
105,57,215,105,1,1
106,57,223,106,1,1
107,57,219,107,1,1
108,57,210,108,1,1
109,57,214,109,1,1
110,57,222,110,1,1
111,57,218,111,1,1
112,57,144,112,1,1
113,57,148,113,1,1
114,57,156,114,1,1
115,57,152,115,1,1
116,57,145,116,1,1
117,57,149,117,1,1
118,57,157,118,1,1
119,57,153,119,1,1
120,57,147,120,1,1
121,57,151,121,1,1
122,57,159,122,1,1
123,57,155,123,1,1
124,57,146,124,1,1
125,57,150,125,1,1
126,57,158,126,1,1
127,57,154,127,1,1
128,57,48,128,1,1
129,57,52,129,1,1
130,57,60,130,1,1
131,57,56,131,1,1
132,57,49,132,1,1
133,57,53,133,1,1
134,57,61,134,1,1
135,57,57,135,1,1
136,57,51,136,1,1
137,57,55,137,1,1
138,57,63,138,1,1
139,57,59,139,1,1
140,57,50,140,1,1
141,57,54,141,1,1
142,57,62,142,1,1
143,57,58,143,1,1
144,57,112,144,1,1
145,57,116,145,1,1
146,57,124,146,1,1
147,57,120,147,1,1
148,57,113,148,1,1
149,57,117,149,1,1
150,57,125,150,1,1
151,57,121,151,1,1
152,57,115,152,1,1
153,57,119,153,1,1
154,57,127,154,1,1
155,57,123,155,1,1
156,57,114,156,1,1
157,57,118,157,1,1
158,57,126,158,1,1
159,57,122,159,1,1
160,57,240,160,1,1
161,57,244,161,1,1
162,57,252,162,1,1
163,57,248,163,1,1
164,57,241,164,1,1
165,57,245,165,1,1
166,57,253,166,1,1
167,57,249,167,1,1
168,57,243,168,1,1
169,57,247,169,1,1
170,57,255,170,1,1
171,57,251,171,1,1
172,57,242,172,1,1
173,57,246,173,1,1
174,57,254,174,1,1
175,57,250,175,1,1
176,57,176,176,1,1
177,57,180,177,1,1
178,57,188,178,1,1
179,57,184,179,1,1
180,57,177,180,1,1
181,57,181,181,1,1
182,57,189,182,1,1
183,57,185,183,1,1
184,57,179,184,1,1
185,57,183,185,1,1
186,57,191,186,1,1
187,57,187,187,1,1
188,57,178,188,1,1
189,57,182,189,1,1
190,57,190,190,1,1
191,57,186,191,1,1
192,57,32,192,1,1
193,57,36,193,1,1
194,57,44,194,1,1
195,57,40,195,1,1
196,57,33,196,1,1
197,57,37,197,1,1
198,57,45,198,1,1
199,57,41,199,1,1
200,57,35,200,1,1
201,57,39,201,1,1
202,57,47,202,1,1
203,57,43,203,1,1
204,57,34,204,1,1
205,57,38,205,1,1
206,57,46,206,1,1
207,57,42,207,1,1
208,57,96,208,1,1
209,57,100,209,1,1
210,57,108,210,1,1
211,57,104,211,1,1
212,57,97,212,1,1
213,57,101,213,1,1
214,57,109,214,1,1
215,57,105,215,1,1
216,57,99,216,1,1
217,57,103,217,1,1
218,57,111,218,1,1
219,57,107,219,1,1
220,57,98,220,1,1
221,57,102,221,1,1
222,57,110,222,1,1
223,57,106,223,1,1
224,57,224,224,1,1
225,57,228,225,1,1
226,57,236,226,1,1
227,57,232,227,1,1
228,57,225,228,1,1
229,57,229,229,1,1
230,57,237,230,1,1
231,57,233,231,1,1
232,57,227,232,1,1
233,57,231,233,1,1
234,57,239,234,1,1
235,57,235,235,1,1
236,57,226,236,1,1
237,57,230,237,1,1
238,57,238,238,1,1
239,57,234,239,1,1
240,57,160,240,1,1
241,57,164,241,1,1
242,57,172,242,1,1
243,57,168,243,1,1
244,57,161,244,1,1
245,57,165,245,1,1
246,57,173,246,1,1
247,57,169,247,1,1
248,57,163,248,1,1
249,57,167,249,1,1
250,57,175,250,1,1
251,57,171,251,1,1
252,57,162,252,1,1
253,57,166,253,1,1
254,57,174,254,1,1
255,57,170,255,1,1
0,58,0,0,0,1
1,58,8,1,1,1
2,58,4,2,1,1
3,58,12,3,1,1
4,58,2,4,1,1
5,58,10,5,1,1
6,58,6,6,1,1
7,58,14,7,1,1
8,58,1,8,1,1
9,58,9,9,1,1
10,58,5,10,1,1
11,58,13,11,1,1
12,58,3,12,1,1
13,58,11,13,1,1
14,58,7,14,1,1
15,58,15,15,1,1
16,58,128,16,1,1
17,58,136,17,1,1
18,58,132,18,1,1
19,58,140,19,1,1
20,58,130,20,1,1
21,58,138,21,1,1
22,58,134,22,1,1
23,58,142,23,1,1
24,58,129,24,1,1
25,58,137,25,1,1
26,58,133,26,1,1
27,58,141,27,1,1
28,58,131,28,1,1
29,58,139,29,1,1
30,58,135,30,1,1
31,58,143,31,1,1
32,58,64,32,1,1
33,58,72,33,1,1
34,58,68,34,1,1
35,58,76,35,1,1
36,58,66,36,1,1
37,58,74,37,1,1
38,58,70,38,1,1
39,58,78,39,1,1
40,58,65,40,1,1
41,58,73,41,1,1
42,58,69,42,1,1
43,58,77,43,1,1
44,58,67,44,1,1
45,58,75,45,1,1
46,58,71,46,1,1
47,58,79,47,1,1
48,58,192,48,1,1
49,58,200,49,1,1
50,58,196,50,1,1
51,58,204,51,1,1
52,58,194,52,1,1
53,58,202,53,1,1
54,58,198,54,1,1
55,58,206,55,1,1
56,58,193,56,1,1
57,58,201,57,1,1
58,58,197,58,1,1
59,58,205,59,1,1
60,58,195,60,1,1
61,58,203,61,1,1
62,58,199,62,1,1
63,58,207,63,1,1
64,58,32,64,1,1
65,58,40,65,1,1
66,58,36,66,1,1
67,58,44,67,1,1
68,58,34,68,1,1
69,58,42,69,1,1
70,58,38,70,1,1
71,58,46,71,1,1
72,58,33,72,1,1
73,58,41,73,1,1
74,58,37,74,1,1
75,58,45,75,1,1
76,58,35,76,1,1
77,58,43,77,1,1
78,58,39,78,1,1
79,58,47,79,1,1
80,58,160,80,1,1
81,58,168,81,1,1
82,58,164,82,1,1
83,58,172,83,1,1
84,58,162,84,1,1
85,58,170,85,1,1
86,58,166,86,1,1
87,58,174,87,1,1
88,58,161,88,1,1
89,58,169,89,1,1
90,58,165,90,1,1
91,58,173,91,1,1
92,58,163,92,1,1
93,58,171,93,1,1
94,58,167,94,1,1
95,58,175,95,1,1
96,58,96,96,1,1
97,58,104,97,1,1
98,58,100,98,1,1
99,58,108,99,1,1
100,58,98,100,1,1
101,58,106,101,1,1
102,58,102,102,1,1
103,58,110,103,1,1
104,58,97,104,1,1
105,58,105,105,1,1
106,58,101,106,1,1
107,58,109,107,1,1
108,58,99,108,1,1
109,58,107,109,1,1
110,58,103,110,1,1
111,58,111,111,1,1
112,58,224,112,1,1
113,58,232,113,1,1
114,58,228,114,1,1
115,58,236,115,1,1
116,58,226,116,1,1
117,58,234,117,1,1
118,58,230,118,1,1
119,58,238,119,1,1
120,58,225,120,1,1
121,58,233,121,1,1
122,58,229,122,1,1
123,58,237,123,1,1
124,58,227,124,1,1
125,58,235,125,1,1
126,58,231,126,1,1
127,58,239,127,1,1
128,58,16,128,1,1
129,58,24,129,1,1
130,58,20,130,1,1
131,58,28,131,1,1
132,58,18,132,1,1
133,58,26,133,1,1
134,58,22,134,1,1
135,58,30,135,1,1
136,58,17,136,1,1
137,58,25,137,1,1
138,58,21,138,1,1
139,58,29,139,1,1
140,58,19,140,1,1
141,58,27,141,1,1
142,58,23,142,1,1
143,58,31,143,1,1
144,58,144,144,1,1
145,58,152,145,1,1
146,58,148,146,1,1
147,58,156,147,1,1
148,58,146,148,1,1
149,58,154,149,1,1
150,58,150,150,1,1
151,58,158,151,1,1
152,58,145,152,1,1
153,58,153,153,1,1
154,58,149,154,1,1
155,58,157,155,1,1
156,58,147,156,1,1
157,58,155,157,1,1
158,58,151,158,1,1
159,58,159,159,1,1
160,58,80,160,1,1
161,58,88,161,1,1
162,58,84,162,1,1
163,58,92,163,1,1
164,58,82,164,1,1
165,58,90,165,1,1
166,58,86,166,1,1
167,58,94,167,1,1
168,58,81,168,1,1
169,58,89,169,1,1
170,58,85,170,1,1
171,58,93,171,1,1
172,58,83,172,1,1
173,58,91,173,1,1
174,58,87,174,1,1
175,58,95,175,1,1
176,58,208,176,1,1
177,58,216,177,1,1
178,58,212,178,1,1
179,58,220,179,1,1
180,58,210,180,1,1
181,58,218,181,1,1
182,58,214,182,1,1
183,58,222,183,1,1
184,58,209,184,1,1
185,58,217,185,1,1
186,58,213,186,1,1
187,58,221,187,1,1
188,58,211,188,1,1
189,58,219,189,1,1
190,58,215,190,1,1
191,58,223,191,1,1
192,58,48,192,1,1
193,58,56,193,1,1
194,58,52,194,1,1
195,58,60,195,1,1
196,58,50,196,1,1
197,58,58,197,1,1
198,58,54,198,1,1
199,58,62,199,1,1
200,58,49,200,1,1
201,58,57,201,1,1
202,58,53,202,1,1
203,58,61,203,1,1
204,58,51,204,1,1
205,58,59,205,1,1
206,58,55,206,1,1
207,58,63,207,1,1
208,58,176,208,1,1
209,58,184,209,1,1
210,58,180,210,1,1
211,58,188,211,1,1
212,58,178,212,1,1
213,58,186,213,1,1
214,58,182,214,1,1
215,58,190,215,1,1
216,58,177,216,1,1
217,58,185,217,1,1
218,58,181,218,1,1
219,58,189,219,1,1
220,58,179,220,1,1
221,58,187,221,1,1
222,58,183,222,1,1
223,58,191,223,1,1
224,58,112,224,1,1
225,58,120,225,1,1
226,58,116,226,1,1
227,58,124,227,1,1
228,58,114,228,1,1
229,58,122,229,1,1
230,58,118,230,1,1
231,58,126,231,1,1
232,58,113,232,1,1
233,58,121,233,1,1
234,58,117,234,1,1
235,58,125,235,1,1
236,58,115,236,1,1
237,58,123,237,1,1
238,58,119,238,1,1
239,58,127,239,1,1
240,58,240,240,1,1
241,58,248,241,1,1
242,58,244,242,1,1
243,58,252,243,1,1
244,58,242,244,1,1
245,58,250,245,1,1
246,58,246,246,1,1
247,58,254,247,1,1
248,58,241,248,1,1
249,58,249,249,1,1
250,58,245,250,1,1
251,58,253,251,1,1
252,58,243,252,1,1
253,58,251,253,1,1
254,58,247,254,1,1
255,58,255,255,1,1
0,59,0,0,0,1
1,59,4,1,1,1
2,59,8,2,1,1
3,59,12,3,1,1
4,59,1,4,1,1
5,59,5,5,1,1
6,59,9,6,1,1
7,59,13,7,1,1
8,59,2,8,1,1
9,59,6,9,1,1
10,59,10,10,1,1
11,59,14,11,1,1
12,59,3,12,1,1
13,59,7,13,1,1
14,59,11,14,1,1
15,59,15,15,1,1
16,59,64,16,1,1
17,59,68,17,1,1
18,59,72,18,1,1
19,59,76,19,1,1
20,59,65,20,1,1
21,59,69,21,1,1
22,59,73,22,1,1
23,59,77,23,1,1
24,59,66,24,1,1
25,59,70,25,1,1
26,59,74,26,1,1
27,59,78,27,1,1
28,59,67,28,1,1
29,59,71,29,1,1
30,59,75,30,1,1
31,59,79,31,1,1
32,59,128,32,1,1
33,59,132,33,1,1
34,59,136,34,1,1
35,59,140,35,1,1
36,59,129,36,1,1
37,59,133,37,1,1
38,59,137,38,1,1
39,59,141,39,1,1
40,59,130,40,1,1
41,59,134,41,1,1
42,59,138,42,1,1
43,59,142,43,1,1
44,59,131,44,1,1
45,59,135,45,1,1
46,59,139,46,1,1
47,59,143,47,1,1
48,59,192,48,1,1
49,59,196,49,1,1
50,59,200,50,1,1
51,59,204,51,1,1
52,59,193,52,1,1
53,59,197,53,1,1
54,59,201,54,1,1
55,59,205,55,1,1
56,59,194,56,1,1
57,59,198,57,1,1
58,59,202,58,1,1
59,59,206,59,1,1
60,59,195,60,1,1
61,59,199,61,1,1
62,59,203,62,1,1
63,59,207,63,1,1
64,59,16,64,1,1
65,59,20,65,1,1
66,59,24,66,1,1
67,59,28,67,1,1
68,59,17,68,1,1
69,59,21,69,1,1
70,59,25,70,1,1
71,59,29,71,1,1
72,59,18,72,1,1
73,59,22,73,1,1
74,59,26,74,1,1
75,59,30,75,1,1
76,59,19,76,1,1
77,59,23,77,1,1
78,59,27,78,1,1
79,59,31,79,1,1
80,59,80,80,1,1
81,59,84,81,1,1
82,59,88,82,1,1
83,59,92,83,1,1
84,59,81,84,1,1
85,59,85,85,1,1
86,59,89,86,1,1
87,59,93,87,1,1
88,59,82,88,1,1
89,59,86,89,1,1
90,59,90,90,1,1
91,59,94,91,1,1
92,59,83,92,1,1
93,59,87,93,1,1
94,59,91,94,1,1
95,59,95,95,1,1
96,59,144,96,1,1
97,59,148,97,1,1
98,59,152,98,1,1
99,59,156,99,1,1
100,59,145,100,1,1
101,59,149,101,1,1
102,59,153,102,1,1
103,59,157,103,1,1
104,59,146,104,1,1
105,59,150,105,1,1
106,59,154,106,1,1
107,59,158,107,1,1
108,59,147,108,1,1
109,59,151,109,1,1
110,59,155,110,1,1
111,59,159,111,1,1
112,59,208,112,1,1
113,59,212,113,1,1
114,59,216,114,1,1
115,59,220,115,1,1
116,59,209,116,1,1
117,59,213,117,1,1
118,59,217,118,1,1
119,59,221,119,1,1
120,59,210,120,1,1
121,59,214,121,1,1
122,59,218,122,1,1
123,59,222,123,1,1
124,59,211,124,1,1
125,59,215,125,1,1
126,59,219,126,1,1
127,59,223,127,1,1
128,59,32,128,1,1
129,59,36,129,1,1
130,59,40,130,1,1
131,59,44,131,1,1
132,59,33,132,1,1
133,59,37,133,1,1
134,59,41,134,1,1
135,59,45,135,1,1
136,59,34,136,1,1
137,59,38,137,1,1
138,59,42,138,1,1
139,59,46,139,1,1
140,59,35,140,1,1
141,59,39,141,1,1
142,59,43,142,1,1
143,59,47,143,1,1
144,59,96,144,1,1
145,59,100,145,1,1
146,59,104,146,1,1
147,59,108,147,1,1
148,59,97,148,1,1
149,59,101,149,1,1
150,59,105,150,1,1
151,59,109,151,1,1
152,59,98,152,1,1
153,59,102,153,1,1
154,59,106,154,1,1
155,59,110,155,1,1
156,59,99,156,1,1
157,59,103,157,1,1
158,59,107,158,1,1
159,59,111,159,1,1
160,59,160,160,1,1
161,59,164,161,1,1
162,59,168,162,1,1
163,59,172,163,1,1
164,59,161,164,1,1
165,59,165,165,1,1
166,59,169,166,1,1
167,59,173,167,1,1
168,59,162,168,1,1
169,59,166,169,1,1
170,59,170,170,1,1
171,59,174,171,1,1
172,59,163,172,1,1
173,59,167,173,1,1
174,59,171,174,1,1
175,59,175,175,1,1
176,59,224,176,1,1
177,59,228,177,1,1
178,59,232,178,1,1
179,59,236,179,1,1
180,59,225,180,1,1
181,59,229,181,1,1
182,59,233,182,1,1
183,59,237,183,1,1
184,59,226,184,1,1
185,59,230,185,1,1
186,59,234,186,1,1
187,59,238,187,1,1
188,59,227,188,1,1
189,59,231,189,1,1
190,59,235,190,1,1
191,59,239,191,1,1
192,59,48,192,1,1
193,59,52,193,1,1
194,59,56,194,1,1
195,59,60,195,1,1
196,59,49,196,1,1
197,59,53,197,1,1
198,59,57,198,1,1
199,59,61,199,1,1
200,59,50,200,1,1
201,59,54,201,1,1
202,59,58,202,1,1
203,59,62,203,1,1
204,59,51,204,1,1
205,59,55,205,1,1
206,59,59,206,1,1
207,59,63,207,1,1
208,59,112,208,1,1
209,59,116,209,1,1
210,59,120,210,1,1
211,59,124,211,1,1
212,59,113,212,1,1
213,59,117,213,1,1
214,59,121,214,1,1
215,59,125,215,1,1
216,59,114,216,1,1
217,59,118,217,1,1
218,59,122,218,1,1
219,59,126,219,1,1
220,59,115,220,1,1
221,59,119,221,1,1
222,59,123,222,1,1
223,59,127,223,1,1
224,59,176,224,1,1
225,59,180,225,1,1
226,59,184,226,1,1
227,59,188,227,1,1
228,59,177,228,1,1
229,59,181,229,1,1
230,59,185,230,1,1
231,59,189,231,1,1
232,59,178,232,1,1
233,59,182,233,1,1
234,59,186,234,1,1
235,59,190,235,1,1
236,59,179,236,1,1
237,59,183,237,1,1
238,59,187,238,1,1
239,59,191,239,1,1
240,59,240,240,1,1
241,59,244,241,1,1
242,59,248,242,1,1
243,59,252,243,1,1
244,59,241,244,1,1
245,59,245,245,1,1
246,59,249,246,1,1
247,59,253,247,1,1
248,59,242,248,1,1
249,59,246,249,1,1
250,59,250,250,1,1
251,59,254,251,1,1
252,59,243,252,1,1
253,59,247,253,1,1
254,59,251,254,1,1
255,59,255,255,1,1
0,60,0,0,0,1
1,60,2,1,1,1
2,60,3,2,1,1
3,60,1,3,1,1
4,60,8,4,1,1
5,60,10,5,1,1
6,60,11,6,1,1
7,60,9,7,1,1
8,60,12,8,1,1
9,60,14,9,1,1
10,60,15,10,1,1
11,60,13,11,1,1
12,60,4,12,1,1
13,60,6,13,1,1
14,60,7,14,1,1
15,60,5,15,1,1
16,60,32,16,1,1
17,60,34,17,1,1
18,60,35,18,1,1
19,60,33,19,1,1
20,60,40,20,1,1
21,60,42,21,1,1
22,60,43,22,1,1
23,60,41,23,1,1
24,60,44,24,1,1
25,60,46,25,1,1
26,60,47,26,1,1
27,60,45,27,1,1
28,60,36,28,1,1
29,60,38,29,1,1
30,60,39,30,1,1
31,60,37,31,1,1
32,60,48,32,1,1
33,60,50,33,1,1
34,60,51,34,1,1
35,60,49,35,1,1
36,60,56,36,1,1
37,60,58,37,1,1
38,60,59,38,1,1
39,60,57,39,1,1
40,60,60,40,1,1
41,60,62,41,1,1
42,60,63,42,1,1
43,60,61,43,1,1
44,60,52,44,1,1
45,60,54,45,1,1
46,60,55,46,1,1
47,60,53,47,1,1
48,60,16,48,1,1
49,60,18,49,1,1
50,60,19,50,1,1
51,60,17,51,1,1
52,60,24,52,1,1
53,60,26,53,1,1
54,60,27,54,1,1
55,60,25,55,1,1
56,60,28,56,1,1
57,60,30,57,1,1
58,60,31,58,1,1
59,60,29,59,1,1
60,60,20,60,1,1
61,60,22,61,1,1
62,60,23,62,1,1
63,60,21,63,1,1
64,60,128,64,1,1
65,60,130,65,1,1
66,60,131,66,1,1
67,60,129,67,1,1
68,60,136,68,1,1
69,60,138,69,1,1
70,60,139,70,1,1
71,60,137,71,1,1
72,60,140,72,1,1
73,60,142,73,1,1
74,60,143,74,1,1
75,60,141,75,1,1
76,60,132,76,1,1
77,60,134,77,1,1
78,60,135,78,1,1
79,60,133,79,1,1
80,60,160,80,1,1
81,60,162,81,1,1
82,60,163,82,1,1
83,60,161,83,1,1
84,60,168,84,1,1
85,60,170,85,1,1
86,60,171,86,1,1
87,60,169,87,1,1
88,60,172,88,1,1
89,60,174,89,1,1
90,60,175,90,1,1
91,60,173,91,1,1
92,60,164,92,1,1
93,60,166,93,1,1
94,60,167,94,1,1
95,60,165,95,1,1
96,60,176,96,1,1
97,60,178,97,1,1
98,60,179,98,1,1
99,60,177,99,1,1
100,60,184,100,1,1
101,60,186,101,1,1
102,60,187,102,1,1
103,60,185,103,1,1
104,60,188,104,1,1
105,60,190,105,1,1
106,60,191,106,1,1
107,60,189,107,1,1
108,60,180,108,1,1
109,60,182,109,1,1
110,60,183,110,1,1
111,60,181,111,1,1
112,60,144,112,1,1
113,60,146,113,1,1
114,60,147,114,1,1
115,60,145,115,1,1
116,60,152,116,1,1
117,60,154,117,1,1
118,60,155,118,1,1
119,60,153,119,1,1
120,60,156,120,1,1
121,60,158,121,1,1
122,60,159,122,1,1
123,60,157,123,1,1
124,60,148,124,1,1
125,60,150,125,1,1
126,60,151,126,1,1
127,60,149,127,1,1
128,60,192,128,1,1
129,60,194,129,1,1
130,60,195,130,1,1
131,60,193,131,1,1
132,60,200,132,1,1
133,60,202,133,1,1
134,60,203,134,1,1
135,60,201,135,1,1
136,60,204,136,1,1
137,60,206,137,1,1
138,60,207,138,1,1
139,60,205,139,1,1
140,60,196,140,1,1
141,60,198,141,1,1
142,60,199,142,1,1
143,60,197,143,1,1
144,60,224,144,1,1
145,60,226,145,1,1
146,60,227,146,1,1
147,60,225,147,1,1
148,60,232,148,1,1
149,60,234,149,1,1
150,60,235,150,1,1
151,60,233,151,1,1
152,60,236,152,1,1
153,60,238,153,1,1
154,60,239,154,1,1
155,60,237,155,1,1
156,60,228,156,1,1
157,60,230,157,1,1
158,60,231,158,1,1
159,60,229,159,1,1
160,60,240,160,1,1
161,60,242,161,1,1
162,60,243,162,1,1
163,60,241,163,1,1
164,60,248,164,1,1
165,60,250,165,1,1
166,60,251,166,1,1
167,60,249,167,1,1
168,60,252,168,1,1
169,60,254,169,1,1
170,60,255,170,1,1
171,60,253,171,1,1
172,60,244,172,1,1
173,60,246,173,1,1
174,60,247,174,1,1
175,60,245,175,1,1
176,60,208,176,1,1
177,60,210,177,1,1
178,60,211,178,1,1
179,60,209,179,1,1
180,60,216,180,1,1
181,60,218,181,1,1
182,60,219,182,1,1
183,60,217,183,1,1
184,60,220,184,1,1
185,60,222,185,1,1
186,60,223,186,1,1
187,60,221,187,1,1
188,60,212,188,1,1
189,60,214,189,1,1
190,60,215,190,1,1
191,60,213,191,1,1
192,60,64,192,1,1
193,60,66,193,1,1
194,60,67,194,1,1
195,60,65,195,1,1
196,60,72,196,1,1
197,60,74,197,1,1
198,60,75,198,1,1
199,60,73,199,1,1
200,60,76,200,1,1
201,60,78,201,1,1
202,60,79,202,1,1
203,60,77,203,1,1
204,60,68,204,1,1
205,60,70,205,1,1
206,60,71,206,1,1
207,60,69,207,1,1
208,60,96,208,1,1
209,60,98,209,1,1
210,60,99,210,1,1
211,60,97,211,1,1
212,60,104,212,1,1
213,60,106,213,1,1
214,60,107,214,1,1
215,60,105,215,1,1
216,60,108,216,1,1
217,60,110,217,1,1
218,60,111,218,1,1
219,60,109,219,1,1
220,60,100,220,1,1
221,60,102,221,1,1
222,60,103,222,1,1
223,60,101,223,1,1
224,60,112,224,1,1
225,60,114,225,1,1
226,60,115,226,1,1
227,60,113,227,1,1
228,60,120,228,1,1
229,60,122,229,1,1
230,60,123,230,1,1
231,60,121,231,1,1
232,60,124,232,1,1
233,60,126,233,1,1
234,60,127,234,1,1
235,60,125,235,1,1
236,60,116,236,1,1
237,60,118,237,1,1
238,60,119,238,1,1
239,60,117,239,1,1
240,60,80,240,1,1
241,60,82,241,1,1
242,60,83,242,1,1
243,60,81,243,1,1
244,60,88,244,1,1
245,60,90,245,1,1
246,60,91,246,1,1
247,60,89,247,1,1
248,60,92,248,1,1
249,60,94,249,1,1
250,60,95,250,1,1
251,60,93,251,1,1
252,60,84,252,1,1
253,60,86,253,1,1
254,60,87,254,1,1
255,60,85,255,1,1
0,61,0,0,0,1
1,61,1,1,1,1
2,61,3,2,1,1
3,61,2,3,1,1
4,61,4,4,1,1
5,61,5,5,1,1
6,61,7,6,1,1
7,61,6,7,1,1
8,61,12,8,1,1
9,61,13,9,1,1
10,61,15,10,1,1
11,61,14,11,1,1
12,61,8,12,1,1
13,61,9,13,1,1
14,61,11,14,1,1
15,61,10,15,1,1
16,61,16,16,1,1
17,61,17,17,1,1
18,61,19,18,1,1
19,61,18,19,1,1
20,61,20,20,1,1
21,61,21,21,1,1
22,61,23,22,1,1
23,61,22,23,1,1
24,61,28,24,1,1
25,61,29,25,1,1
26,61,31,26,1,1
27,61,30,27,1,1
28,61,24,28,1,1
29,61,25,29,1,1
30,61,27,30,1,1
31,61,26,31,1,1
32,61,48,32,1,1
33,61,49,33,1,1
34,61,51,34,1,1
35,61,50,35,1,1
36,61,52,36,1,1
37,61,53,37,1,1
38,61,55,38,1,1
39,61,54,39,1,1
40,61,60,40,1,1
41,61,61,41,1,1
42,61,63,42,1,1
43,61,62,43,1,1
44,61,56,44,1,1
45,61,57,45,1,1
46,61,59,46,1,1
47,61,58,47,1,1
48,61,32,48,1,1
49,61,33,49,1,1
50,61,35,50,1,1
51,61,34,51,1,1
52,61,36,52,1,1
53,61,37,53,1,1
54,61,39,54,1,1
55,61,38,55,1,1
56,61,44,56,1,1
57,61,45,57,1,1
58,61,47,58,1,1
59,61,46,59,1,1
60,61,40,60,1,1
61,61,41,61,1,1
62,61,43,62,1,1
63,61,42,63,1,1
64,61,64,64,1,1
65,61,65,65,1,1
66,61,67,66,1,1
67,61,66,67,1,1
68,61,68,68,1,1
69,61,69,69,1,1
70,61,71,70,1,1
71,61,70,71,1,1
72,61,76,72,1,1
73,61,77,73,1,1
74,61,79,74,1,1
75,61,78,75,1,1
76,61,72,76,1,1
77,61,73,77,1,1
78,61,75,78,1,1
79,61,74,79,1,1
80,61,80,80,1,1
81,61,81,81,1,1
82,61,83,82,1,1
83,61,82,83,1,1
84,61,84,84,1,1
85,61,85,85,1,1
86,61,87,86,1,1
87,61,86,87,1,1
88,61,92,88,1,1
89,61,93,89,1,1
90,61,95,90,1,1
91,61,94,91,1,1
92,61,88,92,1,1
93,61,89,93,1,1
94,61,91,94,1,1
95,61,90,95,1,1
96,61,112,96,1,1
97,61,113,97,1,1
98,61,115,98,1,1
99,61,114,99,1,1
100,61,116,100,1,1
101,61,117,101,1,1
102,61,119,102,1,1
103,61,118,103,1,1
104,61,124,104,1,1
105,61,125,105,1,1
106,61,127,106,1,1
107,61,126,107,1,1
108,61,120,108,1,1
109,61,121,109,1,1
110,61,123,110,1,1
111,61,122,111,1,1
112,61,96,112,1,1
113,61,97,113,1,1
114,61,99,114,1,1
115,61,98,115,1,1
116,61,100,116,1,1
117,61,101,117,1,1
118,61,103,118,1,1
119,61,102,119,1,1
120,61,108,120,1,1
121,61,109,121,1,1
122,61,111,122,1,1
123,61,110,123,1,1
124,61,104,124,1,1
125,61,105,125,1,1
126,61,107,126,1,1
127,61,106,127,1,1
128,61,192,128,1,1
129,61,193,129,1,1
130,61,195,130,1,1
131,61,194,131,1,1
132,61,196,132,1,1
133,61,197,133,1,1
134,61,199,134,1,1
135,61,198,135,1,1
136,61,204,136,1,1
137,61,205,137,1,1
138,61,207,138,1,1
139,61,206,139,1,1
140,61,200,140,1,1
141,61,201,141,1,1
142,61,203,142,1,1
143,61,202,143,1,1
144,61,208,144,1,1
145,61,209,145,1,1
146,61,211,146,1,1
147,61,210,147,1,1
148,61,212,148,1,1
149,61,213,149,1,1
150,61,215,150,1,1
151,61,214,151,1,1
152,61,220,152,1,1
153,61,221,153,1,1
154,61,223,154,1,1
155,61,222,155,1,1
156,61,216,156,1,1
157,61,217,157,1,1
158,61,219,158,1,1
159,61,218,159,1,1
160,61,240,160,1,1
161,61,241,161,1,1
162,61,243,162,1,1
163,61,242,163,1,1
164,61,244,164,1,1
165,61,245,165,1,1
166,61,247,166,1,1
167,61,246,167,1,1
168,61,252,168,1,1
169,61,253,169,1,1
170,61,255,170,1,1
171,61,254,171,1,1
172,61,248,172,1,1
173,61,249,173,1,1
174,61,251,174,1,1
175,61,250,175,1,1
176,61,224,176,1,1
177,61,225,177,1,1
178,61,227,178,1,1
179,61,226,179,1,1
180,61,228,180,1,1
181,61,229,181,1,1
182,61,231,182,1,1
183,61,230,183,1,1
184,61,236,184,1,1
185,61,237,185,1,1
186,61,239,186,1,1
187,61,238,187,1,1
188,61,232,188,1,1
189,61,233,189,1,1
190,61,235,190,1,1
191,61,234,191,1,1
192,61,128,192,1,1
193,61,129,193,1,1
194,61,131,194,1,1
195,61,130,195,1,1
196,61,132,196,1,1
197,61,133,197,1,1
198,61,135,198,1,1
199,61,134,199,1,1
200,61,140,200,1,1
201,61,141,201,1,1
202,61,143,202,1,1
203,61,142,203,1,1
204,61,136,204,1,1
205,61,137,205,1,1
206,61,139,206,1,1
207,61,138,207,1,1
208,61,144,208,1,1
209,61,145,209,1,1
210,61,147,210,1,1
211,61,146,211,1,1
212,61,148,212,1,1
213,61,149,213,1,1
214,61,151,214,1,1
215,61,150,215,1,1
216,61,156,216,1,1
217,61,157,217,1,1
218,61,159,218,1,1
219,61,158,219,1,1
220,61,152,220,1,1
221,61,153,221,1,1
222,61,155,222,1,1
223,61,154,223,1,1
224,61,176,224,1,1
225,61,177,225,1,1
226,61,179,226,1,1
227,61,178,227,1,1
228,61,180,228,1,1
229,61,181,229,1,1
230,61,183,230,1,1
231,61,182,231,1,1
232,61,188,232,1,1
233,61,189,233,1,1
234,61,191,234,1,1
235,61,190,235,1,1
236,61,184,236,1,1
237,61,185,237,1,1
238,61,187,238,1,1
239,61,186,239,1,1
240,61,160,240,1,1
241,61,161,241,1,1
242,61,163,242,1,1
243,61,162,243,1,1
244,61,164,244,1,1
245,61,165,245,1,1
246,61,167,246,1,1
247,61,166,247,1,1
248,61,172,248,1,1
249,61,173,249,1,1
250,61,175,250,1,1
251,61,174,251,1,1
252,61,168,252,1,1
253,61,169,253,1,1
254,61,171,254,1,1
255,61,170,255,1,1
0,62,0,0,0,1
1,62,2,1,1,1
2,62,1,2,1,1
3,62,3,3,1,1
4,62,8,4,1,1
5,62,10,5,1,1
6,62,9,6,1,1
7,62,11,7,1,1
8,62,4,8,1,1
9,62,6,9,1,1
10,62,5,10,1,1
11,62,7,11,1,1
12,62,12,12,1,1
13,62,14,13,1,1
14,62,13,14,1,1
15,62,15,15,1,1
16,62,32,16,1,1
17,62,34,17,1,1
18,62,33,18,1,1
19,62,35,19,1,1
20,62,40,20,1,1
21,62,42,21,1,1
22,62,41,22,1,1
23,62,43,23,1,1
24,62,36,24,1,1
25,62,38,25,1,1
26,62,37,26,1,1
27,62,39,27,1,1
28,62,44,28,1,1
29,62,46,29,1,1
30,62,45,30,1,1
31,62,47,31,1,1
32,62,16,32,1,1
33,62,18,33,1,1
34,62,17,34,1,1
35,62,19,35,1,1
36,62,24,36,1,1
37,62,26,37,1,1
38,62,25,38,1,1
39,62,27,39,1,1
40,62,20,40,1,1
41,62,22,41,1,1
42,62,21,42,1,1
43,62,23,43,1,1
44,62,28,44,1,1
45,62,30,45,1,1
46,62,29,46,1,1
47,62,31,47,1,1
48,62,48,48,1,1
49,62,50,49,1,1
50,62,49,50,1,1
51,62,51,51,1,1
52,62,56,52,1,1
53,62,58,53,1,1
54,62,57,54,1,1
55,62,59,55,1,1
56,62,52,56,1,1
57,62,54,57,1,1
58,62,53,58,1,1
59,62,55,59,1,1
60,62,60,60,1,1
61,62,62,61,1,1
62,62,61,62,1,1
63,62,63,63,1,1
64,62,128,64,1,1
65,62,130,65,1,1
66,62,129,66,1,1
67,62,131,67,1,1
68,62,136,68,1,1
69,62,138,69,1,1
70,62,137,70,1,1
71,62,139,71,1,1
72,62,132,72,1,1
73,62,134,73,1,1
74,62,133,74,1,1
75,62,135,75,1,1
76,62,140,76,1,1
77,62,142,77,1,1
78,62,141,78,1,1
79,62,143,79,1,1
80,62,160,80,1,1
81,62,162,81,1,1
82,62,161,82,1,1
83,62,163,83,1,1
84,62,168,84,1,1
85,62,170,85,1,1
86,62,169,86,1,1
87,62,171,87,1,1
88,62,164,88,1,1
89,62,166,89,1,1
90,62,165,90,1,1
91,62,167,91,1,1
92,62,172,92,1,1
93,62,174,93,1,1
94,62,173,94,1,1
95,62,175,95,1,1
96,62,144,96,1,1
97,62,146,97,1,1
98,62,145,98,1,1
99,62,147,99,1,1
100,62,152,100,1,1
101,62,154,101,1,1
102,62,153,102,1,1
103,62,155,103,1,1
104,62,148,104,1,1
105,62,150,105,1,1
106,62,149,106,1,1
107,62,151,107,1,1
108,62,156,108,1,1
109,62,158,109,1,1
110,62,157,110,1,1
111,62,159,111,1,1
112,62,176,112,1,1
113,62,178,113,1,1
114,62,177,114,1,1
115,62,179,115,1,1
116,62,184,116,1,1
117,62,186,117,1,1
118,62,185,118,1,1
119,62,187,119,1,1
120,62,180,120,1,1
121,62,182,121,1,1
122,62,181,122,1,1
123,62,183,123,1,1
124,62,188,124,1,1
125,62,190,125,1,1
126,62,189,126,1,1
127,62,191,127,1,1
128,62,64,128,1,1
129,62,66,129,1,1
130,62,65,130,1,1
131,62,67,131,1,1
132,62,72,132,1,1
133,62,74,133,1,1
134,62,73,134,1,1
135,62,75,135,1,1
136,62,68,136,1,1
137,62,70,137,1,1
138,62,69,138,1,1
139,62,71,139,1,1
140,62,76,140,1,1
141,62,78,141,1,1
142,62,77,142,1,1
143,62,79,143,1,1
144,62,96,144,1,1
145,62,98,145,1,1
146,62,97,146,1,1
147,62,99,147,1,1
148,62,104,148,1,1
149,62,106,149,1,1
150,62,105,150,1,1
151,62,107,151,1,1
152,62,100,152,1,1
153,62,102,153,1,1
154,62,101,154,1,1
155,62,103,155,1,1
156,62,108,156,1,1
157,62,110,157,1,1
158,62,109,158,1,1
159,62,111,159,1,1
160,62,80,160,1,1
161,62,82,161,1,1
162,62,81,162,1,1
163,62,83,163,1,1
164,62,88,164,1,1
165,62,90,165,1,1
166,62,89,166,1,1
167,62,91,167,1,1
168,62,84,168,1,1
169,62,86,169,1,1
170,62,85,170,1,1
171,62,87,171,1,1
172,62,92,172,1,1
173,62,94,173,1,1
174,62,93,174,1,1
175,62,95,175,1,1
176,62,112,176,1,1
177,62,114,177,1,1
178,62,113,178,1,1
179,62,115,179,1,1
180,62,120,180,1,1
181,62,122,181,1,1
182,62,121,182,1,1
183,62,123,183,1,1
184,62,116,184,1,1
185,62,118,185,1,1
186,62,117,186,1,1
187,62,119,187,1,1
188,62,124,188,1,1
189,62,126,189,1,1
190,62,125,190,1,1
191,62,127,191,1,1
192,62,192,192,1,1
193,62,194,193,1,1
194,62,193,194,1,1
195,62,195,195,1,1
196,62,200,196,1,1
197,62,202,197,1,1
198,62,201,198,1,1
199,62,203,199,1,1
200,62,196,200,1,1
201,62,198,201,1,1
202,62,197,202,1,1
203,62,199,203,1,1
204,62,204,204,1,1
205,62,206,205,1,1
206,62,205,206,1,1
207,62,207,207,1,1
208,62,224,208,1,1
209,62,226,209,1,1
210,62,225,210,1,1
211,62,227,211,1,1
212,62,232,212,1,1
213,62,234,213,1,1
214,62,233,214,1,1
215,62,235,215,1,1
216,62,228,216,1,1
217,62,230,217,1,1
218,62,229,218,1,1
219,62,231,219,1,1
220,62,236,220,1,1
221,62,238,221,1,1
222,62,237,222,1,1
223,62,239,223,1,1
224,62,208,224,1,1
225,62,210,225,1,1
226,62,209,226,1,1
227,62,211,227,1,1
228,62,216,228,1,1
229,62,218,229,1,1
230,62,217,230,1,1
231,62,219,231,1,1
232,62,212,232,1,1
233,62,214,233,1,1
234,62,213,234,1,1
235,62,215,235,1,1
236,62,220,236,1,1
237,62,222,237,1,1
238,62,221,238,1,1
239,62,223,239,1,1
240,62,240,240,1,1
241,62,242,241,1,1
242,62,241,242,1,1
243,62,243,243,1,1
244,62,248,244,1,1
245,62,250,245,1,1
246,62,249,246,1,1
247,62,251,247,1,1
248,62,244,248,1,1
249,62,246,249,1,1
250,62,245,250,1,1
251,62,247,251,1,1
252,62,252,252,1,1
253,62,254,253,1,1
254,62,253,254,1,1
255,62,255,255,1,1
0,63,0,0,0,1
1,63,1,1,1,1
2,63,2,2,1,1
3,63,3,3,1,1
4,63,4,4,1,1
5,63,5,5,1,1
6,63,6,6,1,1
7,63,7,7,1,1
8,63,8,8,1,1
9,63,9,9,1,1
10,63,10,10,1,1
11,63,11,11,1,1
12,63,12,12,1,1
13,63,13,13,1,1
14,63,14,14,1,1
15,63,15,15,1,1
16,63,16,16,1,1
17,63,17,17,1,1
18,63,18,18,1,1
19,63,19,19,1,1
20,63,20,20,1,1
21,63,21,21,1,1
22,63,22,22,1,1
23,63,23,23,1,1
24,63,24,24,1,1
25,63,25,25,1,1
26,63,26,26,1,1
27,63,27,27,1,1
28,63,28,28,1,1
29,63,29,29,1,1
30,63,30,30,1,1
31,63,31,31,1,1
32,63,32,32,1,1
33,63,33,33,1,1
34,63,34,34,1,1
35,63,35,35,1,1
36,63,36,36,1,1
37,63,37,37,1,1
38,63,38,38,1,1
39,63,39,39,1,1
40,63,40,40,1,1
41,63,41,41,1,1
42,63,42,42,1,1
43,63,43,43,1,1
44,63,44,44,1,1
45,63,45,45,1,1
46,63,46,46,1,1
47,63,47,47,1,1
48,63,48,48,1,1
49,63,49,49,1,1
50,63,50,50,1,1
51,63,51,51,1,1
52,63,52,52,1,1
53,63,53,53,1,1
54,63,54,54,1,1
55,63,55,55,1,1
56,63,56,56,1,1
57,63,57,57,1,1
58,63,58,58,1,1
59,63,59,59,1,1
60,63,60,60,1,1
61,63,61,61,1,1
62,63,62,62,1,1
63,63,63,63,1,1
64,63,64,64,1,1
65,63,65,65,1,1
66,63,66,66,1,1
67,63,67,67,1,1
68,63,68,68,1,1
69,63,69,69,1,1
70,63,70,70,1,1
71,63,71,71,1,1
72,63,72,72,1,1
73,63,73,73,1,1
74,63,74,74,1,1
75,63,75,75,1,1
76,63,76,76,1,1
77,63,77,77,1,1
78,63,78,78,1,1
79,63,79,79,1,1
80,63,80,80,1,1
81,63,81,81,1,1
82,63,82,82,1,1
83,63,83,83,1,1
84,63,84,84,1,1
85,63,85,85,1,1
86,63,86,86,1,1
87,63,87,87,1,1
88,63,88,88,1,1
89,63,89,89,1,1
90,63,90,90,1,1
91,63,91,91,1,1
92,63,92,92,1,1
93,63,93,93,1,1
94,63,94,94,1,1
95,63,95,95,1,1
96,63,96,96,1,1
97,63,97,97,1,1
98,63,98,98,1,1
99,63,99,99,1,1
100,63,100,100,1,1
101,63,101,101,1,1
102,63,102,102,1,1
103,63,103,103,1,1
104,63,104,104,1,1
105,63,105,105,1,1
106,63,106,106,1,1
107,63,107,107,1,1
108,63,108,108,1,1
109,63,109,109,1,1
110,63,110,110,1,1
111,63,111,111,1,1
112,63,112,112,1,1
113,63,113,113,1,1
114,63,114,114,1,1
115,63,115,115,1,1
116,63,116,116,1,1
117,63,117,117,1,1
118,63,118,118,1,1
119,63,119,119,1,1
120,63,120,120,1,1
121,63,121,121,1,1
122,63,122,122,1,1
123,63,123,123,1,1
124,63,124,124,1,1
125,63,125,125,1,1
126,63,126,126,1,1
127,63,127,127,1,1
128,63,128,128,1,1
129,63,129,129,1,1
130,63,130,130,1,1
131,63,131,131,1,1
132,63,132,132,1,1
133,63,133,133,1,1
134,63,134,134,1,1
135,63,135,135,1,1
136,63,136,136,1,1
137,63,137,137,1,1
138,63,138,138,1,1
139,63,139,139,1,1
140,63,140,140,1,1
141,63,141,141,1,1
142,63,142,142,1,1
143,63,143,143,1,1
144,63,144,144,1,1
145,63,145,145,1,1
146,63,146,146,1,1
147,63,147,147,1,1
148,63,148,148,1,1
149,63,149,149,1,1
150,63,150,150,1,1
151,63,151,151,1,1
152,63,152,152,1,1
153,63,153,153,1,1
154,63,154,154,1,1
155,63,155,155,1,1
156,63,156,156,1,1
157,63,157,157,1,1
158,63,158,158,1,1
159,63,159,159,1,1
160,63,160,160,1,1
161,63,161,161,1,1
162,63,162,162,1,1
163,63,163,163,1,1
164,63,164,164,1,1
165,63,165,165,1,1
166,63,166,166,1,1
167,63,167,167,1,1
168,63,168,168,1,1
169,63,169,169,1,1
170,63,170,170,1,1
171,63,171,171,1,1
172,63,172,172,1,1
173,63,173,173,1,1
174,63,174,174,1,1
175,63,175,175,1,1
176,63,176,176,1,1
177,63,177,177,1,1
178,63,178,178,1,1
179,63,179,179,1,1
180,63,180,180,1,1
181,63,181,181,1,1
182,63,182,182,1,1
183,63,183,183,1,1
184,63,184,184,1,1
185,63,185,185,1,1
186,63,186,186,1,1
187,63,187,187,1,1
188,63,188,188,1,1
189,63,189,189,1,1
190,63,190,190,1,1
191,63,191,191,1,1
192,63,192,192,1,1
193,63,193,193,1,1
194,63,194,194,1,1
195,63,195,195,1,1
196,63,196,196,1,1
197,63,197,197,1,1
198,63,198,198,1,1
199,63,199,199,1,1
200,63,200,200,1,1
201,63,201,201,1,1
202,63,202,202,1,1
203,63,203,203,1,1
204,63,204,204,1,1
205,63,205,205,1,1
206,63,206,206,1,1
207,63,207,207,1,1
208,63,208,208,1,1
209,63,209,209,1,1
210,63,210,210,1,1
211,63,211,211,1,1
212,63,212,212,1,1
213,63,213,213,1,1
214,63,214,214,1,1
215,63,215,215,1,1
216,63,216,216,1,1
217,63,217,217,1,1
218,63,218,218,1,1
219,63,219,219,1,1
220,63,220,220,1,1
221,63,221,221,1,1
222,63,222,222,1,1
223,63,223,223,1,1
224,63,224,224,1,1
225,63,225,225,1,1
226,63,226,226,1,1
227,63,227,227,1,1
228,63,228,228,1,1
229,63,229,229,1,1
230,63,230,230,1,1
231,63,231,231,1,1
232,63,232,232,1,1
233,63,233,233,1,1
234,63,234,234,1,1
235,63,235,235,1,1
236,63,236,236,1,1
237,63,237,237,1,1
238,63,238,238,1,1
239,63,239,239,1,1
240,63,240,240,1,1
241,63,241,241,1,1
242,63,242,242,1,1
243,63,243,243,1,1
244,63,244,244,1,1
245,63,245,245,1,1
246,63,246,246,1,1
247,63,247,247,1,1
248,63,248,248,1,1
249,63,249,249,1,1
250,63,250,250,1,1
251,63,251,251,1,1
252,63,252,252,1,1
253,63,253,253,1,1
254,63,254,254,1,1
255,63,255,255,1,1
