input_state_8bit,outcome,received_8bit,corrected_8bit,exact
0,0,0,0,1
0,1,0,0,1
0,2,0,0,1
0,3,0,0,1
0,4,0,0,1
0,5,0,0,1
0,6,0,0,1
0,7,0,0,1
0,8,0,0,1
0,9,0,0,1
0,10,0,0,1
0,11,0,0,1
0,12,0,0,1
0,13,0,0,1
0,14,0,0,1
0,15,0,0,1
0,16,0,0,1
0,17,0,0,1
0,18,0,0,1
0,19,0,0,1
0,20,0,0,1
0,21,0,0,1
0,22,0,0,1
0,23,0,0,1
0,24,0,0,1
0,25,0,0,1
0,26,0,0,1
0,27,0,0,1
0,28,0,0,1
0,29,0,0,1
0,30,0,0,1
0,31,0,0,1
0,32,0,0,1
0,33,0,0,1
0,34,0,0,1
0,35,0,0,1
0,36,0,0,1
0,37,0,0,1
0,38,0,0,1
0,39,0,0,1
0,40,0,0,1
0,41,0,0,1
0,42,0,0,1
0,43,0,0,1
0,44,0,0,1
0,45,0,0,1
0,46,0,0,1
0,47,0,0,1
0,48,0,0,1
0,49,0,0,1
0,50,0,0,1
0,51,0,0,1
0,52,0,0,1
0,53,0,0,1
0,54,0,0,1
0,55,0,0,1
0,56,0,0,1
0,57,0,0,1
0,58,0,0,1
0,59,0,0,1
0,60,0,0,1
0,61,0,0,1
0,62,0,0,1
0,63,0,0,1
1,0,48,1,1
1,1,80,1,1
1,2,144,1,1
1,3,16,1,1
1,4,16,1,1
1,5,16,1,1
1,6,16,1,1
1,7,16,1,1
1,8,16,1,1
1,9,16,1,1
1,10,16,1,1
1,11,16,1,1
1,12,160,1,1
1,13,240,1,1
1,14,96,1,1
1,15,208,1,1
1,16,3,1,1
1,17,5,1,1
1,18,9,1,1
1,19,1,1,1
1,20,1,1,1
1,21,1,1,1
1,22,1,1,1
1,23,1,1,1
1,24,1,1,1
1,25,1,1,1
1,26,1,1,1
1,27,1,1,1
1,28,10,1,1
1,29,15,1,1
1,30,6,1,1
1,31,13,1,1
1,32,48,1,1
1,33,80,1,1
1,34,144,1,1
1,35,16,1,1
1,36,16,1,1
1,37,16,1,1
1,38,16,1,1
1,39,16,1,1
1,40,16,1,1
1,41,16,1,1
1,42,16,1,1
1,43,16,1,1
1,44,160,1,1
1,45,240,1,1
1,46,96,1,1
1,47,208,1,1
1,48,3,1,1
1,49,5,1,1
1,50,9,1,1
1,51,1,1,1
1,52,1,1,1
1,53,1,1,1
1,54,1,1,1
1,55,1,1,1
1,56,1,1,1
1,57,1,1,1
1,58,1,1,1
1,59,1,1,1
1,60,10,1,1
1,61,15,1,1
1,62,6,1,1
1,63,13,1,1
2,0,32,2,1
2,1,32,2,1
2,2,32,2,1
2,3,48,2,1
2,4,96,2,1
2,5,160,2,1
2,6,32,2,1
2,7,32,2,1
2,8,32,2,1
2,9,32,2,1
2,10,32,2,1
2,11,32,2,1
2,12,176,2,1
2,13,192,2,1
2,14,16,2,1
2,15,80,2,1
2,16,2,2,1
2,17,2,2,1
2,18,2,2,1
2,19,3,2,1
2,20,6,2,1
2,21,10,2,1
2,22,2,2,1
2,23,2,2,1
2,24,2,2,1
2,25,2,2,1
2,26,2,2,1
2,27,2,2,1
2,28,11,2,1
2,29,12,2,1
2,30,1,2,1
2,31,5,2,1
2,32,32,2,1
2,33,32,2,1
2,34,32,2,1
2,35,48,2,1
2,36,96,2,1
2,37,160,2,1
2,38,32,2,1
2,39,32,2,1
2,40,32,2,1
2,41,32,2,1
2,42,32,2,1
2,43,32,2,1
2,44,176,2,1
2,45,192,2,1
2,46,16,2,1
2,47,80,2,1
2,48,2,2,1
2,49,2,2,1
2,50,2,2,1
2,51,3,2,1
2,52,6,2,1
2,53,10,2,1
2,54,2,2,1
2,55,2,2,1
2,56,2,2,1
2,57,2,2,1
2,58,2,2,1
2,59,2,2,1
2,60,11,2,1
2,61,12,2,1
2,62,1,2,1
2,63,5,2,1
3,0,16,3,1
3,1,112,3,1
3,2,176,3,1
3,3,32,3,1
3,4,112,3,1
3,5,176,3,1
3,6,48,3,1
3,7,48,3,1
3,8,48,3,1
3,9,48,3,1
3,10,48,3,1
3,11,48,3,1
3,12,16,3,1
3,13,48,3,1
3,14,112,3,1
3,15,128,3,1
3,16,1,3,1
3,17,7,3,1
3,18,11,3,1
3,19,2,3,1
3,20,7,3,1
3,21,11,3,1
3,22,3,3,1
3,23,3,3,1
3,24,3,3,1
3,25,3,3,1
3,26,3,3,1
3,27,3,3,1
3,28,1,3,1
3,29,3,3,1
3,30,7,3,1
3,31,8,3,1
3,32,16,3,1
3,33,112,3,1
3,34,176,3,1
3,35,32,3,1
3,36,112,3,1
3,37,176,3,1
3,38,48,3,1
3,39,48,3,1
3,40,48,3,1
3,41,48,3,1
3,42,48,3,1
3,43,48,3,1
3,44,16,3,1
3,45,48,3,1
3,46,112,3,1
3,47,128,3,1
3,48,1,3,1
3,49,7,3,1
3,50,11,3,1
3,51,2,3,1
3,52,7,3,1
3,53,11,3,1
3,54,3,3,1
3,55,3,3,1
3,56,3,3,1
3,57,3,3,1
3,58,3,3,1
3,59,3,3,1
3,60,1,3,1
3,61,3,3,1
3,62,7,3,1
3,63,8,3,1
4,0,64,4,1
4,1,64,4,1
4,2,64,4,1
4,3,64,4,1
4,4,64,4,1
4,5,64,4,1
4,6,80,4,1
4,7,96,4,1
4,8,192,4,1
4,9,64,4,1
4,10,64,4,1
4,11,64,4,1
4,12,128,4,1
4,13,80,4,1
4,14,128,4,1
4,15,144,4,1
4,16,4,4,1
4,17,4,4,1
4,18,4,4,1
4,19,4,4,1
4,20,4,4,1
4,21,4,4,1
4,22,5,4,1
4,23,6,4,1
4,24,12,4,1
4,25,4,4,1
4,26,4,4,1
4,27,4,4,1
4,28,8,4,1
4,29,5,4,1
4,30,8,4,1
4,31,9,4,1
4,32,64,4,1
4,33,64,4,1
4,34,64,4,1
4,35,64,4,1
4,36,64,4,1
4,37,64,4,1
4,38,80,4,1
4,39,96,4,1
4,40,192,4,1
4,41,64,4,1
4,42,64,4,1
4,43,64,4,1
4,44,128,4,1
4,45,80,4,1
4,46,128,4,1
4,47,144,4,1
4,48,4,4,1
4,49,4,4,1
4,50,4,4,1
4,51,4,4,1
4,52,4,4,1
4,53,4,4,1
4,54,5,4,1
4,55,6,4,1
4,56,12,4,1
4,57,4,4,1
4,58,4,4,1
4,59,4,4,1
4,60,8,4,1
4,61,5,4,1
4,62,8,4,1
4,63,9,4,1
5,0,112,5,1
5,1,16,5,1
5,2,208,5,1
5,3,80,5,1
5,4,80,5,1
5,5,80,5,1
5,6,64,5,1
5,7,112,5,1
5,8,208,5,1
5,9,80,5,1
5,10,80,5,1
5,11,80,5,1
5,12,32,5,1
5,13,160,5,1
5,14,224,5,1
5,15,64,5,1
5,16,7,5,1
5,17,1,5,1
5,18,13,5,1
5,19,5,5,1
5,20,5,5,1
5,21,5,5,1
5,22,4,5,1
5,23,7,5,1
5,24,13,5,1
5,25,5,5,1
5,26,5,5,1
5,27,5,5,1
5,28,2,5,1
5,29,10,5,1
5,30,14,5,1
5,31,4,5,1
5,32,112,5,1
5,33,16,5,1
5,34,208,5,1
5,35,80,5,1
5,36,80,5,1
5,37,80,5,1
5,38,64,5,1
5,39,112,5,1
5,40,208,5,1
5,41,80,5,1
5,42,80,5,1
5,43,80,5,1
5,44,32,5,1
5,45,160,5,1
5,46,224,5,1
5,47,64,5,1
5,48,7,5,1
5,49,1,5,1
5,50,13,5,1
5,51,5,5,1
5,52,5,5,1
5,53,5,5,1
5,54,4,5,1
5,55,7,5,1
5,56,13,5,1
5,57,5,5,1
5,58,5,5,1
5,59,5,5,1
5,60,2,5,1
5,61,10,5,1
5,62,14,5,1
5,63,4,5,1
6,0,96,6,1
6,1,96,6,1
6,2,96,6,1
6,3,112,6,1
6,4,32,6,1
6,5,224,6,1
6,6,112,6,1
6,7,64,6,1
6,8,224,6,1
6,9,96,6,1
6,10,96,6,1
6,11,96,6,1
6,12,48,6,1
6,13,144,6,1
6,14,144,6,1
6,15,192,6,1
6,16,6,6,1
6,17,6,6,1
6,18,6,6,1
6,19,7,6,1
6,20,2,6,1
6,21,14,6,1
6,22,7,6,1
6,23,4,6,1
6,24,14,6,1
6,25,6,6,1
6,26,6,6,1
6,27,6,6,1
6,28,3,6,1
6,29,9,6,1
6,30,9,6,1
6,31,12,6,1
6,32,96,6,1
6,33,96,6,1
6,34,96,6,1
6,35,112,6,1
6,36,32,6,1
6,37,224,6,1
6,38,112,6,1
6,39,64,6,1
6,40,224,6,1
6,41,96,6,1
6,42,96,6,1
6,43,96,6,1
6,44,48,6,1
6,45,144,6,1
6,46,144,6,1
6,47,192,6,1
6,48,6,6,1
6,49,6,6,1
6,50,6,6,1
6,51,7,6,1
6,52,2,6,1
6,53,14,6,1
6,54,7,6,1
6,55,4,6,1
6,56,14,6,1
6,57,6,6,1
6,58,6,6,1
6,59,6,6,1
6,60,3,6,1
6,61,9,6,1
6,62,9,6,1
6,63,12,6,1
7,0,80,7,1
7,1,48,7,1
7,2,240,7,1
7,3,96,7,1
7,4,48,7,1
7,5,240,7,1
7,6,96,7,1
7,7,80,7,1
7,8,240,7,1
7,9,112,7,1
7,10,112,7,1
7,11,112,7,1
7,12,144,7,1
7,13,96,7,1
7,14,240,7,1
7,15,16,7,1
7,16,5,7,1
7,17,3,7,1
7,18,15,7,1
7,19,6,7,1
7,20,3,7,1
7,21,15,7,1
7,22,6,7,1
7,23,5,7,1
7,24,15,7,1
7,25,7,7,1
7,26,7,7,1
7,27,7,7,1
7,28,9,7,1
7,29,6,7,1
7,30,15,7,1
7,31,1,7,1
7,32,80,7,1
7,33,48,7,1
7,34,240,7,1
7,35,96,7,1
7,36,48,7,1
7,37,240,7,1
7,38,96,7,1
7,39,80,7,1
7,40,240,7,1
7,41,112,7,1
7,42,112,7,1
7,43,112,7,1
7,44,144,7,1
7,45,96,7,1
7,46,240,7,1
7,47,16,7,1
7,48,5,7,1
7,49,3,7,1
7,50,15,7,1
7,51,6,7,1
7,52,3,7,1
7,53,15,7,1
7,54,6,7,1
7,55,5,7,1
7,56,15,7,1
7,57,7,7,1
7,58,7,7,1
7,59,7,7,1
7,60,9,7,1
7,61,6,7,1
7,62,15,7,1
7,63,1,7,1
8,0,128,8,1
8,1,128,8,1
8,2,128,8,1
8,3,128,8,1
8,4,128,8,1
8,5,128,8,1
8,6,128,8,1
8,7,128,8,1
8,8,128,8,1
8,9,144,8,1
8,10,160,8,1
8,11,192,8,1
8,12,96,8,1
8,13,16,8,1
8,14,64,8,1
8,15,48,8,1
8,16,8,8,1
8,17,8,8,1
8,18,8,8,1
8,19,8,8,1
8,20,8,8,1
8,21,8,8,1
8,22,8,8,1
8,23,8,8,1
8,24,8,8,1
8,25,9,8,1
8,26,10,8,1
8,27,12,8,1
8,28,6,8,1
8,29,1,8,1
8,30,4,8,1
8,31,3,8,1
8,32,128,8,1
8,33,128,8,1
8,34,128,8,1
8,35,128,8,1
8,36,128,8,1
8,37,128,8,1
8,38,128,8,1
8,39,128,8,1
8,40,128,8,1
8,41,144,8,1
8,42,160,8,1
8,43,192,8,1
8,44,96,8,1
8,45,16,8,1
8,46,64,8,1
8,47,48,8,1
8,48,8,8,1
8,49,8,8,1
8,50,8,8,1
8,51,8,8,1
8,52,8,8,1
8,53,8,8,1
8,54,8,8,1
8,55,8,8,1
8,56,8,8,1
8,57,9,8,1
8,58,10,8,1
8,59,12,8,1
8,60,6,8,1
8,61,1,8,1
8,62,4,8,1
8,63,3,8,1
9,0,176,9,1
9,1,208,9,1
9,2,16,9,1
9,3,144,9,1
9,4,144,9,1
9,5,144,9,1
9,6,144,9,1
9,7,144,9,1
9,8,144,9,1
9,9,128,9,1
9,10,176,9,1
9,11,208,9,1
9,12,192,9,1
9,13,224,9,1
9,14,32,9,1
9,15,224,9,1
9,16,11,9,1
9,17,13,9,1
9,18,1,9,1
9,19,9,9,1
9,20,9,9,1
9,21,9,9,1
9,22,9,9,1
9,23,9,9,1
9,24,9,9,1
9,25,8,9,1
9,26,11,9,1
9,27,13,9,1
9,28,12,9,1
9,29,14,9,1
9,30,2,9,1
9,31,14,9,1
9,32,176,9,1
9,33,208,9,1
9,34,16,9,1
9,35,144,9,1
9,36,144,9,1
9,37,144,9,1
9,38,144,9,1
9,39,144,9,1
9,40,144,9,1
9,41,128,9,1
9,42,176,9,1
9,43,208,9,1
9,44,192,9,1
9,45,224,9,1
9,46,32,9,1
9,47,224,9,1
9,48,11,9,1
9,49,13,9,1
9,50,1,9,1
9,51,9,9,1
9,52,9,9,1
9,53,9,9,1
9,54,9,9,1
9,55,9,9,1
9,56,9,9,1
9,57,8,9,1
9,58,11,9,1
9,59,13,9,1
9,60,12,9,1
9,61,14,9,1
9,62,2,9,1
9,63,14,9,1
10,0,160,10,1
10,1,160,10,1
10,2,160,10,1
10,3,176,10,1
10,4,224,10,1
10,5,32,10,1
10,6,160,10,1
10,7,160,10,1
10,8,160,10,1
10,9,176,10,1
10,10,128,10,1
10,11,224,10,1
10,12,208,10,1
10,13,208,10,1
10,14,80,10,1
10,15,96,10,1
10,16,10,10,1
10,17,10,10,1
10,18,10,10,1
10,19,11,10,1
10,20,14,10,1
10,21,2,10,1
10,22,10,10,1
10,23,10,10,1
10,24,10,10,1
10,25,11,10,1
10,26,8,10,1
10,27,14,10,1
10,28,13,10,1
10,29,13,10,1
10,30,5,10,1
10,31,6,10,1
10,32,160,10,1
10,33,160,10,1
10,34,160,10,1
10,35,176,10,1
10,36,224,10,1
10,37,32,10,1
10,38,160,10,1
10,39,160,10,1
10,40,160,10,1
10,41,176,10,1
10,42,128,10,1
10,43,224,10,1
10,44,208,10,1
10,45,208,10,1
10,46,80,10,1
10,47,96,10,1
10,48,10,10,1
10,49,10,10,1
10,50,10,10,1
10,51,11,10,1
10,52,14,10,1
10,53,2,10,1
10,54,10,10,1
10,55,10,10,1
10,56,10,10,1
10,57,11,10,1
10,58,8,10,1
10,59,14,10,1
10,60,13,10,1
10,61,13,10,1
10,62,5,10,1
10,63,6,10,1
11,0,144,11,1
11,1,240,11,1
11,2,48,11,1
11,3,160,11,1
11,4,240,11,1
11,5,48,11,1
11,6,176,11,1
11,7,176,11,1
11,8,176,11,1
11,9,160,11,1
11,10,144,11,1
11,11,240,11,1
11,12,112,11,1
11,13,32,11,1
11,14,48,11,1
11,15,176,11,1
11,16,9,11,1
11,17,15,11,1
11,18,3,11,1
11,19,10,11,1
11,20,15,11,1
11,21,3,11,1
11,22,11,11,1
11,23,11,11,1
11,24,11,11,1
11,25,10,11,1
11,26,9,11,1
11,27,15,11,1
11,28,7,11,1
11,29,2,11,1
11,30,3,11,1
11,31,11,11,1
11,32,144,11,1
11,33,240,11,1
11,34,48,11,1
11,35,160,11,1
11,36,240,11,1
11,37,48,11,1
11,38,176,11,1
11,39,176,11,1
11,40,176,11,1
11,41,160,11,1
11,42,144,11,1
11,43,240,11,1
11,44,112,11,1
11,45,32,11,1
11,46,48,11,1
11,47,176,11,1
11,48,9,11,1
11,49,15,11,1
11,50,3,11,1
11,51,10,11,1
11,52,15,11,1
11,53,3,11,1
11,54,11,11,1
11,55,11,11,1
11,56,11,11,1
11,57,10,11,1
11,58,9,11,1
11,59,15,11,1
11,60,7,11,1
11,61,2,11,1
11,62,3,11,1
11,63,11,11,1
12,0,192,12,1
12,1,192,12,1
12,2,192,12,1
12,3,192,12,1
12,4,192,12,1
12,5,192,12,1
12,6,208,12,1
12,7,224,12,1
12,8,64,12,1
12,9,208,12,1
12,10,224,12,1
12,11,128,12,1
12,12,224,12,1
12,13,64,12,1
12,14,192,12,1
12,15,160,12,1
12,16,12,12,1
12,17,12,12,1
12,18,12,12,1
12,19,12,12,1
12,20,12,12,1
12,21,12,12,1
12,22,13,12,1
12,23,14,12,1
12,24,4,12,1
12,25,13,12,1
12,26,14,12,1
12,27,8,12,1
12,28,14,12,1
12,29,4,12,1
12,30,12,12,1
12,31,10,12,1
12,32,192,12,1
12,33,192,12,1
12,34,192,12,1
12,35,192,12,1
12,36,192,12,1
12,37,192,12,1
12,38,208,12,1
12,39,224,12,1
12,40,64,12,1
12,41,208,12,1
12,42,224,12,1
12,43,128,12,1
12,44,224,12,1
12,45,64,12,1
12,46,192,12,1
12,47,160,12,1
12,48,12,12,1
12,49,12,12,1
12,50,12,12,1
12,51,12,12,1
12,52,12,12,1
12,53,12,12,1
12,54,13,12,1
12,55,14,12,1
12,56,4,12,1
12,57,13,12,1
12,58,14,12,1
12,59,8,12,1
12,60,14,12,1
12,61,4,12,1
12,62,12,12,1
12,63,10,12,1
13,0,240,13,1
13,1,144,13,1
13,2,80,13,1
13,3,208,13,1
13,4,208,13,1
13,5,208,13,1
13,6,192,13,1
13,7,240,13,1
13,8,80,13,1
13,9,192,13,1
13,10,240,13,1
13,11,144,13,1
13,12,64,13,1
13,13,176,13,1
13,14,160,13,1
13,15,112,13,1
13,16,15,13,1
13,17,9,13,1
13,18,5,13,1
13,19,13,13,1
13,20,13,13,1
13,21,13,13,1
13,22,12,13,1
13,23,15,13,1
13,24,5,13,1
13,25,12,13,1
13,26,15,13,1
13,27,9,13,1
13,28,4,13,1
13,29,11,13,1
13,30,10,13,1
13,31,7,13,1
13,32,240,13,1
13,33,144,13,1
13,34,80,13,1
13,35,208,13,1
13,36,208,13,1
13,37,208,13,1
13,38,192,13,1
13,39,240,13,1
13,40,80,13,1
13,41,192,13,1
13,42,240,13,1
13,43,144,13,1
13,44,64,13,1
13,45,176,13,1
13,46,160,13,1
13,47,112,13,1
13,48,15,13,1
13,49,9,13,1
13,50,5,13,1
13,51,13,13,1
13,52,13,13,1
13,53,13,13,1
13,54,12,13,1
13,55,15,13,1
13,56,5,13,1
13,57,12,13,1
13,58,15,13,1
13,59,9,13,1
13,60,4,13,1
13,61,11,13,1
13,62,10,13,1
13,63,7,13,1
14,0,224,14,1
14,1,224,14,1
14,2,224,14,1
14,3,240,14,1
14,4,160,14,1
14,5,96,14,1
14,6,240,14,1
14,7,192,14,1
14,8,96,14,1
14,9,240,14,1
14,10,192,14,1
14,11,160,14,1
14,12,80,14,1
14,13,128,14,1
14,14,208,14,1
14,15,240,14,1
14,16,14,14,1
14,17,14,14,1
14,18,14,14,1
14,19,15,14,1
14,20,10,14,1
14,21,6,14,1
14,22,15,14,1
14,23,12,14,1
14,24,6,14,1
14,25,15,14,1
14,26,12,14,1
14,27,10,14,1
14,28,5,14,1
14,29,8,14,1
14,30,13,14,1
14,31,15,14,1
14,32,224,14,1
14,33,224,14,1
14,34,224,14,1
14,35,240,14,1
14,36,160,14,1
14,37,96,14,1
14,38,240,14,1
14,39,192,14,1
14,40,96,14,1
14,41,240,14,1
14,42,192,14,1
14,43,160,14,1
14,44,80,14,1
14,45,128,14,1
14,46,208,14,1
14,47,240,14,1
14,48,14,14,1
14,49,14,14,1
14,50,14,14,1
14,51,15,14,1
14,52,10,14,1
14,53,6,14,1
14,54,15,14,1
14,55,12,14,1
14,56,6,14,1
14,57,15,14,1
14,58,12,14,1
14,59,10,14,1
14,60,5,14,1
14,61,8,14,1
14,62,13,14,1
14,63,15,14,1
15,0,208,15,1
15,1,176,15,1
15,2,112,15,1
15,3,224,15,1
15,4,176,15,1
15,5,112,15,1
15,6,224,15,1
15,7,208,15,1
15,8,112,15,1
15,9,224,15,1
15,10,208,15,1
15,11,176,15,1
15,12,240,15,1
15,13,112,15,1
15,14,176,15,1
15,15,32,15,1
15,16,13,15,1
15,17,11,15,1
15,18,7,15,1
15,19,14,15,1
15,20,11,15,1
15,21,7,15,1
15,22,14,15,1
15,23,13,15,1
15,24,7,15,1
15,25,14,15,1
15,26,13,15,1
15,27,11,15,1
15,28,15,15,1
15,29,7,15,1
15,30,11,15,1
15,31,2,15,1
15,32,208,15,1
15,33,176,15,1
15,34,112,15,1
15,35,224,15,1
15,36,176,15,1
15,37,112,15,1
15,38,224,15,1
15,39,208,15,1
15,40,112,15,1
15,41,224,15,1
15,42,208,15,1
15,43,176,15,1
15,44,240,15,1
15,45,112,15,1
15,46,176,15,1
15,47,32,15,1
15,48,13,15,1
15,49,11,15,1
15,50,7,15,1
15,51,14,15,1
15,52,11,15,1
15,53,7,15,1
15,54,14,15,1
15,55,13,15,1
15,56,7,15,1
15,57,14,15,1
15,58,13,15,1
15,59,11,15,1
15,60,15,15,1
15,61,7,15,1
15,62,11,15,1
15,63,2,15,1
16,0,51,16,1
16,1,85,16,1
16,2,153,16,1
16,3,17,16,1
16,4,17,16,1
16,5,17,16,1
16,6,17,16,1
16,7,17,16,1
16,8,17,16,1
16,9,17,16,1
16,10,17,16,1
16,11,17,16,1
16,12,170,16,1
16,13,255,16,1
16,14,102,16,1
16,15,221,16,1
16,16,51,16,1
16,17,85,16,1
16,18,153,16,1
16,19,17,16,1
16,20,17,16,1
16,21,17,16,1
16,22,17,16,1
16,23,17,16,1
16,24,17,16,1
16,25,17,16,1
16,26,17,16,1
16,27,17,16,1
16,28,170,16,1
16,29,255,16,1
16,30,102,16,1
16,31,221,16,1
16,32,3,16,1
16,33,5,16,1
16,34,9,16,1
16,35,1,16,1
16,36,1,16,1
16,37,1,16,1
16,38,1,16,1
16,39,1,16,1
16,40,1,16,1
16,41,1,16,1
16,42,1,16,1
16,43,1,16,1
16,44,10,16,1
16,45,15,16,1
16,46,6,16,1
16,47,13,16,1
16,48,48,16,1
16,49,80,16,1
16,50,144,16,1
16,51,16,16,1
16,52,16,16,1
16,53,16,16,1
16,54,16,16,1
16,55,16,16,1
16,56,16,16,1
16,57,16,16,1
16,58,16,16,1
16,59,16,16,1
16,60,160,16,1
16,61,240,16,1
16,62,96,16,1
16,63,208,16,1
17,0,3,17,1
17,1,5,17,1
17,2,9,17,1
17,3,1,17,1
17,4,1,17,1
17,5,1,17,1
17,6,1,17,1
17,7,1,17,1
17,8,1,17,1
17,9,1,17,1
17,10,1,17,1
17,11,1,17,1
17,12,10,17,1
17,13,15,17,1
17,14,6,17,1
17,15,13,17,1
17,16,48,17,1
17,17,80,17,1
17,18,144,17,1
17,19,16,17,1
17,20,16,17,1
17,21,16,17,1
17,22,16,17,1
17,23,16,17,1
17,24,16,17,1
17,25,16,17,1
17,26,16,17,1
17,27,16,17,1
17,28,160,17,1
17,29,240,17,1
17,30,96,17,1
17,31,208,17,1
17,32,51,17,1
17,33,85,17,1
17,34,153,17,1
17,35,17,17,1
17,36,17,17,1
17,37,17,17,1
17,38,17,17,1
17,39,17,17,1
17,40,17,17,1
17,41,17,17,1
17,42,17,17,1
17,43,17,17,1
17,44,170,17,1
17,45,255,17,1
17,46,102,17,1
17,47,221,17,1
17,48,51,17,1
17,49,85,17,1
17,50,153,17,1
17,51,17,17,1
17,52,17,17,1
17,53,17,17,1
17,54,17,17,1
17,55,17,17,1
17,56,17,17,1
17,57,17,17,1
17,58,17,17,1
17,59,17,17,1
17,60,170,17,1
17,61,255,17,1
17,62,102,17,1
17,63,221,17,1
18,0,19,18,1
18,1,117,18,1
18,2,185,18,1
18,3,33,18,1
18,4,113,18,1
18,5,177,18,1
18,6,49,18,1
18,7,49,18,1
18,8,49,18,1
18,9,49,18,1
18,10,49,18,1
18,11,49,18,1
18,12,26,18,1
18,13,63,18,1
18,14,118,18,1
18,15,141,18,1
18,16,49,18,1
18,17,87,18,1
18,18,155,18,1
18,19,18,18,1
18,20,23,18,1
18,21,27,18,1
18,22,19,18,1
18,23,19,18,1
18,24,19,18,1
18,25,19,18,1
18,26,19,18,1
18,27,19,18,1
18,28,161,18,1
18,29,243,18,1
18,30,103,18,1
18,31,216,18,1
18,32,35,18,1
18,33,37,18,1
18,34,41,18,1
18,35,49,18,1
18,36,97,18,1
18,37,161,18,1
18,38,33,18,1
18,39,33,18,1
18,40,33,18,1
18,41,33,18,1
18,42,33,18,1
18,43,33,18,1
18,44,186,18,1
18,45,207,18,1
18,46,22,18,1
18,47,93,18,1
18,48,50,18,1
18,49,82,18,1
18,50,146,18,1
18,51,19,18,1
18,52,22,18,1
18,53,26,18,1
18,54,18,18,1
18,55,18,18,1
18,56,18,18,1
18,57,18,18,1
18,58,18,18,1
18,59,18,18,1
18,60,171,18,1
18,61,252,18,1
18,62,97,18,1
18,63,213,18,1
19,0,35,19,1
19,1,37,19,1
19,2,41,19,1
19,3,49,19,1
19,4,97,19,1
19,5,161,19,1
19,6,33,19,1
19,7,33,19,1
19,8,33,19,1
19,9,33,19,1
19,10,33,19,1
19,11,33,19,1
19,12,186,19,1
19,13,207,19,1
19,14,22,19,1
19,15,93,19,1
19,16,50,19,1
19,17,82,19,1
19,18,146,19,1
19,19,19,19,1
19,20,22,19,1
19,21,26,19,1
19,22,18,19,1
19,23,18,19,1
19,24,18,19,1
19,25,18,19,1
19,26,18,19,1
19,27,18,19,1
19,28,171,19,1
19,29,252,19,1
19,30,97,19,1
19,31,213,19,1
19,32,19,19,1
19,33,117,19,1
19,34,185,19,1
19,35,33,19,1
19,36,113,19,1
19,37,177,19,1
19,38,49,19,1
19,39,49,19,1
19,40,49,19,1
19,41,49,19,1
19,42,49,19,1
19,43,49,19,1
19,44,26,19,1
19,45,63,19,1
19,46,118,19,1
19,47,141,19,1
19,48,49,19,1
19,49,87,19,1
19,50,155,19,1
19,51,18,19,1
19,52,23,19,1
19,53,27,19,1
19,54,19,19,1
19,55,19,19,1
19,56,19,19,1
19,57,19,19,1
19,58,19,19,1
19,59,19,19,1
19,60,161,19,1
19,61,243,19,1
19,62,103,19,1
19,63,216,19,1
20,0,115,20,1
20,1,21,20,1
20,2,217,20,1
20,3,81,20,1
20,4,81,20,1
20,5,81,20,1
20,6,65,20,1
20,7,113,20,1
20,8,209,20,1
20,9,81,20,1
20,10,81,20,1
20,11,81,20,1
20,12,42,20,1
20,13,175,20,1
20,14,230,20,1
20,15,77,20,1
20,16,55,20,1
20,17,81,20,1
20,18,157,20,1
20,19,21,20,1
20,20,21,20,1
20,21,21,20,1
20,22,20,20,1
20,23,23,20,1
20,24,29,20,1
20,25,21,20,1
20,26,21,20,1
20,27,21,20,1
20,28,162,20,1
20,29,250,20,1
20,30,110,20,1
20,31,212,20,1
20,32,67,20,1
20,33,69,20,1
20,34,73,20,1
20,35,65,20,1
20,36,65,20,1
20,37,65,20,1
20,38,81,20,1
20,39,97,20,1
20,40,193,20,1
20,41,65,20,1
20,42,65,20,1
20,43,65,20,1
20,44,138,20,1
20,45,95,20,1
20,46,134,20,1
20,47,157,20,1
20,48,52,20,1
20,49,84,20,1
20,50,148,20,1
20,51,20,20,1
20,52,20,20,1
20,53,20,20,1
20,54,21,20,1
20,55,22,20,1
20,56,28,20,1
20,57,20,20,1
20,58,20,20,1
20,59,20,20,1
20,60,168,20,1
20,61,245,20,1
20,62,104,20,1
20,63,217,20,1
21,0,67,21,1
21,1,69,21,1
21,2,73,21,1
21,3,65,21,1
21,4,65,21,1
21,5,65,21,1
21,6,81,21,1
21,7,97,21,1
21,8,193,21,1
21,9,65,21,1
21,10,65,21,1
21,11,65,21,1
21,12,138,21,1
21,13,95,21,1
21,14,134,21,1
21,15,157,21,1
21,16,52,21,1
21,17,84,21,1
21,18,148,21,1
21,19,20,21,1
21,20,20,21,1
21,21,20,21,1
21,22,21,21,1
21,23,22,21,1
21,24,28,21,1
21,25,20,21,1
21,26,20,21,1
21,27,20,21,1
21,28,168,21,1
21,29,245,21,1
21,30,104,21,1
21,31,217,21,1
21,32,115,21,1
21,33,21,21,1
21,34,217,21,1
21,35,81,21,1
21,36,81,21,1
21,37,81,21,1
21,38,65,21,1
21,39,113,21,1
21,40,209,21,1
21,41,81,21,1
21,42,81,21,1
21,43,81,21,1
21,44,42,21,1
21,45,175,21,1
21,46,230,21,1
21,47,77,21,1
21,48,55,21,1
21,49,81,21,1
21,50,157,21,1
21,51,21,21,1
21,52,21,21,1
21,53,21,21,1
21,54,20,21,1
21,55,23,21,1
21,56,29,21,1
21,57,21,21,1
21,58,21,21,1
21,59,21,21,1
21,60,162,21,1
21,61,250,21,1
21,62,110,21,1
21,63,212,21,1
22,0,83,22,1
22,1,53,22,1
22,2,249,22,1
22,3,97,22,1
22,4,49,22,1
22,5,241,22,1
22,6,97,22,1
22,7,81,22,1
22,8,241,22,1
22,9,113,22,1
22,10,113,22,1
22,11,113,22,1
22,12,154,22,1
22,13,111,22,1
22,14,246,22,1
22,15,29,22,1
22,16,53,22,1
22,17,83,22,1
22,18,159,22,1
22,19,22,22,1
22,20,19,22,1
22,21,31,22,1
22,22,22,22,1
22,23,21,22,1
22,24,31,22,1
22,25,23,22,1
22,26,23,22,1
22,27,23,22,1
22,28,169,22,1
22,29,246,22,1
22,30,111,22,1
22,31,209,22,1
22,32,99,22,1
22,33,101,22,1
22,34,105,22,1
22,35,113,22,1
22,36,33,22,1
22,37,225,22,1
22,38,113,22,1
22,39,65,22,1
22,40,225,22,1
22,41,97,22,1
22,42,97,22,1
22,43,97,22,1
22,44,58,22,1
22,45,159,22,1
22,46,150,22,1
22,47,205,22,1
22,48,54,22,1
22,49,86,22,1
22,50,150,22,1
22,51,23,22,1
22,52,18,22,1
22,53,30,22,1
22,54,23,22,1
22,55,20,22,1
22,56,30,22,1
22,57,22,22,1
22,58,22,22,1
22,59,22,22,1
22,60,163,22,1
22,61,249,22,1
22,62,105,22,1
22,63,220,22,1
23,0,99,23,1
23,1,101,23,1
23,2,105,23,1
23,3,113,23,1
23,4,33,23,1
23,5,225,23,1
23,6,113,23,1
23,7,65,23,1
23,8,225,23,1
23,9,97,23,1
23,10,97,23,1
23,11,97,23,1
23,12,58,23,1
23,13,159,23,1
23,14,150,23,1
23,15,205,23,1
23,16,54,23,1
23,17,86,23,1
23,18,150,23,1
23,19,23,23,1
23,20,18,23,1
23,21,30,23,1
23,22,23,23,1
23,23,20,23,1
23,24,30,23,1
23,25,22,23,1
23,26,22,23,1
23,27,22,23,1
23,28,163,23,1
23,29,249,23,1
23,30,105,23,1
23,31,220,23,1
23,32,83,23,1
23,33,53,23,1
23,34,249,23,1
23,35,97,23,1
23,36,49,23,1
23,37,241,23,1
23,38,97,23,1
23,39,81,23,1
23,40,241,23,1
23,41,113,23,1
23,42,113,23,1
23,43,113,23,1
23,44,154,23,1
23,45,111,23,1
23,46,246,23,1
23,47,29,23,1
23,48,53,23,1
23,49,83,23,1
23,50,159,23,1
23,51,22,23,1
23,52,19,23,1
23,53,31,23,1
23,54,22,23,1
23,55,21,23,1
23,56,31,23,1
23,57,23,23,1
23,58,23,23,1
23,59,23,23,1
23,60,169,23,1
23,61,246,23,1
23,62,111,23,1
23,63,209,23,1
24,0,179,24,1
24,1,213,24,1
24,2,25,24,1
24,3,145,24,1
24,4,145,24,1
24,5,145,24,1
24,6,145,24,1
24,7,145,24,1
24,8,145,24,1
24,9,129,24,1
24,10,177,24,1
24,11,209,24,1
24,12,202,24,1
24,13,239,24,1
24,14,38,24,1
24,15,237,24,1
24,16,59,24,1
24,17,93,24,1
24,18,145,24,1
24,19,25,24,1
24,20,25,24,1
24,21,25,24,1
24,22,25,24,1
24,23,25,24,1
24,24,25,24,1
24,25,24,24,1
24,26,27,24,1
24,27,29,24,1
24,28,172,24,1
24,29,254,24,1
24,30,98,24,1
24,31,222,24,1
24,32,131,24,1
24,33,133,24,1
24,34,137,24,1
24,35,129,24,1
24,36,129,24,1
24,37,129,24,1
24,38,129,24,1
24,39,129,24,1
24,40,129,24,1
24,41,145,24,1
24,42,161,24,1
24,43,193,24,1
24,44,106,24,1
24,45,31,24,1
24,46,70,24,1
24,47,61,24,1
24,48,56,24,1
24,49,88,24,1
24,50,152,24,1
24,51,24,24,1
24,52,24,24,1
24,53,24,24,1
24,54,24,24,1
24,55,24,24,1
24,56,24,24,1
24,57,25,24,1
24,58,26,24,1
24,59,28,24,1
24,60,166,24,1
24,61,241,24,1
24,62,100,24,1
24,63,211,24,1
25,0,131,25,1
25,1,133,25,1
25,2,137,25,1
25,3,129,25,1
25,4,129,25,1
25,5,129,25,1
25,6,129,25,1
25,7,129,25,1
25,8,129,25,1
25,9,145,25,1
25,10,161,25,1
25,11,193,25,1
25,12,106,25,1
25,13,31,25,1
25,14,70,25,1
25,15,61,25,1
25,16,56,25,1
25,17,88,25,1
25,18,152,25,1
25,19,24,25,1
25,20,24,25,1
25,21,24,25,1
25,22,24,25,1
25,23,24,25,1
25,24,24,25,1
25,25,25,25,1
25,26,26,25,1
25,27,28,25,1
25,28,166,25,1
25,29,241,25,1
25,30,100,25,1
25,31,211,25,1
25,32,179,25,1
25,33,213,25,1
25,34,25,25,1
25,35,145,25,1
25,36,145,25,1
25,37,145,25,1
25,38,145,25,1
25,39,145,25,1
25,40,145,25,1
25,41,129,25,1
25,42,177,25,1
25,43,209,25,1
25,44,202,25,1
25,45,239,25,1
25,46,38,25,1
25,47,237,25,1
25,48,59,25,1
25,49,93,25,1
25,50,145,25,1
25,51,25,25,1
25,52,25,25,1
25,53,25,25,1
25,54,25,25,1
25,55,25,25,1
25,56,25,25,1
25,57,24,25,1
25,58,27,25,1
25,59,29,25,1
25,60,172,25,1
25,61,254,25,1
25,62,98,25,1
25,63,222,25,1
26,0,147,26,1
26,1,245,26,1
26,2,57,26,1
26,3,161,26,1
26,4,241,26,1
26,5,49,26,1
26,6,177,26,1
26,7,177,26,1
26,8,177,26,1
26,9,161,26,1
26,10,145,26,1
26,11,241,26,1
26,12,122,26,1
26,13,47,26,1
26,14,54,26,1
26,15,189,26,1
26,16,57,26,1
26,17,95,26,1
26,18,147,26,1
26,19,26,26,1
26,20,31,26,1
26,21,19,26,1
26,22,27,26,1
26,23,27,26,1
26,24,27,26,1
26,25,26,26,1
26,26,25,26,1
26,27,31,26,1
26,28,167,26,1
26,29,242,26,1
26,30,99,26,1
26,31,219,26,1
26,32,163,26,1
26,33,165,26,1
26,34,169,26,1
26,35,177,26,1
26,36,225,26,1
26,37,33,26,1
26,38,161,26,1
26,39,161,26,1
26,40,161,26,1
26,41,177,26,1
26,42,129,26,1
26,43,225,26,1
26,44,218,26,1
26,45,223,26,1
26,46,86,26,1
26,47,109,26,1
26,48,58,26,1
26,49,90,26,1
26,50,154,26,1
26,51,27,26,1
26,52,30,26,1
26,53,18,26,1
26,54,26,26,1
26,55,26,26,1
26,56,26,26,1
26,57,27,26,1
26,58,24,26,1
26,59,30,26,1
26,60,173,26,1
26,61,253,26,1
26,62,101,26,1
26,63,214,26,1
27,0,163,27,1
27,1,165,27,1
27,2,169,27,1
27,3,177,27,1
27,4,225,27,1
27,5,33,27,1
27,6,161,27,1
27,7,161,27,1
27,8,161,27,1
27,9,177,27,1
27,10,129,27,1
27,11,225,27,1
27,12,218,27,1
27,13,223,27,1
27,14,86,27,1
27,15,109,27,1
27,16,58,27,1
27,17,90,27,1
27,18,154,27,1
27,19,27,27,1
27,20,30,27,1
27,21,18,27,1
27,22,26,27,1
27,23,26,27,1
27,24,26,27,1
27,25,27,27,1
27,26,24,27,1
27,27,30,27,1
27,28,173,27,1
27,29,253,27,1
27,30,101,27,1
27,31,214,27,1
27,32,147,27,1
27,33,245,27,1
27,34,57,27,1
27,35,161,27,1
27,36,241,27,1
27,37,49,27,1
27,38,177,27,1
27,39,177,27,1
27,40,177,27,1
27,41,161,27,1
27,42,145,27,1
27,43,241,27,1
27,44,122,27,1
27,45,47,27,1
27,46,54,27,1
27,47,189,27,1
27,48,57,27,1
27,49,95,27,1
27,50,147,27,1
27,51,26,27,1
27,52,31,27,1
27,53,19,27,1
27,54,27,27,1
27,55,27,27,1
27,56,27,27,1
27,57,26,27,1
27,58,25,27,1
27,59,31,27,1
27,60,167,27,1
27,61,242,27,1
27,62,99,27,1
27,63,219,27,1
28,0,243,28,1
28,1,149,28,1
28,2,89,28,1
28,3,209,28,1
28,4,209,28,1
28,5,209,28,1
28,6,193,28,1
28,7,241,28,1
28,8,81,28,1
28,9,193,28,1
28,10,241,28,1
28,11,145,28,1
28,12,74,28,1
28,13,191,28,1
28,14,166,28,1
28,15,125,28,1
28,16,63,28,1
28,17,89,28,1
28,18,149,28,1
28,19,29,28,1
28,20,29,28,1
28,21,29,28,1
28,22,28,28,1
28,23,31,28,1
28,24,21,28,1
28,25,28,28,1
28,26,31,28,1
28,27,25,28,1
28,28,164,28,1
28,29,251,28,1
28,30,106,28,1
28,31,215,28,1
28,32,195,28,1
28,33,197,28,1
28,34,201,28,1
28,35,193,28,1
28,36,193,28,1
28,37,193,28,1
28,38,209,28,1
28,39,225,28,1
28,40,65,28,1
28,41,209,28,1
28,42,225,28,1
28,43,129,28,1
28,44,234,28,1
28,45,79,28,1
28,46,198,28,1
28,47,173,28,1
28,48,60,28,1
28,49,92,28,1
28,50,156,28,1
28,51,28,28,1
28,52,28,28,1
28,53,28,28,1
28,54,29,28,1
28,55,30,28,1
28,56,20,28,1
28,57,29,28,1
28,58,30,28,1
28,59,24,28,1
28,60,174,28,1
28,61,244,28,1
28,62,108,28,1
28,63,218,28,1
29,0,195,29,1
29,1,197,29,1
29,2,201,29,1
29,3,193,29,1
29,4,193,29,1
29,5,193,29,1
29,6,209,29,1
29,7,225,29,1
29,8,65,29,1
29,9,209,29,1
29,10,225,29,1
29,11,129,29,1
29,12,234,29,1
29,13,79,29,1
29,14,198,29,1
29,15,173,29,1
29,16,60,29,1
29,17,92,29,1
29,18,156,29,1
29,19,28,29,1
29,20,28,29,1
29,21,28,29,1
29,22,29,29,1
29,23,30,29,1
29,24,20,29,1
29,25,29,29,1
29,26,30,29,1
29,27,24,29,1
29,28,174,29,1
29,29,244,29,1
29,30,108,29,1
29,31,218,29,1
29,32,243,29,1
29,33,149,29,1
29,34,89,29,1
29,35,209,29,1
29,36,209,29,1
29,37,209,29,1
29,38,193,29,1
29,39,241,29,1
29,40,81,29,1
29,41,193,29,1
29,42,241,29,1
29,43,145,29,1
29,44,74,29,1
29,45,191,29,1
29,46,166,29,1
29,47,125,29,1
29,48,63,29,1
29,49,89,29,1
29,50,149,29,1
29,51,29,29,1
29,52,29,29,1
29,53,29,29,1
29,54,28,29,1
29,55,31,29,1
29,56,21,29,1
29,57,28,29,1
29,58,31,29,1
29,59,25,29,1
29,60,164,29,1
29,61,251,29,1
29,62,106,29,1
29,63,215,29,1
30,0,211,30,1
30,1,181,30,1
30,2,121,30,1
30,3,225,30,1
30,4,177,30,1
30,5,113,30,1
30,6,225,30,1
30,7,209,30,1
30,8,113,30,1
30,9,225,30,1
30,10,209,30,1
30,11,177,30,1
30,12,250,30,1
30,13,127,30,1
30,14,182,30,1
30,15,45,30,1
30,16,61,30,1
30,17,91,30,1
30,18,151,30,1
30,19,30,30,1
30,20,27,30,1
30,21,23,30,1
30,22,30,30,1
30,23,29,30,1
30,24,23,30,1
30,25,30,30,1
30,26,29,30,1
30,27,27,30,1
30,28,175,30,1
30,29,247,30,1
30,30,107,30,1
30,31,210,30,1
30,32,227,30,1
30,33,229,30,1
30,34,233,30,1
30,35,241,30,1
30,36,161,30,1
30,37,97,30,1
30,38,241,30,1
30,39,193,30,1
30,40,97,30,1
30,41,241,30,1
30,42,193,30,1
30,43,161,30,1
30,44,90,30,1
30,45,143,30,1
30,46,214,30,1
30,47,253,30,1
30,48,62,30,1
30,49,94,30,1
30,50,158,30,1
30,51,31,30,1
30,52,26,30,1
30,53,22,30,1
30,54,31,30,1
30,55,28,30,1
30,56,22,30,1
30,57,31,30,1
30,58,28,30,1
30,59,26,30,1
30,60,165,30,1
30,61,248,30,1
30,62,109,30,1
30,63,223,30,1
31,0,227,31,1
31,1,229,31,1
31,2,233,31,1
31,3,241,31,1
31,4,161,31,1
31,5,97,31,1
31,6,241,31,1
31,7,193,31,1
31,8,97,31,1
31,9,241,31,1
31,10,193,31,1
31,11,161,31,1
31,12,90,31,1
31,13,143,31,1
31,14,214,31,1
31,15,253,31,1
31,16,62,31,1
31,17,94,31,1
31,18,158,31,1
31,19,31,31,1
31,20,26,31,1
31,21,22,31,1
31,22,31,31,1
31,23,28,31,1
31,24,22,31,1
31,25,31,31,1
31,26,28,31,1
31,27,26,31,1
31,28,165,31,1
31,29,248,31,1
31,30,109,31,1
31,31,223,31,1
31,32,211,31,1
31,33,181,31,1
31,34,121,31,1
31,35,225,31,1
31,36,177,31,1
31,37,113,31,1
31,38,225,31,1
31,39,209,31,1
31,40,113,31,1
31,41,225,31,1
31,42,209,31,1
31,43,177,31,1
31,44,250,31,1
31,45,127,31,1
31,46,182,31,1
31,47,45,31,1
31,48,61,31,1
31,49,91,31,1
31,50,151,31,1
31,51,30,31,1
31,52,27,31,1
31,53,23,31,1
31,54,30,31,1
31,55,29,31,1
31,56,23,31,1
31,57,30,31,1
31,58,29,31,1
31,59,27,31,1
31,60,175,31,1
31,61,247,31,1
31,62,107,31,1
31,63,210,31,1
32,0,34,32,1
32,1,34,32,1
32,2,34,32,1
32,3,51,32,1
32,4,102,32,1
32,5,170,32,1
32,6,34,32,1
32,7,34,32,1
32,8,34,32,1
32,9,34,32,1
32,10,34,32,1
32,11,34,32,1
32,12,187,32,1
32,13,204,32,1
32,14,17,32,1
32,15,85,32,1
32,16,34,32,1
32,17,34,32,1
32,18,34,32,1
32,19,51,32,1
32,20,102,32,1
32,21,170,32,1
32,22,34,32,1
32,23,34,32,1
32,24,34,32,1
32,25,34,32,1
32,26,34,32,1
32,27,34,32,1
32,28,187,32,1
32,29,204,32,1
32,30,17,32,1
32,31,85,32,1
32,32,2,32,1
32,33,2,32,1
32,34,2,32,1
32,35,3,32,1
32,36,6,32,1
32,37,10,32,1
32,38,2,32,1
32,39,2,32,1
32,40,2,32,1
32,41,2,32,1
32,42,2,32,1
32,43,2,32,1
32,44,11,32,1
32,45,12,32,1
32,46,1,32,1
32,47,5,32,1
32,48,32,32,1
32,49,32,32,1
32,50,32,32,1
32,51,48,32,1
32,52,96,32,1
32,53,160,32,1
32,54,32,32,1
32,55,32,32,1
32,56,32,32,1
32,57,32,32,1
32,58,32,32,1
32,59,32,32,1
32,60,176,32,1
32,61,192,32,1
32,62,16,32,1
32,63,80,32,1
33,0,18,33,1
33,1,114,33,1
33,2,178,33,1
33,3,35,33,1
33,4,118,33,1
33,5,186,33,1
33,6,50,33,1
33,7,50,33,1
33,8,50,33,1
33,9,50,33,1
33,10,50,33,1
33,11,50,33,1
33,12,27,33,1
33,13,60,33,1
33,14,113,33,1
33,15,133,33,1
33,16,33,33,1
33,17,39,33,1
33,18,43,33,1
33,19,50,33,1
33,20,103,33,1
33,21,171,33,1
33,22,35,33,1
33,23,35,33,1
33,24,35,33,1
33,25,35,33,1
33,26,35,33,1
33,27,35,33,1
33,28,177,33,1
33,29,195,33,1
33,30,23,33,1
33,31,88,33,1
33,32,50,33,1
33,33,82,33,1
33,34,146,33,1
33,35,19,33,1
33,36,22,33,1
33,37,26,33,1
33,38,18,33,1
33,39,18,33,1
33,40,18,33,1
33,41,18,33,1
33,42,18,33,1
33,43,18,33,1
33,44,171,33,1
33,45,252,33,1
33,46,97,33,1
33,47,213,33,1
33,48,35,33,1
33,49,37,33,1
33,50,41,33,1
33,51,49,33,1
33,52,97,33,1
33,53,161,33,1
33,54,33,33,1
33,55,33,33,1
33,56,33,33,1
33,57,33,33,1
33,58,33,33,1
33,59,33,33,1
33,60,186,33,1
33,61,207,33,1
33,62,22,33,1
33,63,93,33,1
34,0,2,34,1
34,1,2,34,1
34,2,2,34,1
34,3,3,34,1
34,4,6,34,1
34,5,10,34,1
34,6,2,34,1
34,7,2,34,1
34,8,2,34,1
34,9,2,34,1
34,10,2,34,1
34,11,2,34,1
34,12,11,34,1
34,13,12,34,1
34,14,1,34,1
34,15,5,34,1
34,16,32,34,1
34,17,32,34,1
34,18,32,34,1
34,19,48,34,1
34,20,96,34,1
34,21,160,34,1
34,22,32,34,1
34,23,32,34,1
34,24,32,34,1
34,25,32,34,1
34,26,32,34,1
34,27,32,34,1
34,28,176,34,1
34,29,192,34,1
34,30,16,34,1
34,31,80,34,1
34,32,34,34,1
34,33,34,34,1
34,34,34,34,1
34,35,51,34,1
34,36,102,34,1
34,37,170,34,1
34,38,34,34,1
34,39,34,34,1
34,40,34,34,1
34,41,34,34,1
34,42,34,34,1
34,43,34,34,1
34,44,187,34,1
34,45,204,34,1
34,46,17,34,1
34,47,85,34,1
34,48,34,34,1
34,49,34,34,1
34,50,34,34,1
34,51,51,34,1
34,52,102,34,1
34,53,170,34,1
34,54,34,34,1
34,55,34,34,1
34,56,34,34,1
34,57,34,34,1
34,58,34,34,1
34,59,34,34,1
34,60,187,34,1
34,61,204,34,1
34,62,17,34,1
34,63,85,34,1
35,0,50,35,1
35,1,82,35,1
35,2,146,35,1
35,3,19,35,1
35,4,22,35,1
35,5,26,35,1
35,6,18,35,1
35,7,18,35,1
35,8,18,35,1
35,9,18,35,1
35,10,18,35,1
35,11,18,35,1
35,12,171,35,1
35,13,252,35,1
35,14,97,35,1
35,15,213,35,1
35,16,35,35,1
35,17,37,35,1
35,18,41,35,1
35,19,49,35,1
35,20,97,35,1
35,21,161,35,1
35,22,33,35,1
35,23,33,35,1
35,24,33,35,1
35,25,33,35,1
35,26,33,35,1
35,27,33,35,1
35,28,186,35,1
35,29,207,35,1
35,30,22,35,1
35,31,93,35,1
35,32,18,35,1
35,33,114,35,1
35,34,178,35,1
35,35,35,35,1
35,36,118,35,1
35,37,186,35,1
35,38,50,35,1
35,39,50,35,1
35,40,50,35,1
35,41,50,35,1
35,42,50,35,1
35,43,50,35,1
35,44,27,35,1
35,45,60,35,1
35,46,113,35,1
35,47,133,35,1
35,48,33,35,1
35,49,39,35,1
35,50,43,35,1
35,51,50,35,1
35,52,103,35,1
35,53,171,35,1
35,54,35,35,1
35,55,35,35,1
35,56,35,35,1
35,57,35,35,1
35,58,35,35,1
35,59,35,35,1
35,60,177,35,1
35,61,195,35,1
35,62,23,35,1
35,63,88,35,1
36,0,98,36,1
36,1,98,36,1
36,2,98,36,1
36,3,115,36,1
36,4,38,36,1
36,5,234,36,1
36,6,114,36,1
36,7,66,36,1
36,8,226,36,1
36,9,98,36,1
36,10,98,36,1
36,11,98,36,1
36,12,59,36,1
36,13,156,36,1
36,14,145,36,1
36,15,197,36,1
36,16,38,36,1
36,17,38,36,1
36,18,38,36,1
36,19,55,36,1
36,20,98,36,1
36,21,174,36,1
36,22,39,36,1
36,23,36,36,1
36,24,46,36,1
36,25,38,36,1
36,26,38,36,1
36,27,38,36,1
36,28,179,36,1
36,29,201,36,1
36,30,25,36,1
36,31,92,36,1
36,32,66,36,1
36,33,66,36,1
36,34,66,36,1
36,35,67,36,1
36,36,70,36,1
36,37,74,36,1
36,38,82,36,1
36,39,98,36,1
36,40,194,36,1
36,41,66,36,1
36,42,66,36,1
36,43,66,36,1
36,44,139,36,1
36,45,92,36,1
36,46,129,36,1
36,47,149,36,1
36,48,36,36,1
36,49,36,36,1
36,50,36,36,1
36,51,52,36,1
36,52,100,36,1
36,53,164,36,1
36,54,37,36,1
36,55,38,36,1
36,56,44,36,1
36,57,36,36,1
36,58,36,36,1
36,59,36,36,1
36,60,184,36,1
36,61,197,36,1
36,62,24,36,1
36,63,89,36,1
37,0,82,37,1
37,1,50,37,1
37,2,242,37,1
37,3,99,37,1
37,4,54,37,1
37,5,250,37,1
37,6,98,37,1
37,7,82,37,1
37,8,242,37,1
37,9,114,37,1
37,10,114,37,1
37,11,114,37,1
37,12,155,37,1
37,13,108,37,1
37,14,241,37,1
37,15,21,37,1
37,16,37,37,1
37,17,35,37,1
37,18,47,37,1
37,19,54,37,1
37,20,99,37,1
37,21,175,37,1
37,22,38,37,1
37,23,37,37,1
37,24,47,37,1
37,25,39,37,1
37,26,39,37,1
37,27,39,37,1
37,28,185,37,1
37,29,198,37,1
37,30,31,37,1
37,31,81,37,1
37,32,114,37,1
37,33,18,37,1
37,34,210,37,1
37,35,83,37,1
37,36,86,37,1
37,37,90,37,1
37,38,66,37,1
37,39,114,37,1
37,40,210,37,1
37,41,82,37,1
37,42,82,37,1
37,43,82,37,1
37,44,43,37,1
37,45,172,37,1
37,46,225,37,1
37,47,69,37,1
37,48,39,37,1
37,49,33,37,1
37,50,45,37,1
37,51,53,37,1
37,52,101,37,1
37,53,165,37,1
37,54,36,37,1
37,55,39,37,1
37,56,45,37,1
37,57,37,37,1
37,58,37,37,1
37,59,37,37,1
37,60,178,37,1
37,61,202,37,1
37,62,30,37,1
37,63,84,37,1
38,0,66,38,1
38,1,66,38,1
38,2,66,38,1
38,3,67,38,1
38,4,70,38,1
38,5,74,38,1
38,6,82,38,1
38,7,98,38,1
38,8,194,38,1
38,9,66,38,1
38,10,66,38,1
38,11,66,38,1
38,12,139,38,1
38,13,92,38,1
38,14,129,38,1
38,15,149,38,1
38,16,36,38,1
38,17,36,38,1
38,18,36,38,1
38,19,52,38,1
38,20,100,38,1
38,21,164,38,1
38,22,37,38,1
38,23,38,38,1
38,24,44,38,1
38,25,36,38,1
38,26,36,38,1
38,27,36,38,1
38,28,184,38,1
38,29,197,38,1
38,30,24,38,1
38,31,89,38,1
38,32,98,38,1
38,33,98,38,1
38,34,98,38,1
38,35,115,38,1
38,36,38,38,1
38,37,234,38,1
38,38,114,38,1
38,39,66,38,1
38,40,226,38,1
38,41,98,38,1
38,42,98,38,1
38,43,98,38,1
38,44,59,38,1
38,45,156,38,1
38,46,145,38,1
38,47,197,38,1
38,48,38,38,1
38,49,38,38,1
38,50,38,38,1
38,51,55,38,1
38,52,98,38,1
38,53,174,38,1
38,54,39,38,1
38,55,36,38,1
38,56,46,38,1
38,57,38,38,1
38,58,38,38,1
38,59,38,38,1
38,60,179,38,1
38,61,201,38,1
38,62,25,38,1
38,63,92,38,1
39,0,114,39,1
39,1,18,39,1
39,2,210,39,1
39,3,83,39,1
39,4,86,39,1
39,5,90,39,1
39,6,66,39,1
39,7,114,39,1
39,8,210,39,1
39,9,82,39,1
39,10,82,39,1
39,11,82,39,1
39,12,43,39,1
39,13,172,39,1
39,14,225,39,1
39,15,69,39,1
39,16,39,39,1
39,17,33,39,1
39,18,45,39,1
39,19,53,39,1
39,20,101,39,1
39,21,165,39,1
39,22,36,39,1
39,23,39,39,1
39,24,45,39,1
39,25,37,39,1
39,26,37,39,1
39,27,37,39,1
39,28,178,39,1
39,29,202,39,1
39,30,30,39,1
39,31,84,39,1
39,32,82,39,1
39,33,50,39,1
39,34,242,39,1
39,35,99,39,1
39,36,54,39,1
39,37,250,39,1
39,38,98,39,1
39,39,82,39,1
39,40,242,39,1
39,41,114,39,1
39,42,114,39,1
39,43,114,39,1
39,44,155,39,1
39,45,108,39,1
39,46,241,39,1
39,47,21,39,1
39,48,37,39,1
39,49,35,39,1
39,50,47,39,1
39,51,54,39,1
39,52,99,39,1
39,53,175,39,1
39,54,38,39,1
39,55,37,39,1
39,56,47,39,1
39,57,39,39,1
39,58,39,39,1
39,59,39,39,1
39,60,185,39,1
39,61,198,39,1
39,62,31,39,1
39,63,81,39,1
40,0,162,40,1
40,1,162,40,1
40,2,162,40,1
40,3,179,40,1
40,4,230,40,1
40,5,42,40,1
40,6,162,40,1
40,7,162,40,1
40,8,162,40,1
40,9,178,40,1
40,10,130,40,1
40,11,226,40,1
40,12,219,40,1
40,13,220,40,1
40,14,81,40,1
40,15,101,40,1
40,16,42,40,1
40,17,42,40,1
40,18,42,40,1
40,19,59,40,1
40,20,110,40,1
40,21,162,40,1
40,22,42,40,1
40,23,42,40,1
40,24,42,40,1
40,25,43,40,1
40,26,40,40,1
40,27,46,40,1
40,28,189,40,1
40,29,205,40,1
40,30,21,40,1
40,31,86,40,1
40,32,130,40,1
40,33,130,40,1
40,34,130,40,1
40,35,131,40,1
40,36,134,40,1
40,37,138,40,1
40,38,130,40,1
40,39,130,40,1
40,40,130,40,1
40,41,146,40,1
40,42,162,40,1
40,43,194,40,1
40,44,107,40,1
40,45,28,40,1
40,46,65,40,1
40,47,53,40,1
40,48,40,40,1
40,49,40,40,1
40,50,40,40,1
40,51,56,40,1
40,52,104,40,1
40,53,168,40,1
40,54,40,40,1
40,55,40,40,1
40,56,40,40,1
40,57,41,40,1
40,58,42,40,1
40,59,44,40,1
40,60,182,40,1
40,61,193,40,1
40,62,20,40,1
40,63,83,40,1
41,0,146,41,1
41,1,242,41,1
41,2,50,41,1
41,3,163,41,1
41,4,246,41,1
41,5,58,41,1
41,6,178,41,1
41,7,178,41,1
41,8,178,41,1
41,9,162,41,1
41,10,146,41,1
41,11,242,41,1
41,12,123,41,1
41,13,44,41,1
41,14,49,41,1
41,15,181,41,1
41,16,41,41,1
41,17,47,41,1
41,18,35,41,1
41,19,58,41,1
41,20,111,41,1
41,21,163,41,1
41,22,43,41,1
41,23,43,41,1
41,24,43,41,1
41,25,42,41,1
41,26,41,41,1
41,27,47,41,1
41,28,183,41,1
41,29,194,41,1
41,30,19,41,1
41,31,91,41,1
41,32,178,41,1
41,33,210,41,1
41,34,18,41,1
41,35,147,41,1
41,36,150,41,1
41,37,154,41,1
41,38,146,41,1
41,39,146,41,1
41,40,146,41,1
41,41,130,41,1
41,42,178,41,1
41,43,210,41,1
41,44,203,41,1
41,45,236,41,1
41,46,33,41,1
41,47,229,41,1
41,48,43,41,1
41,49,45,41,1
41,50,33,41,1
41,51,57,41,1
41,52,105,41,1
41,53,169,41,1
41,54,41,41,1
41,55,41,41,1
41,56,41,41,1
41,57,40,41,1
41,58,43,41,1
41,59,45,41,1
41,60,188,41,1
41,61,206,41,1
41,62,18,41,1
41,63,94,41,1
42,0,130,42,1
42,1,130,42,1
42,2,130,42,1
42,3,131,42,1
42,4,134,42,1
42,5,138,42,1
42,6,130,42,1
42,7,130,42,1
42,8,130,42,1
42,9,146,42,1
42,10,162,42,1
42,11,194,42,1
42,12,107,42,1
42,13,28,42,1
42,14,65,42,1
42,15,53,42,1
42,16,40,42,1
42,17,40,42,1
42,18,40,42,1
42,19,56,42,1
42,20,104,42,1
42,21,168,42,1
42,22,40,42,1
42,23,40,42,1
42,24,40,42,1
42,25,41,42,1
42,26,42,42,1
42,27,44,42,1
42,28,182,42,1
42,29,193,42,1
42,30,20,42,1
42,31,83,42,1
42,32,162,42,1
42,33,162,42,1
42,34,162,42,1
42,35,179,42,1
42,36,230,42,1
42,37,42,42,1
42,38,162,42,1
42,39,162,42,1
42,40,162,42,1
42,41,178,42,1
42,42,130,42,1
42,43,226,42,1
42,44,219,42,1
42,45,220,42,1
42,46,81,42,1
42,47,101,42,1
42,48,42,42,1
42,49,42,42,1
42,50,42,42,1
42,51,59,42,1
42,52,110,42,1
42,53,162,42,1
42,54,42,42,1
42,55,42,42,1
42,56,42,42,1
42,57,43,42,1
42,58,40,42,1
42,59,46,42,1
42,60,189,42,1
42,61,205,42,1
42,62,21,42,1
42,63,86,42,1
43,0,178,43,1
43,1,210,43,1
43,2,18,43,1
43,3,147,43,1
43,4,150,43,1
43,5,154,43,1
43,6,146,43,1
43,7,146,43,1
43,8,146,43,1
43,9,130,43,1
43,10,178,43,1
43,11,210,43,1
43,12,203,43,1
43,13,236,43,1
43,14,33,43,1
43,15,229,43,1
43,16,43,43,1
43,17,45,43,1
43,18,33,43,1
43,19,57,43,1
43,20,105,43,1
43,21,169,43,1
43,22,41,43,1
43,23,41,43,1
43,24,41,43,1
43,25,40,43,1
43,26,43,43,1
43,27,45,43,1
43,28,188,43,1
43,29,206,43,1
43,30,18,43,1
43,31,94,43,1
43,32,146,43,1
43,33,242,43,1
43,34,50,43,1
43,35,163,43,1
43,36,246,43,1
43,37,58,43,1
43,38,178,43,1
43,39,178,43,1
43,40,178,43,1
43,41,162,43,1
43,42,146,43,1
43,43,242,43,1
43,44,123,43,1
43,45,44,43,1
43,46,49,43,1
43,47,181,43,1
43,48,41,43,1
43,49,47,43,1
43,50,35,43,1
43,51,58,43,1
43,52,111,43,1
43,53,163,43,1
43,54,43,43,1
43,55,43,43,1
43,56,43,43,1
43,57,42,43,1
43,58,41,43,1
43,59,47,43,1
43,60,183,43,1
43,61,194,43,1
43,62,19,43,1
43,63,91,43,1
44,0,226,44,1
44,1,226,44,1
44,2,226,44,1
44,3,243,44,1
44,4,166,44,1
44,5,106,44,1
44,6,242,44,1
44,7,194,44,1
44,8,98,44,1
44,9,242,44,1
44,10,194,44,1
44,11,162,44,1
44,12,91,44,1
44,13,140,44,1
44,14,209,44,1
44,15,245,44,1
44,16,46,44,1
44,17,46,44,1
44,18,46,44,1
44,19,63,44,1
44,20,106,44,1
44,21,166,44,1
44,22,47,44,1
44,23,44,44,1
44,24,38,44,1
44,25,47,44,1
44,26,44,44,1
44,27,42,44,1
44,28,181,44,1
44,29,200,44,1
44,30,29,44,1
44,31,95,44,1
44,32,194,44,1
44,33,194,44,1
44,34,194,44,1
44,35,195,44,1
44,36,198,44,1
44,37,202,44,1
44,38,210,44,1
44,39,226,44,1
44,40,66,44,1
44,41,210,44,1
44,42,226,44,1
44,43,130,44,1
44,44,235,44,1
44,45,76,44,1
44,46,193,44,1
44,47,165,44,1
44,48,44,44,1
44,49,44,44,1
44,50,44,44,1
44,51,60,44,1
44,52,108,44,1
44,53,172,44,1
44,54,45,44,1
44,55,46,44,1
44,56,36,44,1
44,57,45,44,1
44,58,46,44,1
44,59,40,44,1
44,60,190,44,1
44,61,196,44,1
44,62,28,44,1
44,63,90,44,1
45,0,210,45,1
45,1,178,45,1
45,2,114,45,1
45,3,227,45,1
45,4,182,45,1
45,5,122,45,1
45,6,226,45,1
45,7,210,45,1
45,8,114,45,1
45,9,226,45,1
45,10,210,45,1
45,11,178,45,1
45,12,251,45,1
45,13,124,45,1
45,14,177,45,1
45,15,37,45,1
45,16,45,45,1
45,17,43,45,1
45,18,39,45,1
45,19,62,45,1
45,20,107,45,1
45,21,167,45,1
45,22,46,45,1
45,23,45,45,1
45,24,39,45,1
45,25,46,45,1
45,26,45,45,1
45,27,43,45,1
45,28,191,45,1
45,29,199,45,1
45,30,27,45,1
45,31,82,45,1
45,32,242,45,1
45,33,146,45,1
45,34,82,45,1
45,35,211,45,1
45,36,214,45,1
45,37,218,45,1
45,38,194,45,1
45,39,242,45,1
45,40,82,45,1
45,41,194,45,1
45,42,242,45,1
45,43,146,45,1
45,44,75,45,1
45,45,188,45,1
45,46,161,45,1
45,47,117,45,1
45,48,47,45,1
45,49,41,45,1
45,50,37,45,1
45,51,61,45,1
45,52,109,45,1
45,53,173,45,1
45,54,44,45,1
45,55,47,45,1
45,56,37,45,1
45,57,44,45,1
45,58,47,45,1
45,59,41,45,1
45,60,180,45,1
45,61,203,45,1
45,62,26,45,1
45,63,87,45,1
46,0,194,46,1
46,1,194,46,1
46,2,194,46,1
46,3,195,46,1
46,4,198,46,1
46,5,202,46,1
46,6,210,46,1
46,7,226,46,1
46,8,66,46,1
46,9,210,46,1
46,10,226,46,1
46,11,130,46,1
46,12,235,46,1
46,13,76,46,1
46,14,193,46,1
46,15,165,46,1
46,16,44,46,1
46,17,44,46,1
46,18,44,46,1
46,19,60,46,1
46,20,108,46,1
46,21,172,46,1
46,22,45,46,1
46,23,46,46,1
46,24,36,46,1
46,25,45,46,1
46,26,46,46,1
46,27,40,46,1
46,28,190,46,1
46,29,196,46,1
46,30,28,46,1
46,31,90,46,1
46,32,226,46,1
46,33,226,46,1
46,34,226,46,1
46,35,243,46,1
46,36,166,46,1
46,37,106,46,1
46,38,242,46,1
46,39,194,46,1
46,40,98,46,1
46,41,242,46,1
46,42,194,46,1
46,43,162,46,1
46,44,91,46,1
46,45,140,46,1
46,46,209,46,1
46,47,245,46,1
46,48,46,46,1
46,49,46,46,1
46,50,46,46,1
46,51,63,46,1
46,52,106,46,1
46,53,166,46,1
46,54,47,46,1
46,55,44,46,1
46,56,38,46,1
46,57,47,46,1
46,58,44,46,1
46,59,42,46,1
46,60,181,46,1
46,61,200,46,1
46,62,29,46,1
46,63,95,46,1
47,0,242,47,1
47,1,146,47,1
47,2,82,47,1
47,3,211,47,1
47,4,214,47,1
47,5,218,47,1
47,6,194,47,1
47,7,242,47,1
47,8,82,47,1
47,9,194,47,1
47,10,242,47,1
47,11,146,47,1
47,12,75,47,1
47,13,188,47,1
47,14,161,47,1
47,15,117,47,1
47,16,47,47,1
47,17,41,47,1
47,18,37,47,1
47,19,61,47,1
47,20,109,47,1
47,21,173,47,1
47,22,44,47,1
47,23,47,47,1
47,24,37,47,1
47,25,44,47,1
47,26,47,47,1
47,27,41,47,1
47,28,180,47,1
47,29,203,47,1
47,30,26,47,1
47,31,87,47,1
47,32,210,47,1
47,33,178,47,1
47,34,114,47,1
47,35,227,47,1
47,36,182,47,1
47,37,122,47,1
47,38,226,47,1
47,39,210,47,1
47,40,114,47,1
47,41,226,47,1
47,42,210,47,1
47,43,178,47,1
47,44,251,47,1
47,45,124,47,1
47,46,177,47,1
47,47,37,47,1
47,48,45,47,1
47,49,43,47,1
47,50,39,47,1
47,51,62,47,1
47,52,107,47,1
47,53,167,47,1
47,54,46,47,1
47,55,45,47,1
47,56,39,47,1
47,57,46,47,1
47,58,45,47,1
47,59,43,47,1
47,60,191,47,1
47,61,199,47,1
47,62,27,47,1
47,63,82,47,1
48,0,17,48,1
48,1,119,48,1
48,2,187,48,1
48,3,34,48,1
48,4,119,48,1
48,5,187,48,1
48,6,51,48,1
48,7,51,48,1
48,8,51,48,1
48,9,51,48,1
48,10,51,48,1
48,11,51,48,1
48,12,17,48,1
48,13,51,48,1
48,14,119,48,1
48,15,136,48,1
48,16,17,48,1
48,17,119,48,1
48,18,187,48,1
48,19,34,48,1
48,20,119,48,1
48,21,187,48,1
48,22,51,48,1
48,23,51,48,1
48,24,51,48,1
48,25,51,48,1
48,26,51,48,1
48,27,51,48,1
48,28,17,48,1
48,29,51,48,1
48,30,119,48,1
48,31,136,48,1
48,32,1,48,1
48,33,7,48,1
48,34,11,48,1
48,35,2,48,1
48,36,7,48,1
48,37,11,48,1
48,38,3,48,1
48,39,3,48,1
48,40,3,48,1
48,41,3,48,1
48,42,3,48,1
48,43,3,48,1
48,44,1,48,1
48,45,3,48,1
48,46,7,48,1
48,47,8,48,1
48,48,16,48,1
48,49,112,48,1
48,50,176,48,1
48,51,32,48,1
48,52,112,48,1
48,53,176,48,1
48,54,48,48,1
48,55,48,48,1
48,56,48,48,1
48,57,48,48,1
48,58,48,48,1
48,59,48,48,1
48,60,16,48,1
48,61,48,48,1
48,62,112,48,1
48,63,128,48,1
49,0,33,49,1
49,1,39,49,1
49,2,43,49,1
49,3,50,49,1
49,4,103,49,1
49,5,171,49,1
49,6,35,49,1
49,7,35,49,1
49,8,35,49,1
49,9,35,49,1
49,10,35,49,1
49,11,35,49,1
49,12,177,49,1
49,13,195,49,1
49,14,23,49,1
49,15,88,49,1
49,16,18,49,1
49,17,114,49,1
49,18,178,49,1
49,19,35,49,1
49,20,118,49,1
49,21,186,49,1
49,22,50,49,1
49,23,50,49,1
49,24,50,49,1
49,25,50,49,1
49,26,50,49,1
49,27,50,49,1
49,28,27,49,1
49,29,60,49,1
49,30,113,49,1
49,31,133,49,1
49,32,49,49,1
49,33,87,49,1
49,34,155,49,1
49,35,18,49,1
49,36,23,49,1
49,37,27,49,1
49,38,19,49,1
49,39,19,49,1
49,40,19,49,1
49,41,19,49,1
49,42,19,49,1
49,43,19,49,1
49,44,161,49,1
49,45,243,49,1
49,46,103,49,1
49,47,216,49,1
49,48,19,49,1
49,49,117,49,1
49,50,185,49,1
49,51,33,49,1
49,52,113,49,1
49,53,177,49,1
49,54,49,49,1
49,55,49,49,1
49,56,49,49,1
49,57,49,49,1
49,58,49,49,1
49,59,49,49,1
49,60,26,49,1
49,61,63,49,1
49,62,118,49,1
49,63,141,49,1
50,0,49,50,1
50,1,87,50,1
50,2,155,50,1
50,3,18,50,1
50,4,23,50,1
50,5,27,50,1
50,6,19,50,1
50,7,19,50,1
50,8,19,50,1
50,9,19,50,1
50,10,19,50,1
50,11,19,50,1
50,12,161,50,1
50,13,243,50,1
50,14,103,50,1
50,15,216,50,1
50,16,19,50,1
50,17,117,50,1
50,18,185,50,1
50,19,33,50,1
50,20,113,50,1
50,21,177,50,1
50,22,49,50,1
50,23,49,50,1
50,24,49,50,1
50,25,49,50,1
50,26,49,50,1
50,27,49,50,1
50,28,26,50,1
50,29,63,50,1
50,30,118,50,1
50,31,141,50,1
50,32,33,50,1
50,33,39,50,1
50,34,43,50,1
50,35,50,50,1
50,36,103,50,1
50,37,171,50,1
50,38,35,50,1
50,39,35,50,1
50,40,35,50,1
50,41,35,50,1
50,42,35,50,1
50,43,35,50,1
50,44,177,50,1
50,45,195,50,1
50,46,23,50,1
50,47,88,50,1
50,48,18,50,1
50,49,114,50,1
50,50,178,50,1
50,51,35,50,1
50,52,118,50,1
50,53,186,50,1
50,54,50,50,1
50,55,50,50,1
50,56,50,50,1
50,57,50,50,1
50,58,50,50,1
50,59,50,50,1
50,60,27,50,1
50,61,60,50,1
50,62,113,50,1
50,63,133,50,1
51,0,1,51,1
51,1,7,51,1
51,2,11,51,1
51,3,2,51,1
51,4,7,51,1
51,5,11,51,1
51,6,3,51,1
51,7,3,51,1
51,8,3,51,1
51,9,3,51,1
51,10,3,51,1
51,11,3,51,1
51,12,1,51,1
51,13,3,51,1
51,14,7,51,1
51,15,8,51,1
51,16,16,51,1
51,17,112,51,1
51,18,176,51,1
51,19,32,51,1
51,20,112,51,1
51,21,176,51,1
51,22,48,51,1
51,23,48,51,1
51,24,48,51,1
51,25,48,51,1
51,26,48,51,1
51,27,48,51,1
51,28,16,51,1
51,29,48,51,1
51,30,112,51,1
51,31,128,51,1
51,32,17,51,1
51,33,119,51,1
51,34,187,51,1
51,35,34,51,1
51,36,119,51,1
51,37,187,51,1
51,38,51,51,1
51,39,51,51,1
51,40,51,51,1
51,41,51,51,1
51,42,51,51,1
51,43,51,51,1
51,44,17,51,1
51,45,51,51,1
51,46,119,51,1
51,47,136,51,1
51,48,17,51,1
51,49,119,51,1
51,50,187,51,1
51,51,34,51,1
51,52,119,51,1
51,53,187,51,1
51,54,51,51,1
51,55,51,51,1
51,56,51,51,1
51,57,51,51,1
51,58,51,51,1
51,59,51,51,1
51,60,17,51,1
51,61,51,51,1
51,62,119,51,1
51,63,136,51,1
52,0,81,52,1
52,1,55,52,1
52,2,251,52,1
52,3,98,52,1
52,4,55,52,1
52,5,251,52,1
52,6,99,52,1
52,7,83,52,1
52,8,243,52,1
52,9,115,52,1
52,10,115,52,1
52,11,115,52,1
52,12,145,52,1
52,13,99,52,1
52,14,247,52,1
52,15,24,52,1
52,16,21,52,1
52,17,115,52,1
52,18,191,52,1
52,19,38,52,1
52,20,115,52,1
52,21,191,52,1
52,22,54,52,1
52,23,53,52,1
52,24,63,52,1
52,25,55,52,1
52,26,55,52,1
52,27,55,52,1
52,28,25,52,1
52,29,54,52,1
52,30,127,52,1
52,31,129,52,1
52,32,65,52,1
52,33,71,52,1
52,34,75,52,1
52,35,66,52,1
52,36,71,52,1
52,37,75,52,1
52,38,83,52,1
52,39,99,52,1
52,40,195,52,1
52,41,67,52,1
52,42,67,52,1
52,43,67,52,1
52,44,129,52,1
52,45,83,52,1
52,46,135,52,1
52,47,152,52,1
52,48,20,52,1
52,49,116,52,1
52,50,180,52,1
52,51,36,52,1
52,52,116,52,1
52,53,180,52,1
52,54,53,52,1
52,55,54,52,1
52,56,60,52,1
52,57,52,52,1
52,58,52,52,1
52,59,52,52,1
52,60,24,52,1
52,61,53,52,1
52,62,120,52,1
52,63,137,52,1
53,0,97,53,1
53,1,103,53,1
53,2,107,53,1
53,3,114,53,1
53,4,39,53,1
53,5,235,53,1
53,6,115,53,1
53,7,67,53,1
53,8,227,53,1
53,9,99,53,1
53,10,99,53,1
53,11,99,53,1
53,12,49,53,1
53,13,147,53,1
53,14,151,53,1
53,15,200,53,1
53,16,22,53,1
53,17,118,53,1
53,18,182,53,1
53,19,39,53,1
53,20,114,53,1
53,21,190,53,1
53,22,55,53,1
53,23,52,53,1
53,24,62,53,1
53,25,54,53,1
53,26,54,53,1
53,27,54,53,1
53,28,19,53,1
53,29,57,53,1
53,30,121,53,1
53,31,140,53,1
53,32,113,53,1
53,33,23,53,1
53,34,219,53,1
53,35,82,53,1
53,36,87,53,1
53,37,91,53,1
53,38,67,53,1
53,39,115,53,1
53,40,211,53,1
53,41,83,53,1
53,42,83,53,1
53,43,83,53,1
53,44,33,53,1
53,45,163,53,1
53,46,231,53,1
53,47,72,53,1
53,48,23,53,1
53,49,113,53,1
53,50,189,53,1
53,51,37,53,1
53,52,117,53,1
53,53,181,53,1
53,54,52,53,1
53,55,55,53,1
53,56,61,53,1
53,57,53,53,1
53,58,53,53,1
53,59,53,53,1
53,60,18,53,1
53,61,58,53,1
53,62,126,53,1
53,63,132,53,1
54,0,113,54,1
54,1,23,54,1
54,2,219,54,1
54,3,82,54,1
54,4,87,54,1
54,5,91,54,1
54,6,67,54,1
54,7,115,54,1
54,8,211,54,1
54,9,83,54,1
54,10,83,54,1
54,11,83,54,1
54,12,33,54,1
54,13,163,54,1
54,14,231,54,1
54,15,72,54,1
54,16,23,54,1
54,17,113,54,1
54,18,189,54,1
54,19,37,54,1
54,20,117,54,1
54,21,181,54,1
54,22,52,54,1
54,23,55,54,1
54,24,61,54,1
54,25,53,54,1
54,26,53,54,1
54,27,53,54,1
54,28,18,54,1
54,29,58,54,1
54,30,126,54,1
54,31,132,54,1
54,32,97,54,1
54,33,103,54,1
54,34,107,54,1
54,35,114,54,1
54,36,39,54,1
54,37,235,54,1
54,38,115,54,1
54,39,67,54,1
54,40,227,54,1
54,41,99,54,1
54,42,99,54,1
54,43,99,54,1
54,44,49,54,1
54,45,147,54,1
54,46,151,54,1
54,47,200,54,1
54,48,22,54,1
54,49,118,54,1
54,50,182,54,1
54,51,39,54,1
54,52,114,54,1
54,53,190,54,1
54,54,55,54,1
54,55,52,54,1
54,56,62,54,1
54,57,54,54,1
54,58,54,54,1
54,59,54,54,1
54,60,19,54,1
54,61,57,54,1
54,62,121,54,1
54,63,140,54,1
55,0,65,55,1
55,1,71,55,1
55,2,75,55,1
55,3,66,55,1
55,4,71,55,1
55,5,75,55,1
55,6,83,55,1
55,7,99,55,1
55,8,195,55,1
55,9,67,55,1
55,10,67,55,1
55,11,67,55,1
55,12,129,55,1
55,13,83,55,1
55,14,135,55,1
55,15,152,55,1
55,16,20,55,1
55,17,116,55,1
55,18,180,55,1
55,19,36,55,1
55,20,116,55,1
55,21,180,55,1
55,22,53,55,1
55,23,54,55,1
55,24,60,55,1
55,25,52,55,1
55,26,52,55,1
55,27,52,55,1
55,28,24,55,1
55,29,53,55,1
55,30,120,55,1
55,31,137,55,1
55,32,81,55,1
55,33,55,55,1
55,34,251,55,1
55,35,98,55,1
55,36,55,55,1
55,37,251,55,1
55,38,99,55,1
55,39,83,55,1
55,40,243,55,1
55,41,115,55,1
55,42,115,55,1
55,43,115,55,1
55,44,145,55,1
55,45,99,55,1
55,46,247,55,1
55,47,24,55,1
55,48,21,55,1
55,49,115,55,1
55,50,191,55,1
55,51,38,55,1
55,52,115,55,1
55,53,191,55,1
55,54,54,55,1
55,55,53,55,1
55,56,63,55,1
55,57,55,55,1
55,58,55,55,1
55,59,55,55,1
55,60,25,55,1
55,61,54,55,1
55,62,127,55,1
55,63,129,55,1
56,0,145,56,1
56,1,247,56,1
56,2,59,56,1
56,3,162,56,1
56,4,247,56,1
56,5,59,56,1
56,6,179,56,1
56,7,179,56,1
56,8,179,56,1
56,9,163,56,1
56,10,147,56,1
56,11,243,56,1
56,12,113,56,1
56,13,35,56,1
56,14,55,56,1
56,15,184,56,1
56,16,25,56,1
56,17,127,56,1
56,18,179,56,1
56,19,42,56,1
56,20,127,56,1
56,21,179,56,1
56,22,59,56,1
56,23,59,56,1
56,24,59,56,1
56,25,58,56,1
56,26,57,56,1
56,27,63,56,1
56,28,23,56,1
56,29,50,56,1
56,30,115,56,1
56,31,139,56,1
56,32,129,56,1
56,33,135,56,1
56,34,139,56,1
56,35,130,56,1
56,36,135,56,1
56,37,139,56,1
56,38,131,56,1
56,39,131,56,1
56,40,131,56,1
56,41,147,56,1
56,42,163,56,1
56,43,195,56,1
56,44,97,56,1
56,45,19,56,1
56,46,71,56,1
56,47,56,56,1
56,48,24,56,1
56,49,120,56,1
56,50,184,56,1
56,51,40,56,1
56,52,120,56,1
56,53,184,56,1
56,54,56,56,1
56,55,56,56,1
56,56,56,56,1
56,57,57,56,1
56,58,58,56,1
56,59,60,56,1
56,60,22,56,1
56,61,49,56,1
56,62,116,56,1
56,63,131,56,1
57,0,161,57,1
57,1,167,57,1
57,2,171,57,1
57,3,178,57,1
57,4,231,57,1
57,5,43,57,1
57,6,163,57,1
57,7,163,57,1
57,8,163,57,1
57,9,179,57,1
57,10,131,57,1
57,11,227,57,1
57,12,209,57,1
57,13,211,57,1
57,14,87,57,1
57,15,104,57,1
57,16,26,57,1
57,17,122,57,1
57,18,186,57,1
57,19,43,57,1
57,20,126,57,1
57,21,178,57,1
57,22,58,57,1
57,23,58,57,1
57,24,58,57,1
57,25,59,57,1
57,26,56,57,1
57,27,62,57,1
57,28,29,57,1
57,29,61,57,1
57,30,117,57,1
57,31,134,57,1
57,32,177,57,1
57,33,215,57,1
57,34,27,57,1
57,35,146,57,1
57,36,151,57,1
57,37,155,57,1
57,38,147,57,1
57,39,147,57,1
57,40,147,57,1
57,41,131,57,1
57,42,179,57,1
57,43,211,57,1
57,44,193,57,1
57,45,227,57,1
57,46,39,57,1
57,47,232,57,1
57,48,27,57,1
57,49,125,57,1
57,50,177,57,1
57,51,41,57,1
57,52,121,57,1
57,53,185,57,1
57,54,57,57,1
57,55,57,57,1
57,56,57,57,1
57,57,56,57,1
57,58,59,57,1
57,59,61,57,1
57,60,28,57,1
57,61,62,57,1
57,62,114,57,1
57,63,142,57,1
58,0,177,58,1
58,1,215,58,1
58,2,27,58,1
58,3,146,58,1
58,4,151,58,1
58,5,155,58,1
58,6,147,58,1
58,7,147,58,1
58,8,147,58,1
58,9,131,58,1
58,10,179,58,1
58,11,211,58,1
58,12,193,58,1
58,13,227,58,1
58,14,39,58,1
58,15,232,58,1
58,16,27,58,1
58,17,125,58,1
58,18,177,58,1
58,19,41,58,1
58,20,121,58,1
58,21,185,58,1
58,22,57,58,1
58,23,57,58,1
58,24,57,58,1
58,25,56,58,1
58,26,59,58,1
58,27,61,58,1
58,28,28,58,1
58,29,62,58,1
58,30,114,58,1
58,31,142,58,1
58,32,161,58,1
58,33,167,58,1
58,34,171,58,1
58,35,178,58,1
58,36,231,58,1
58,37,43,58,1
58,38,163,58,1
58,39,163,58,1
58,40,163,58,1
58,41,179,58,1
58,42,131,58,1
58,43,227,58,1
58,44,209,58,1
58,45,211,58,1
58,46,87,58,1
58,47,104,58,1
58,48,26,58,1
58,49,122,58,1
58,50,186,58,1
58,51,43,58,1
58,52,126,58,1
58,53,178,58,1
58,54,58,58,1
58,55,58,58,1
58,56,58,58,1
58,57,59,58,1
58,58,56,58,1
58,59,62,58,1
58,60,29,58,1
58,61,61,58,1
58,62,117,58,1
58,63,134,58,1
59,0,129,59,1
59,1,135,59,1
59,2,139,59,1
59,3,130,59,1
59,4,135,59,1
59,5,139,59,1
59,6,131,59,1
59,7,131,59,1
59,8,131,59,1
59,9,147,59,1
59,10,163,59,1
59,11,195,59,1
59,12,97,59,1
59,13,19,59,1
59,14,71,59,1
59,15,56,59,1
59,16,24,59,1
59,17,120,59,1
59,18,184,59,1
59,19,40,59,1
59,20,120,59,1
59,21,184,59,1
59,22,56,59,1
59,23,56,59,1
59,24,56,59,1
59,25,57,59,1
59,26,58,59,1
59,27,60,59,1
59,28,22,59,1
59,29,49,59,1
59,30,116,59,1
59,31,131,59,1
59,32,145,59,1
59,33,247,59,1
59,34,59,59,1
59,35,162,59,1
59,36,247,59,1
59,37,59,59,1
59,38,179,59,1
59,39,179,59,1
59,40,179,59,1
59,41,163,59,1
59,42,147,59,1
59,43,243,59,1
59,44,113,59,1
59,45,35,59,1
59,46,55,59,1
59,47,184,59,1
59,48,25,59,1
59,49,127,59,1
59,50,179,59,1
59,51,42,59,1
59,52,127,59,1
59,53,179,59,1
59,54,59,59,1
59,55,59,59,1
59,56,59,59,1
59,57,58,59,1
59,58,57,59,1
59,59,63,59,1
59,60,23,59,1
59,61,50,59,1
59,62,115,59,1
59,63,139,59,1
60,0,209,60,1
60,1,183,60,1
60,2,123,60,1
60,3,226,60,1
60,4,183,60,1
60,5,123,60,1
60,6,227,60,1
60,7,211,60,1
60,8,115,60,1
60,9,227,60,1
60,10,211,60,1
60,11,179,60,1
60,12,241,60,1
60,13,115,60,1
60,14,183,60,1
60,15,40,60,1
60,16,29,60,1
60,17,123,60,1
60,18,183,60,1
60,19,46,60,1
60,20,123,60,1
60,21,183,60,1
60,22,62,60,1
60,23,61,60,1
60,24,55,60,1
60,25,62,60,1
60,26,61,60,1
60,27,59,60,1
60,28,31,60,1
60,29,55,60,1
60,30,123,60,1
60,31,130,60,1
60,32,193,60,1
60,33,199,60,1
60,34,203,60,1
60,35,194,60,1
60,36,199,60,1
60,37,203,60,1
60,38,211,60,1
60,39,227,60,1
60,40,67,60,1
60,41,211,60,1
60,42,227,60,1
60,43,131,60,1
60,44,225,60,1
60,45,67,60,1
60,46,199,60,1
60,47,168,60,1
60,48,28,60,1
60,49,124,60,1
60,50,188,60,1
60,51,44,60,1
60,52,124,60,1
60,53,188,60,1
60,54,61,60,1
60,55,62,60,1
60,56,52,60,1
60,57,61,60,1
60,58,62,60,1
60,59,56,60,1
60,60,30,60,1
60,61,52,60,1
60,62,124,60,1
60,63,138,60,1
61,0,225,61,1
61,1,231,61,1
61,2,235,61,1
61,3,242,61,1
61,4,167,61,1
61,5,107,61,1
61,6,243,61,1
61,7,195,61,1
61,8,99,61,1
61,9,243,61,1
61,10,195,61,1
61,11,163,61,1
61,12,81,61,1
61,13,131,61,1
61,14,215,61,1
61,15,248,61,1
61,16,30,61,1
61,17,126,61,1
61,18,190,61,1
61,19,47,61,1
61,20,122,61,1
61,21,182,61,1
61,22,63,61,1
61,23,60,61,1
61,24,54,61,1
61,25,63,61,1
61,26,60,61,1
61,27,58,61,1
61,28,21,61,1
61,29,56,61,1
61,30,125,61,1
61,31,143,61,1
61,32,241,61,1
61,33,151,61,1
61,34,91,61,1
61,35,210,61,1
61,36,215,61,1
61,37,219,61,1
61,38,195,61,1
61,39,243,61,1
61,40,83,61,1
61,41,195,61,1
61,42,243,61,1
61,43,147,61,1
61,44,65,61,1
61,45,179,61,1
61,46,167,61,1
61,47,120,61,1
61,48,31,61,1
61,49,121,61,1
61,50,181,61,1
61,51,45,61,1
61,52,125,61,1
61,53,189,61,1
61,54,60,61,1
61,55,63,61,1
61,56,53,61,1
61,57,60,61,1
61,58,63,61,1
61,59,57,61,1
61,60,20,61,1
61,61,59,61,1
61,62,122,61,1
61,63,135,61,1
62,0,241,62,1
62,1,151,62,1
62,2,91,62,1
62,3,210,62,1
62,4,215,62,1
62,5,219,62,1
62,6,195,62,1
62,7,243,62,1
62,8,83,62,1
62,9,195,62,1
62,10,243,62,1
62,11,147,62,1
62,12,65,62,1
62,13,179,62,1
62,14,167,62,1
62,15,120,62,1
62,16,31,62,1
62,17,121,62,1
62,18,181,62,1
62,19,45,62,1
62,20,125,62,1
62,21,189,62,1
62,22,60,62,1
62,23,63,62,1
62,24,53,62,1
62,25,60,62,1
62,26,63,62,1
62,27,57,62,1
62,28,20,62,1
62,29,59,62,1
62,30,122,62,1
62,31,135,62,1
62,32,225,62,1
62,33,231,62,1
62,34,235,62,1
62,35,242,62,1
62,36,167,62,1
62,37,107,62,1
62,38,243,62,1
62,39,195,62,1
62,40,99,62,1
62,41,243,62,1
62,42,195,62,1
62,43,163,62,1
62,44,81,62,1
62,45,131,62,1
62,46,215,62,1
62,47,248,62,1
62,48,30,62,1
62,49,126,62,1
62,50,190,62,1
62,51,47,62,1
62,52,122,62,1
62,53,182,62,1
62,54,63,62,1
62,55,60,62,1
62,56,54,62,1
62,57,63,62,1
62,58,60,62,1
62,59,58,62,1
62,60,21,62,1
62,61,56,62,1
62,62,125,62,1
62,63,143,62,1
63,0,193,63,1
63,1,199,63,1
63,2,203,63,1
63,3,194,63,1
63,4,199,63,1
63,5,203,63,1
63,6,211,63,1
63,7,227,63,1
63,8,67,63,1
63,9,211,63,1
63,10,227,63,1
63,11,131,63,1
63,12,225,63,1
63,13,67,63,1
63,14,199,63,1
63,15,168,63,1
63,16,28,63,1
63,17,124,63,1
63,18,188,63,1
63,19,44,63,1
63,20,124,63,1
63,21,188,63,1
63,22,61,63,1
63,23,62,63,1
63,24,52,63,1
63,25,61,63,1
63,26,62,63,1
63,27,56,63,1
63,28,30,63,1
63,29,52,63,1
63,30,124,63,1
63,31,138,63,1
63,32,209,63,1
63,33,183,63,1
63,34,123,63,1
63,35,226,63,1
63,36,183,63,1
63,37,123,63,1
63,38,227,63,1
63,39,211,63,1
63,40,115,63,1
63,41,227,63,1
63,42,211,63,1
63,43,179,63,1
63,44,241,63,1
63,45,115,63,1
63,46,183,63,1
63,47,40,63,1
63,48,29,63,1
63,49,123,63,1
63,50,183,63,1
63,51,46,63,1
63,52,123,63,1
63,53,183,63,1
63,54,62,63,1
63,55,61,63,1
63,56,55,63,1
63,57,62,63,1
63,58,61,63,1
63,59,59,63,1
63,60,31,63,1
63,61,55,63,1
63,62,123,63,1
63,63,130,63,1
64,0,68,64,1
64,1,68,64,1
64,2,68,64,1
64,3,68,64,1
64,4,68,64,1
64,5,68,64,1
64,6,85,64,1
64,7,102,64,1
64,8,204,64,1
64,9,68,64,1
64,10,68,64,1
64,11,68,64,1
64,12,136,64,1
64,13,85,64,1
64,14,136,64,1
64,15,153,64,1
64,16,68,64,1
64,17,68,64,1
64,18,68,64,1
64,19,68,64,1
64,20,68,64,1
64,21,68,64,1
64,22,85,64,1
64,23,102,64,1
64,24,204,64,1
64,25,68,64,1
64,26,68,64,1
64,27,68,64,1
64,28,136,64,1
64,29,85,64,1
64,30,136,64,1
64,31,153,64,1
64,32,4,64,1
64,33,4,64,1
64,34,4,64,1
64,35,4,64,1
64,36,4,64,1
64,37,4,64,1
64,38,5,64,1
64,39,6,64,1
64,40,12,64,1
64,41,4,64,1
64,42,4,64,1
64,43,4,64,1
64,44,8,64,1
64,45,5,64,1
64,46,8,64,1
64,47,9,64,1
64,48,64,64,1
64,49,64,64,1
64,50,64,64,1
64,51,64,64,1
64,52,64,64,1
64,53,64,64,1
64,54,80,64,1
64,55,96,64,1
64,56,192,64,1
64,57,64,64,1
64,58,64,64,1
64,59,64,64,1
64,60,128,64,1
64,61,80,64,1
64,62,128,64,1
64,63,144,64,1
65,0,116,65,1
65,1,20,65,1
65,2,212,65,1
65,3,84,65,1
65,4,84,65,1
65,5,84,65,1
65,6,69,65,1
65,7,118,65,1
65,8,220,65,1
65,9,84,65,1
65,10,84,65,1
65,11,84,65,1
65,12,40,65,1
65,13,165,65,1
65,14,232,65,1
65,15,73,65,1
65,16,71,65,1
65,17,65,65,1
65,18,77,65,1
65,19,69,65,1
65,20,69,65,1
65,21,69,65,1
65,22,84,65,1
65,23,103,65,1
65,24,205,65,1
65,25,69,65,1
65,26,69,65,1
65,27,69,65,1
65,28,130,65,1
65,29,90,65,1
65,30,142,65,1
65,31,148,65,1
65,32,52,65,1
65,33,84,65,1
65,34,148,65,1
65,35,20,65,1
65,36,20,65,1
65,37,20,65,1
65,38,21,65,1
65,39,22,65,1
65,40,28,65,1
65,41,20,65,1
65,42,20,65,1
65,43,20,65,1
65,44,168,65,1
65,45,245,65,1
65,46,104,65,1
65,47,217,65,1
65,48,67,65,1
65,49,69,65,1
65,50,73,65,1
65,51,65,65,1
65,52,65,65,1
65,53,65,65,1
65,54,81,65,1
65,55,97,65,1
65,56,193,65,1
65,57,65,65,1
65,58,65,65,1
65,59,65,65,1
65,60,138,65,1
65,61,95,65,1
65,62,134,65,1
65,63,157,65,1
66,0,100,66,1
66,1,100,66,1
66,2,100,66,1
66,3,116,66,1
66,4,36,66,1
66,5,228,66,1
66,6,117,66,1
66,7,70,66,1
66,8,236,66,1
66,9,100,66,1
66,10,100,66,1
66,11,100,66,1
66,12,56,66,1
66,13,149,66,1
66,14,152,66,1
66,15,201,66,1
66,16,70,66,1
66,17,70,66,1
66,18,70,66,1
66,19,71,66,1
66,20,66,66,1
66,21,78,66,1
66,22,87,66,1
66,23,100,66,1
66,24,206,66,1
66,25,70,66,1
66,26,70,66,1
66,27,70,66,1
66,28,131,66,1
66,29,89,66,1
66,30,137,66,1
66,31,156,66,1
66,32,36,66,1
66,33,36,66,1
66,34,36,66,1
66,35,52,66,1
66,36,100,66,1
66,37,164,66,1
66,38,37,66,1
66,39,38,66,1
66,40,44,66,1
66,41,36,66,1
66,42,36,66,1
66,43,36,66,1
66,44,184,66,1
66,45,197,66,1
66,46,24,66,1
66,47,89,66,1
66,48,66,66,1
66,49,66,66,1
66,50,66,66,1
66,51,67,66,1
66,52,70,66,1
66,53,74,66,1
66,54,82,66,1
66,55,98,66,1
66,56,194,66,1
66,57,66,66,1
66,58,66,66,1
66,59,66,66,1
66,60,139,66,1
66,61,92,66,1
66,62,129,66,1
66,63,149,66,1
67,0,84,67,1
67,1,52,67,1
67,2,244,67,1
67,3,100,67,1
67,4,52,67,1
67,5,244,67,1
67,6,101,67,1
67,7,86,67,1
67,8,252,67,1
67,9,116,67,1
67,10,116,67,1
67,11,116,67,1
67,12,152,67,1
67,13,101,67,1
67,14,248,67,1
67,15,25,67,1
67,16,69,67,1
67,17,67,67,1
67,18,79,67,1
67,19,70,67,1
67,20,67,67,1
67,21,79,67,1
67,22,86,67,1
67,23,101,67,1
67,24,207,67,1
67,25,71,67,1
67,26,71,67,1
67,27,71,67,1
67,28,137,67,1
67,29,86,67,1
67,30,143,67,1
67,31,145,67,1
67,32,20,67,1
67,33,116,67,1
67,34,180,67,1
67,35,36,67,1
67,36,116,67,1
67,37,180,67,1
67,38,53,67,1
67,39,54,67,1
67,40,60,67,1
67,41,52,67,1
67,42,52,67,1
67,43,52,67,1
67,44,24,67,1
67,45,53,67,1
67,46,120,67,1
67,47,137,67,1
67,48,65,67,1
67,49,71,67,1
67,50,75,67,1
67,51,66,67,1
67,52,71,67,1
67,53,75,67,1
67,54,83,67,1
67,55,99,67,1
67,56,195,67,1
67,57,67,67,1
67,58,67,67,1
67,59,67,67,1
67,60,129,67,1
67,61,83,67,1
67,62,135,67,1
67,63,152,67,1
68,0,4,68,1
68,1,4,68,1
68,2,4,68,1
68,3,4,68,1
68,4,4,68,1
68,5,4,68,1
68,6,5,68,1
68,7,6,68,1
68,8,12,68,1
68,9,4,68,1
68,10,4,68,1
68,11,4,68,1
68,12,8,68,1
68,13,5,68,1
68,14,8,68,1
68,15,9,68,1
68,16,64,68,1
68,17,64,68,1
68,18,64,68,1
68,19,64,68,1
68,20,64,68,1
68,21,64,68,1
68,22,80,68,1
68,23,96,68,1
68,24,192,68,1
68,25,64,68,1
68,26,64,68,1
68,27,64,68,1
68,28,128,68,1
68,29,80,68,1
68,30,128,68,1
68,31,144,68,1
68,32,68,68,1
68,33,68,68,1
68,34,68,68,1
68,35,68,68,1
68,36,68,68,1
68,37,68,68,1
68,38,85,68,1
68,39,102,68,1
68,40,204,68,1
68,41,68,68,1
68,42,68,68,1
68,43,68,68,1
68,44,136,68,1
68,45,85,68,1
68,46,136,68,1
68,47,153,68,1
68,48,68,68,1
68,49,68,68,1
68,50,68,68,1
68,51,68,68,1
68,52,68,68,1
68,53,68,68,1
68,54,85,68,1
68,55,102,68,1
68,56,204,68,1
68,57,68,68,1
68,58,68,68,1
68,59,68,68,1
68,60,136,68,1
68,61,85,68,1
68,62,136,68,1
68,63,153,68,1
69,0,52,69,1
69,1,84,69,1
69,2,148,69,1
69,3,20,69,1
69,4,20,69,1
69,5,20,69,1
69,6,21,69,1
69,7,22,69,1
69,8,28,69,1
69,9,20,69,1
69,10,20,69,1
69,11,20,69,1
69,12,168,69,1
69,13,245,69,1
69,14,104,69,1
69,15,217,69,1
69,16,67,69,1
69,17,69,69,1
69,18,73,69,1
69,19,65,69,1
69,20,65,69,1
69,21,65,69,1
69,22,81,69,1
69,23,97,69,1
69,24,193,69,1
69,25,65,69,1
69,26,65,69,1
69,27,65,69,1
69,28,138,69,1
69,29,95,69,1
69,30,134,69,1
69,31,157,69,1
69,32,116,69,1
69,33,20,69,1
69,34,212,69,1
69,35,84,69,1
69,36,84,69,1
69,37,84,69,1
69,38,69,69,1
69,39,118,69,1
69,40,220,69,1
69,41,84,69,1
69,42,84,69,1
69,43,84,69,1
69,44,40,69,1
69,45,165,69,1
69,46,232,69,1
69,47,73,69,1
69,48,71,69,1
69,49,65,69,1
69,50,77,69,1
69,51,69,69,1
69,52,69,69,1
69,53,69,69,1
69,54,84,69,1
69,55,103,69,1
69,56,205,69,1
69,57,69,69,1
69,58,69,69,1
69,59,69,69,1
69,60,130,69,1
69,61,90,69,1
69,62,142,69,1
69,63,148,69,1
70,0,36,70,1
70,1,36,70,1
70,2,36,70,1
70,3,52,70,1
70,4,100,70,1
70,5,164,70,1
70,6,37,70,1
70,7,38,70,1
70,8,44,70,1
70,9,36,70,1
70,10,36,70,1
70,11,36,70,1
70,12,184,70,1
70,13,197,70,1
70,14,24,70,1
70,15,89,70,1
70,16,66,70,1
70,17,66,70,1
70,18,66,70,1
70,19,67,70,1
70,20,70,70,1
70,21,74,70,1
70,22,82,70,1
70,23,98,70,1
70,24,194,70,1
70,25,66,70,1
70,26,66,70,1
70,27,66,70,1
70,28,139,70,1
70,29,92,70,1
70,30,129,70,1
70,31,149,70,1
70,32,100,70,1
70,33,100,70,1
70,34,100,70,1
70,35,116,70,1
70,36,36,70,1
70,37,228,70,1
70,38,117,70,1
70,39,70,70,1
70,40,236,70,1
70,41,100,70,1
70,42,100,70,1
70,43,100,70,1
70,44,56,70,1
70,45,149,70,1
70,46,152,70,1
70,47,201,70,1
70,48,70,70,1
70,49,70,70,1
70,50,70,70,1
70,51,71,70,1
70,52,66,70,1
70,53,78,70,1
70,54,87,70,1
70,55,100,70,1
70,56,206,70,1
70,57,70,70,1
70,58,70,70,1
70,59,70,70,1
70,60,131,70,1
70,61,89,70,1
70,62,137,70,1
70,63,156,70,1
71,0,20,71,1
71,1,116,71,1
71,2,180,71,1
71,3,36,71,1
71,4,116,71,1
71,5,180,71,1
71,6,53,71,1
71,7,54,71,1
71,8,60,71,1
71,9,52,71,1
71,10,52,71,1
71,11,52,71,1
71,12,24,71,1
71,13,53,71,1
71,14,120,71,1
71,15,137,71,1
71,16,65,71,1
71,17,71,71,1
71,18,75,71,1
71,19,66,71,1
71,20,71,71,1
71,21,75,71,1
71,22,83,71,1
71,23,99,71,1
71,24,195,71,1
71,25,67,71,1
71,26,67,71,1
71,27,67,71,1
71,28,129,71,1
71,29,83,71,1
71,30,135,71,1
71,31,152,71,1
71,32,84,71,1
71,33,52,71,1
71,34,244,71,1
71,35,100,71,1
71,36,52,71,1
71,37,244,71,1
71,38,101,71,1
71,39,86,71,1
71,40,252,71,1
71,41,116,71,1
71,42,116,71,1
71,43,116,71,1
71,44,152,71,1
71,45,101,71,1
71,46,248,71,1
71,47,25,71,1
71,48,69,71,1
71,49,67,71,1
71,50,79,71,1
71,51,70,71,1
71,52,67,71,1
71,53,79,71,1
71,54,86,71,1
71,55,101,71,1
71,56,207,71,1
71,57,71,71,1
71,58,71,71,1
71,59,71,71,1
71,60,137,71,1
71,61,86,71,1
71,62,143,71,1
71,63,145,71,1
72,0,196,72,1
72,1,196,72,1
72,2,196,72,1
72,3,196,72,1
72,4,196,72,1
72,5,196,72,1
72,6,213,72,1
72,7,230,72,1
72,8,76,72,1
72,9,212,72,1
72,10,228,72,1
72,11,132,72,1
72,12,232,72,1
72,13,69,72,1
72,14,200,72,1
72,15,169,72,1
72,16,76,72,1
72,17,76,72,1
72,18,76,72,1
72,19,76,72,1
72,20,76,72,1
72,21,76,72,1
72,22,93,72,1
72,23,110,72,1
72,24,196,72,1
72,25,77,72,1
72,26,78,72,1
72,27,72,72,1
72,28,142,72,1
72,29,84,72,1
72,30,140,72,1
72,31,154,72,1
72,32,132,72,1
72,33,132,72,1
72,34,132,72,1
72,35,132,72,1
72,36,132,72,1
72,37,132,72,1
72,38,133,72,1
72,39,134,72,1
72,40,140,72,1
72,41,148,72,1
72,42,164,72,1
72,43,196,72,1
72,44,104,72,1
72,45,21,72,1
72,46,72,72,1
72,47,57,72,1
72,48,72,72,1
72,49,72,72,1
72,50,72,72,1
72,51,72,72,1
72,52,72,72,1
72,53,72,72,1
72,54,88,72,1
72,55,104,72,1
72,56,200,72,1
72,57,73,72,1
72,58,74,72,1
72,59,76,72,1
72,60,134,72,1
72,61,81,72,1
72,62,132,72,1
72,63,147,72,1
73,0,244,73,1
73,1,148,73,1
73,2,84,73,1
73,3,212,73,1
73,4,212,73,1
73,5,212,73,1
73,6,197,73,1
73,7,246,73,1
73,8,92,73,1
73,9,196,73,1
73,10,244,73,1
73,11,148,73,1
73,12,72,73,1
73,13,181,73,1
73,14,168,73,1
73,15,121,73,1
73,16,79,73,1
73,17,73,73,1
73,18,69,73,1
73,19,77,73,1
73,20,77,73,1
73,21,77,73,1
73,22,92,73,1
73,23,111,73,1
73,24,197,73,1
73,25,76,73,1
73,26,79,73,1
73,27,73,73,1
73,28,132,73,1
73,29,91,73,1
73,30,138,73,1
73,31,151,73,1
73,32,180,73,1
73,33,212,73,1
73,34,20,73,1
73,35,148,73,1
73,36,148,73,1
73,37,148,73,1
73,38,149,73,1
73,39,150,73,1
73,40,156,73,1
73,41,132,73,1
73,42,180,73,1
73,43,212,73,1
73,44,200,73,1
73,45,229,73,1
73,46,40,73,1
73,47,233,73,1
73,48,75,73,1
73,49,77,73,1
73,50,65,73,1
73,51,73,73,1
73,52,73,73,1
73,53,73,73,1
73,54,89,73,1
73,55,105,73,1
73,56,201,73,1
73,57,72,73,1
73,58,75,73,1
73,59,77,73,1
73,60,140,73,1
73,61,94,73,1
73,62,130,73,1
73,63,158,73,1
74,0,228,74,1
74,1,228,74,1
74,2,228,74,1
74,3,244,74,1
74,4,164,74,1
74,5,100,74,1
74,6,245,74,1
74,7,198,74,1
74,8,108,74,1
74,9,244,74,1
74,10,196,74,1
74,11,164,74,1
74,12,88,74,1
74,13,133,74,1
74,14,216,74,1
74,15,249,74,1
74,16,78,74,1
74,17,78,74,1
74,18,78,74,1
74,19,79,74,1
74,20,74,74,1
74,21,70,74,1
74,22,95,74,1
74,23,108,74,1
74,24,198,74,1
74,25,79,74,1
74,26,76,74,1
74,27,74,74,1
74,28,133,74,1
74,29,88,74,1
74,30,141,74,1
74,31,159,74,1
74,32,164,74,1
74,33,164,74,1
74,34,164,74,1
74,35,180,74,1
74,36,228,74,1
74,37,36,74,1
74,38,165,74,1
74,39,166,74,1
74,40,172,74,1
74,41,180,74,1
74,42,132,74,1
74,43,228,74,1
74,44,216,74,1
74,45,213,74,1
74,46,88,74,1
74,47,105,74,1
74,48,74,74,1
74,49,74,74,1
74,50,74,74,1
74,51,75,74,1
74,52,78,74,1
74,53,66,74,1
74,54,90,74,1
74,55,106,74,1
74,56,202,74,1
74,57,75,74,1
74,58,72,74,1
74,59,78,74,1
74,60,141,74,1
74,61,93,74,1
74,62,133,74,1
74,63,150,74,1
75,0,212,75,1
75,1,180,75,1
75,2,116,75,1
75,3,228,75,1
75,4,180,75,1
75,5,116,75,1
75,6,229,75,1
75,7,214,75,1
75,8,124,75,1
75,9,228,75,1
75,10,212,75,1
75,11,180,75,1
75,12,248,75,1
75,13,117,75,1
75,14,184,75,1
75,15,41,75,1
75,16,77,75,1
75,17,75,75,1
75,18,71,75,1
75,19,78,75,1
75,20,75,75,1
75,21,71,75,1
75,22,94,75,1
75,23,109,75,1
75,24,199,75,1
75,25,78,75,1
75,26,77,75,1
75,27,75,75,1
75,28,143,75,1
75,29,87,75,1
75,30,139,75,1
75,31,146,75,1
75,32,148,75,1
75,33,244,75,1
75,34,52,75,1
75,35,164,75,1
75,36,244,75,1
75,37,52,75,1
75,38,181,75,1
75,39,182,75,1
75,40,188,75,1
75,41,164,75,1
75,42,148,75,1
75,43,244,75,1
75,44,120,75,1
75,45,37,75,1
75,46,56,75,1
75,47,185,75,1
75,48,73,75,1
75,49,79,75,1
75,50,67,75,1
75,51,74,75,1
75,52,79,75,1
75,53,67,75,1
75,54,91,75,1
75,55,107,75,1
75,56,203,75,1
75,57,74,75,1
75,58,73,75,1
75,59,79,75,1
75,60,135,75,1
75,61,82,75,1
75,62,131,75,1
75,63,155,75,1
76,0,132,76,1
76,1,132,76,1
76,2,132,76,1
76,3,132,76,1
76,4,132,76,1
76,5,132,76,1
76,6,133,76,1
76,7,134,76,1
76,8,140,76,1
76,9,148,76,1
76,10,164,76,1
76,11,196,76,1
76,12,104,76,1
76,13,21,76,1
76,14,72,76,1
76,15,57,76,1
76,16,72,76,1
76,17,72,76,1
76,18,72,76,1
76,19,72,76,1
76,20,72,76,1
76,21,72,76,1
76,22,88,76,1
76,23,104,76,1
76,24,200,76,1
76,25,73,76,1
76,26,74,76,1
76,27,76,76,1
76,28,134,76,1
76,29,81,76,1
76,30,132,76,1
76,31,147,76,1
76,32,196,76,1
76,33,196,76,1
76,34,196,76,1
76,35,196,76,1
76,36,196,76,1
76,37,196,76,1
76,38,213,76,1
76,39,230,76,1
76,40,76,76,1
76,41,212,76,1
76,42,228,76,1
76,43,132,76,1
76,44,232,76,1
76,45,69,76,1
76,46,200,76,1
76,47,169,76,1
76,48,76,76,1
76,49,76,76,1
76,50,76,76,1
76,51,76,76,1
76,52,76,76,1
76,53,76,76,1
76,54,93,76,1
76,55,110,76,1
76,56,196,76,1
76,57,77,76,1
76,58,78,76,1
76,59,72,76,1
76,60,142,76,1
76,61,84,76,1
76,62,140,76,1
76,63,154,76,1
77,0,180,77,1
77,1,212,77,1
77,2,20,77,1
77,3,148,77,1
77,4,148,77,1
77,5,148,77,1
77,6,149,77,1
77,7,150,77,1
77,8,156,77,1
77,9,132,77,1
77,10,180,77,1
77,11,212,77,1
77,12,200,77,1
77,13,229,77,1
77,14,40,77,1
77,15,233,77,1
77,16,75,77,1
77,17,77,77,1
77,18,65,77,1
77,19,73,77,1
77,20,73,77,1
77,21,73,77,1
77,22,89,77,1
77,23,105,77,1
77,24,201,77,1
77,25,72,77,1
77,26,75,77,1
77,27,77,77,1
77,28,140,77,1
77,29,94,77,1
77,30,130,77,1
77,31,158,77,1
77,32,244,77,1
77,33,148,77,1
77,34,84,77,1
77,35,212,77,1
77,36,212,77,1
77,37,212,77,1
77,38,197,77,1
77,39,246,77,1
77,40,92,77,1
77,41,196,77,1
77,42,244,77,1
77,43,148,77,1
77,44,72,77,1
77,45,181,77,1
77,46,168,77,1
77,47,121,77,1
77,48,79,77,1
77,49,73,77,1
77,50,69,77,1
77,51,77,77,1
77,52,77,77,1
77,53,77,77,1
77,54,92,77,1
77,55,111,77,1
77,56,197,77,1
77,57,76,77,1
77,58,79,77,1
77,59,73,77,1
77,60,132,77,1
77,61,91,77,1
77,62,138,77,1
77,63,151,77,1
78,0,164,78,1
78,1,164,78,1
78,2,164,78,1
78,3,180,78,1
78,4,228,78,1
78,5,36,78,1
78,6,165,78,1
78,7,166,78,1
78,8,172,78,1
78,9,180,78,1
78,10,132,78,1
78,11,228,78,1
78,12,216,78,1
78,13,213,78,1
78,14,88,78,1
78,15,105,78,1
78,16,74,78,1
78,17,74,78,1
78,18,74,78,1
78,19,75,78,1
78,20,78,78,1
78,21,66,78,1
78,22,90,78,1
78,23,106,78,1
78,24,202,78,1
78,25,75,78,1
78,26,72,78,1
78,27,78,78,1
78,28,141,78,1
78,29,93,78,1
78,30,133,78,1
78,31,150,78,1
78,32,228,78,1
78,33,228,78,1
78,34,228,78,1
78,35,244,78,1
78,36,164,78,1
78,37,100,78,1
78,38,245,78,1
78,39,198,78,1
78,40,108,78,1
78,41,244,78,1
78,42,196,78,1
78,43,164,78,1
78,44,88,78,1
78,45,133,78,1
78,46,216,78,1
78,47,249,78,1
78,48,78,78,1
78,49,78,78,1
78,50,78,78,1
78,51,79,78,1
78,52,74,78,1
78,53,70,78,1
78,54,95,78,1
78,55,108,78,1
78,56,198,78,1
78,57,79,78,1
78,58,76,78,1
78,59,74,78,1
78,60,133,78,1
78,61,88,78,1
78,62,141,78,1
78,63,159,78,1
79,0,148,79,1
79,1,244,79,1
79,2,52,79,1
79,3,164,79,1
79,4,244,79,1
79,5,52,79,1
79,6,181,79,1
79,7,182,79,1
79,8,188,79,1
79,9,164,79,1
79,10,148,79,1
79,11,244,79,1
79,12,120,79,1
79,13,37,79,1
79,14,56,79,1
79,15,185,79,1
79,16,73,79,1
79,17,79,79,1
79,18,67,79,1
79,19,74,79,1
79,20,79,79,1
79,21,67,79,1
79,22,91,79,1
79,23,107,79,1
79,24,203,79,1
79,25,74,79,1
79,26,73,79,1
79,27,79,79,1
79,28,135,79,1
79,29,82,79,1
79,30,131,79,1
79,31,155,79,1
79,32,212,79,1
79,33,180,79,1
79,34,116,79,1
79,35,228,79,1
79,36,180,79,1
79,37,116,79,1
79,38,229,79,1
79,39,214,79,1
79,40,124,79,1
79,41,228,79,1
79,42,212,79,1
79,43,180,79,1
79,44,248,79,1
79,45,117,79,1
79,46,184,79,1
79,47,41,79,1
79,48,77,79,1
79,49,75,79,1
79,50,71,79,1
79,51,78,79,1
79,52,75,79,1
79,53,71,79,1
79,54,94,79,1
79,55,109,79,1
79,56,199,79,1
79,57,78,79,1
79,58,77,79,1
79,59,75,79,1
79,60,143,79,1
79,61,87,79,1
79,62,139,79,1
79,63,146,79,1
80,0,119,80,1
80,1,17,80,1
80,2,221,80,1
80,3,85,80,1
80,4,85,80,1
80,5,85,80,1
80,6,68,80,1
80,7,119,80,1
80,8,221,80,1
80,9,85,80,1
80,10,85,80,1
80,11,85,80,1
80,12,34,80,1
80,13,170,80,1
80,14,238,80,1
80,15,68,80,1
80,16,119,80,1
80,17,17,80,1
80,18,221,80,1
80,19,85,80,1
80,20,85,80,1
80,21,85,80,1
80,22,68,80,1
80,23,119,80,1
80,24,221,80,1
80,25,85,80,1
80,26,85,80,1
80,27,85,80,1
80,28,34,80,1
80,29,170,80,1
80,30,238,80,1
80,31,68,80,1
80,32,7,80,1
80,33,1,80,1
80,34,13,80,1
80,35,5,80,1
80,36,5,80,1
80,37,5,80,1
80,38,4,80,1
80,39,7,80,1
80,40,13,80,1
80,41,5,80,1
80,42,5,80,1
80,43,5,80,1
80,44,2,80,1
80,45,10,80,1
80,46,14,80,1
80,47,4,80,1
80,48,112,80,1
80,49,16,80,1
80,50,208,80,1
80,51,80,80,1
80,52,80,80,1
80,53,80,80,1
80,54,64,80,1
80,55,112,80,1
80,56,208,80,1
80,57,80,80,1
80,58,80,80,1
80,59,80,80,1
80,60,32,80,1
80,61,160,80,1
80,62,224,80,1
80,63,64,80,1
81,0,71,81,1
81,1,65,81,1
81,2,77,81,1
81,3,69,81,1
81,4,69,81,1
81,5,69,81,1
81,6,84,81,1
81,7,103,81,1
81,8,205,81,1
81,9,69,81,1
81,10,69,81,1
81,11,69,81,1
81,12,130,81,1
81,13,90,81,1
81,14,142,81,1
81,15,148,81,1
81,16,116,81,1
81,17,20,81,1
81,18,212,81,1
81,19,84,81,1
81,20,84,81,1
81,21,84,81,1
81,22,69,81,1
81,23,118,81,1
81,24,220,81,1
81,25,84,81,1
81,26,84,81,1
81,27,84,81,1
81,28,40,81,1
81,29,165,81,1
81,30,232,81,1
81,31,73,81,1
81,32,55,81,1
81,33,81,81,1
81,34,157,81,1
81,35,21,81,1
81,36,21,81,1
81,37,21,81,1
81,38,20,81,1
81,39,23,81,1
81,40,29,81,1
81,41,21,81,1
81,42,21,81,1
81,43,21,81,1
81,44,162,81,1
81,45,250,81,1
81,46,110,81,1
81,47,212,81,1
81,48,115,81,1
81,49,21,81,1
81,50,217,81,1
81,51,81,81,1
81,52,81,81,1
81,53,81,81,1
81,54,65,81,1
81,55,113,81,1
81,56,209,81,1
81,57,81,81,1
81,58,81,81,1
81,59,81,81,1
81,60,42,81,1
81,61,175,81,1
81,62,230,81,1
81,63,77,81,1
82,0,87,82,1
82,1,49,82,1
82,2,253,82,1
82,3,101,82,1
82,4,53,82,1
82,5,245,82,1
82,6,100,82,1
82,7,87,82,1
82,8,253,82,1
82,9,117,82,1
82,10,117,82,1
82,11,117,82,1
82,12,146,82,1
82,13,106,82,1
82,14,254,82,1
82,15,20,82,1
82,16,117,82,1
82,17,19,82,1
82,18,223,82,1
82,19,86,82,1
82,20,83,82,1
82,21,95,82,1
82,22,70,82,1
82,23,117,82,1
82,24,223,82,1
82,25,87,82,1
82,26,87,82,1
82,27,87,82,1
82,28,41,82,1
82,29,166,82,1
82,30,239,82,1
82,31,65,82,1
82,32,39,82,1
82,33,33,82,1
82,34,45,82,1
82,35,53,82,1
82,36,101,82,1
82,37,165,82,1
82,38,36,82,1
82,39,39,82,1
82,40,45,82,1
82,41,37,82,1
82,42,37,82,1
82,43,37,82,1
82,44,178,82,1
82,45,202,82,1
82,46,30,82,1
82,47,84,82,1
82,48,114,82,1
82,49,18,82,1
82,50,210,82,1
82,51,83,82,1
82,52,86,82,1
82,53,90,82,1
82,54,66,82,1
82,55,114,82,1
82,56,210,82,1
82,57,82,82,1
82,58,82,82,1
82,59,82,82,1
82,60,43,82,1
82,61,172,82,1
82,62,225,82,1
82,63,69,82,1
83,0,103,83,1
83,1,97,83,1
83,2,109,83,1
83,3,117,83,1
83,4,37,83,1
83,5,229,83,1
83,6,116,83,1
83,7,71,83,1
83,8,237,83,1
83,9,101,83,1
83,10,101,83,1
83,11,101,83,1
83,12,50,83,1
83,13,154,83,1
83,14,158,83,1
83,15,196,83,1
83,16,118,83,1
83,17,22,83,1
83,18,214,83,1
83,19,87,83,1
83,20,82,83,1
83,21,94,83,1
83,22,71,83,1
83,23,116,83,1
83,24,222,83,1
83,25,86,83,1
83,26,86,83,1
83,27,86,83,1
83,28,35,83,1
83,29,169,83,1
83,30,233,83,1
83,31,76,83,1
83,32,23,83,1
83,33,113,83,1
83,34,189,83,1
83,35,37,83,1
83,36,117,83,1
83,37,181,83,1
83,38,52,83,1
83,39,55,83,1
83,40,61,83,1
83,41,53,83,1
83,42,53,83,1
83,43,53,83,1
83,44,18,83,1
83,45,58,83,1
83,46,126,83,1
83,47,132,83,1
83,48,113,83,1
83,49,23,83,1
83,50,219,83,1
83,51,82,83,1
83,52,87,83,1
83,53,91,83,1
83,54,67,83,1
83,55,115,83,1
83,56,211,83,1
83,57,83,83,1
83,58,83,83,1
83,59,83,83,1
83,60,33,83,1
83,61,163,83,1
83,62,231,83,1
83,63,72,83,1
84,0,55,84,1
84,1,81,84,1
84,2,157,84,1
84,3,21,84,1
84,4,21,84,1
84,5,21,84,1
84,6,20,84,1
84,7,23,84,1
84,8,29,84,1
84,9,21,84,1
84,10,21,84,1
84,11,21,84,1
84,12,162,84,1
84,13,250,84,1
84,14,110,84,1
84,15,212,84,1
84,16,115,84,1
84,17,21,84,1
84,18,217,84,1
84,19,81,84,1
84,20,81,84,1
84,21,81,84,1
84,22,65,84,1
84,23,113,84,1
84,24,209,84,1
84,25,81,84,1
84,26,81,84,1
84,27,81,84,1
84,28,42,84,1
84,29,175,84,1
84,30,230,84,1
84,31,77,84,1
84,32,71,84,1
84,33,65,84,1
84,34,77,84,1
84,35,69,84,1
84,36,69,84,1
84,37,69,84,1
84,38,84,84,1
84,39,103,84,1
84,40,205,84,1
84,41,69,84,1
84,42,69,84,1
84,43,69,84,1
84,44,130,84,1
84,45,90,84,1
84,46,142,84,1
84,47,148,84,1
84,48,116,84,1
84,49,20,84,1
84,50,212,84,1
84,51,84,84,1
84,52,84,84,1
84,53,84,84,1
84,54,69,84,1
84,55,118,84,1
84,56,220,84,1
84,57,84,84,1
84,58,84,84,1
84,59,84,84,1
84,60,40,84,1
84,61,165,84,1
84,62,232,84,1
84,63,73,84,1
85,0,7,85,1
85,1,1,85,1
85,2,13,85,1
85,3,5,85,1
85,4,5,85,1
85,5,5,85,1
85,6,4,85,1
85,7,7,85,1
85,8,13,85,1
85,9,5,85,1
85,10,5,85,1
85,11,5,85,1
85,12,2,85,1
85,13,10,85,1
85,14,14,85,1
85,15,4,85,1
85,16,112,85,1
85,17,16,85,1
85,18,208,85,1
85,19,80,85,1
85,20,80,85,1
85,21,80,85,1
85,22,64,85,1
85,23,112,85,1
85,24,208,85,1
85,25,80,85,1
85,26,80,85,1
85,27,80,85,1
85,28,32,85,1
85,29,160,85,1
85,30,224,85,1
85,31,64,85,1
85,32,119,85,1
85,33,17,85,1
85,34,221,85,1
85,35,85,85,1
85,36,85,85,1
85,37,85,85,1
85,38,68,85,1
85,39,119,85,1
85,40,221,85,1
85,41,85,85,1
85,42,85,85,1
85,43,85,85,1
85,44,34,85,1
85,45,170,85,1
85,46,238,85,1
85,47,68,85,1
85,48,119,85,1
85,49,17,85,1
85,50,221,85,1
85,51,85,85,1
85,52,85,85,1
85,53,85,85,1
85,54,68,85,1
85,55,119,85,1
85,56,221,85,1
85,57,85,85,1
85,58,85,85,1
85,59,85,85,1
85,60,34,85,1
85,61,170,85,1
85,62,238,85,1
85,63,68,85,1
86,0,23,86,1
86,1,113,86,1
86,2,189,86,1
86,3,37,86,1
86,4,117,86,1
86,5,181,86,1
86,6,52,86,1
86,7,55,86,1
86,8,61,86,1
86,9,53,86,1
86,10,53,86,1
86,11,53,86,1
86,12,18,86,1
86,13,58,86,1
86,14,126,86,1
86,15,132,86,1
86,16,113,86,1
86,17,23,86,1
86,18,219,86,1
86,19,82,86,1
86,20,87,86,1
86,21,91,86,1
86,22,67,86,1
86,23,115,86,1
86,24,211,86,1
86,25,83,86,1
86,26,83,86,1
86,27,83,86,1
86,28,33,86,1
86,29,163,86,1
86,30,231,86,1
86,31,72,86,1
86,32,103,86,1
86,33,97,86,1
86,34,109,86,1
86,35,117,86,1
86,36,37,86,1
86,37,229,86,1
86,38,116,86,1
86,39,71,86,1
86,40,237,86,1
86,41,101,86,1
86,42,101,86,1
86,43,101,86,1
86,44,50,86,1
86,45,154,86,1
86,46,158,86,1
86,47,196,86,1
86,48,118,86,1
86,49,22,86,1
86,50,214,86,1
86,51,87,86,1
86,52,82,86,1
86,53,94,86,1
86,54,71,86,1
86,55,116,86,1
86,56,222,86,1
86,57,86,86,1
86,58,86,86,1
86,59,86,86,1
86,60,35,86,1
86,61,169,86,1
86,62,233,86,1
86,63,76,86,1
87,0,39,87,1
87,1,33,87,1
87,2,45,87,1
87,3,53,87,1
87,4,101,87,1
87,5,165,87,1
87,6,36,87,1
87,7,39,87,1
87,8,45,87,1
87,9,37,87,1
87,10,37,87,1
87,11,37,87,1
87,12,178,87,1
87,13,202,87,1
87,14,30,87,1
87,15,84,87,1
87,16,114,87,1
87,17,18,87,1
87,18,210,87,1
87,19,83,87,1
87,20,86,87,1
87,21,90,87,1
87,22,66,87,1
87,23,114,87,1
87,24,210,87,1
87,25,82,87,1
87,26,82,87,1
87,27,82,87,1
87,28,43,87,1
87,29,172,87,1
87,30,225,87,1
87,31,69,87,1
87,32,87,87,1
87,33,49,87,1
87,34,253,87,1
87,35,101,87,1
87,36,53,87,1
87,37,245,87,1
87,38,100,87,1
87,39,87,87,1
87,40,253,87,1
87,41,117,87,1
87,42,117,87,1
87,43,117,87,1
87,44,146,87,1
87,45,106,87,1
87,46,254,87,1
87,47,20,87,1
87,48,117,87,1
87,49,19,87,1
87,50,223,87,1
87,51,86,87,1
87,52,83,87,1
87,53,95,87,1
87,54,70,87,1
87,55,117,87,1
87,56,223,87,1
87,57,87,87,1
87,58,87,87,1
87,59,87,87,1
87,60,41,87,1
87,61,166,87,1
87,62,239,87,1
87,63,65,87,1
88,0,247,88,1
88,1,145,88,1
88,2,93,88,1
88,3,213,88,1
88,4,213,88,1
88,5,213,88,1
88,6,196,88,1
88,7,247,88,1
88,8,93,88,1
88,9,197,88,1
88,10,245,88,1
88,11,149,88,1
88,12,66,88,1
88,13,186,88,1
88,14,174,88,1
88,15,116,88,1
88,16,127,88,1
88,17,25,88,1
88,18,213,88,1
88,19,93,88,1
88,20,93,88,1
88,21,93,88,1
88,22,76,88,1
88,23,127,88,1
88,24,213,88,1
88,25,92,88,1
88,26,95,88,1
88,27,89,88,1
88,28,36,88,1
88,29,171,88,1
88,30,234,88,1
88,31,71,88,1
88,32,135,88,1
88,33,129,88,1
88,34,141,88,1
88,35,133,88,1
88,36,133,88,1
88,37,133,88,1
88,38,132,88,1
88,39,135,88,1
88,40,141,88,1
88,41,149,88,1
88,42,165,88,1
88,43,197,88,1
88,44,98,88,1
88,45,26,88,1
88,46,78,88,1
88,47,52,88,1
88,48,120,88,1
88,49,24,88,1
88,50,216,88,1
88,51,88,88,1
88,52,88,88,1
88,53,88,88,1
88,54,72,88,1
88,55,120,88,1
88,56,216,88,1
88,57,89,88,1
88,58,90,88,1
88,59,92,88,1
88,60,38,88,1
88,61,161,88,1
88,62,228,88,1
88,63,67,88,1
89,0,199,89,1
89,1,193,89,1
89,2,205,89,1
89,3,197,89,1
89,4,197,89,1
89,5,197,89,1
89,6,212,89,1
89,7,231,89,1
89,8,77,89,1
89,9,213,89,1
89,10,229,89,1
89,11,133,89,1
89,12,226,89,1
89,13,74,89,1
89,14,206,89,1
89,15,164,89,1
89,16,124,89,1
89,17,28,89,1
89,18,220,89,1
89,19,92,89,1
89,20,92,89,1
89,21,92,89,1
89,22,77,89,1
89,23,126,89,1
89,24,212,89,1
89,25,93,89,1
89,26,94,89,1
89,27,88,89,1
89,28,46,89,1
89,29,164,89,1
89,30,236,89,1
89,31,74,89,1
89,32,183,89,1
89,33,209,89,1
89,34,29,89,1
89,35,149,89,1
89,36,149,89,1
89,37,149,89,1
89,38,148,89,1
89,39,151,89,1
89,40,157,89,1
89,41,133,89,1
89,42,181,89,1
89,43,213,89,1
89,44,194,89,1
89,45,234,89,1
89,46,46,89,1
89,47,228,89,1
89,48,123,89,1
89,49,29,89,1
89,50,209,89,1
89,51,89,89,1
89,52,89,89,1
89,53,89,89,1
89,54,73,89,1
89,55,121,89,1
89,56,217,89,1
89,57,88,89,1
89,58,91,89,1
89,59,93,89,1
89,60,44,89,1
89,61,174,89,1
89,62,226,89,1
89,63,78,89,1
90,0,215,90,1
90,1,177,90,1
90,2,125,90,1
90,3,229,90,1
90,4,181,90,1
90,5,117,90,1
90,6,228,90,1
90,7,215,90,1
90,8,125,90,1
90,9,229,90,1
90,10,213,90,1
90,11,181,90,1
90,12,242,90,1
90,13,122,90,1
90,14,190,90,1
90,15,36,90,1
90,16,125,90,1
90,17,27,90,1
90,18,215,90,1
90,19,94,90,1
90,20,91,90,1
90,21,87,90,1
90,22,78,90,1
90,23,125,90,1
90,24,215,90,1
90,25,94,90,1
90,26,93,90,1
90,27,91,90,1
90,28,47,90,1
90,29,167,90,1
90,30,235,90,1
90,31,66,90,1
90,32,167,90,1
90,33,161,90,1
90,34,173,90,1
90,35,181,90,1
90,36,229,90,1
90,37,37,90,1
90,38,164,90,1
90,39,167,90,1
90,40,173,90,1
90,41,181,90,1
90,42,133,90,1
90,43,229,90,1
90,44,210,90,1
90,45,218,90,1
90,46,94,90,1
90,47,100,90,1
90,48,122,90,1
90,49,26,90,1
90,50,218,90,1
90,51,91,90,1
90,52,94,90,1
90,53,82,90,1
90,54,74,90,1
90,55,122,90,1
90,56,218,90,1
90,57,91,90,1
90,58,88,90,1
90,59,94,90,1
90,60,45,90,1
90,61,173,90,1
90,62,229,90,1
90,63,70,90,1
91,0,231,91,1
91,1,225,91,1
91,2,237,91,1
91,3,245,91,1
91,4,165,91,1
91,5,101,91,1
91,6,244,91,1
91,7,199,91,1
91,8,109,91,1
91,9,245,91,1
91,10,197,91,1
91,11,165,91,1
91,12,82,91,1
91,13,138,91,1
91,14,222,91,1
91,15,244,91,1
91,16,126,91,1
91,17,30,91,1
91,18,222,91,1
91,19,95,91,1
91,20,90,91,1
91,21,86,91,1
91,22,79,91,1
91,23,124,91,1
91,24,214,91,1
91,25,95,91,1
91,26,92,91,1
91,27,90,91,1
91,28,37,91,1
91,29,168,91,1
91,30,237,91,1
91,31,79,91,1
91,32,151,91,1
91,33,241,91,1
91,34,61,91,1
91,35,165,91,1
91,36,245,91,1
91,37,53,91,1
91,38,180,91,1
91,39,183,91,1
91,40,189,91,1
91,41,165,91,1
91,42,149,91,1
91,43,245,91,1
91,44,114,91,1
91,45,42,91,1
91,46,62,91,1
91,47,180,91,1
91,48,121,91,1
91,49,31,91,1
91,50,211,91,1
91,51,90,91,1
91,52,95,91,1
91,53,83,91,1
91,54,75,91,1
91,55,123,91,1
91,56,219,91,1
91,57,90,91,1
91,58,89,91,1
91,59,95,91,1
91,60,39,91,1
91,61,162,91,1
91,62,227,91,1
91,63,75,91,1
92,0,183,92,1
92,1,209,92,1
92,2,29,92,1
92,3,149,92,1
92,4,149,92,1
92,5,149,92,1
92,6,148,92,1
92,7,151,92,1
92,8,157,92,1
92,9,133,92,1
92,10,181,92,1
92,11,213,92,1
92,12,194,92,1
92,13,234,92,1
92,14,46,92,1
92,15,228,92,1
92,16,123,92,1
92,17,29,92,1
92,18,209,92,1
92,19,89,92,1
92,20,89,92,1
92,21,89,92,1
92,22,73,92,1
92,23,121,92,1
92,24,217,92,1
92,25,88,92,1
92,26,91,92,1
92,27,93,92,1
92,28,44,92,1
92,29,174,92,1
92,30,226,92,1
92,31,78,92,1
92,32,199,92,1
92,33,193,92,1
92,34,205,92,1
92,35,197,92,1
92,36,197,92,1
92,37,197,92,1
92,38,212,92,1
92,39,231,92,1
92,40,77,92,1
92,41,213,92,1
92,42,229,92,1
92,43,133,92,1
92,44,226,92,1
92,45,74,92,1
92,46,206,92,1
92,47,164,92,1
92,48,124,92,1
92,49,28,92,1
92,50,220,92,1
92,51,92,92,1
92,52,92,92,1
92,53,92,92,1
92,54,77,92,1
92,55,126,92,1
92,56,212,92,1
92,57,93,92,1
92,58,94,92,1
92,59,88,92,1
92,60,46,92,1
92,61,164,92,1
92,62,236,92,1
92,63,74,92,1
93,0,135,93,1
93,1,129,93,1
93,2,141,93,1
93,3,133,93,1
93,4,133,93,1
93,5,133,93,1
93,6,132,93,1
93,7,135,93,1
93,8,141,93,1
93,9,149,93,1
93,10,165,93,1
93,11,197,93,1
93,12,98,93,1
93,13,26,93,1
93,14,78,93,1
93,15,52,93,1
93,16,120,93,1
93,17,24,93,1
93,18,216,93,1
93,19,88,93,1
93,20,88,93,1
93,21,88,93,1
93,22,72,93,1
93,23,120,93,1
93,24,216,93,1
93,25,89,93,1
93,26,90,93,1
93,27,92,93,1
93,28,38,93,1
93,29,161,93,1
93,30,228,93,1
93,31,67,93,1
93,32,247,93,1
93,33,145,93,1
93,34,93,93,1
93,35,213,93,1
93,36,213,93,1
93,37,213,93,1
93,38,196,93,1
93,39,247,93,1
93,40,93,93,1
93,41,197,93,1
93,42,245,93,1
93,43,149,93,1
93,44,66,93,1
93,45,186,93,1
93,46,174,93,1
93,47,116,93,1
93,48,127,93,1
93,49,25,93,1
93,50,213,93,1
93,51,93,93,1
93,52,93,93,1
93,53,93,93,1
93,54,76,93,1
93,55,127,93,1
93,56,213,93,1
93,57,92,93,1
93,58,95,93,1
93,59,89,93,1
93,60,36,93,1
93,61,171,93,1
93,62,234,93,1
93,63,71,93,1
94,0,151,94,1
94,1,241,94,1
94,2,61,94,1
94,3,165,94,1
94,4,245,94,1
94,5,53,94,1
94,6,180,94,1
94,7,183,94,1
94,8,189,94,1
94,9,165,94,1
94,10,149,94,1
94,11,245,94,1
94,12,114,94,1
94,13,42,94,1
94,14,62,94,1
94,15,180,94,1
94,16,121,94,1
94,17,31,94,1
94,18,211,94,1
94,19,90,94,1
94,20,95,94,1
94,21,83,94,1
94,22,75,94,1
94,23,123,94,1
94,24,219,94,1
94,25,90,94,1
94,26,89,94,1
94,27,95,94,1
94,28,39,94,1
94,29,162,94,1
94,30,227,94,1
94,31,75,94,1
94,32,231,94,1
94,33,225,94,1
94,34,237,94,1
94,35,245,94,1
94,36,165,94,1
94,37,101,94,1
94,38,244,94,1
94,39,199,94,1
94,40,109,94,1
94,41,245,94,1
94,42,197,94,1
94,43,165,94,1
94,44,82,94,1
94,45,138,94,1
94,46,222,94,1
94,47,244,94,1
94,48,126,94,1
94,49,30,94,1
94,50,222,94,1
94,51,95,94,1
94,52,90,94,1
94,53,86,94,1
94,54,79,94,1
94,55,124,94,1
94,56,214,94,1
94,57,95,94,1
94,58,92,94,1
94,59,90,94,1
94,60,37,94,1
94,61,168,94,1
94,62,237,94,1
94,63,79,94,1
95,0,167,95,1
95,1,161,95,1
95,2,173,95,1
95,3,181,95,1
95,4,229,95,1
95,5,37,95,1
95,6,164,95,1
95,7,167,95,1
95,8,173,95,1
95,9,181,95,1
95,10,133,95,1
95,11,229,95,1
95,12,210,95,1
95,13,218,95,1
95,14,94,95,1
95,15,100,95,1
95,16,122,95,1
95,17,26,95,1
95,18,218,95,1
95,19,91,95,1
95,20,94,95,1
95,21,82,95,1
95,22,74,95,1
95,23,122,95,1
95,24,218,95,1
95,25,91,95,1
95,26,88,95,1
95,27,94,95,1
95,28,45,95,1
95,29,173,95,1
95,30,229,95,1
95,31,70,95,1
95,32,215,95,1
95,33,177,95,1
95,34,125,95,1
95,35,229,95,1
95,36,181,95,1
95,37,117,95,1
95,38,228,95,1
95,39,215,95,1
95,40,125,95,1
95,41,229,95,1
95,42,213,95,1
95,43,181,95,1
95,44,242,95,1
95,45,122,95,1
95,46,190,95,1
95,47,36,95,1
95,48,125,95,1
95,49,27,95,1
95,50,215,95,1
95,51,94,95,1
95,52,91,95,1
95,53,87,95,1
95,54,78,95,1
95,55,125,95,1
95,56,215,95,1
95,57,94,95,1
95,58,93,95,1
95,59,91,95,1
95,60,47,95,1
95,61,167,95,1
95,62,235,95,1
95,63,66,95,1
96,0,102,96,1
96,1,102,96,1
96,2,102,96,1
96,3,119,96,1
96,4,34,96,1
96,5,238,96,1
96,6,119,96,1
96,7,68,96,1
96,8,238,96,1
96,9,102,96,1
96,10,102,96,1
96,11,102,96,1
96,12,51,96,1
96,13,153,96,1
96,14,153,96,1
96,15,204,96,1
96,16,102,96,1
96,17,102,96,1
96,18,102,96,1
96,19,119,96,1
96,20,34,96,1
96,21,238,96,1
96,22,119,96,1
96,23,68,96,1
96,24,238,96,1
96,25,102,96,1
96,26,102,96,1
96,27,102,96,1
96,28,51,96,1
96,29,153,96,1
96,30,153,96,1
96,31,204,96,1
96,32,6,96,1
96,33,6,96,1
96,34,6,96,1
96,35,7,96,1
96,36,2,96,1
96,37,14,96,1
96,38,7,96,1
96,39,4,96,1
96,40,14,96,1
96,41,6,96,1
96,42,6,96,1
96,43,6,96,1
96,44,3,96,1
96,45,9,96,1
96,46,9,96,1
96,47,12,96,1
96,48,96,96,1
96,49,96,96,1
96,50,96,96,1
96,51,112,96,1
96,52,32,96,1
96,53,224,96,1
96,54,112,96,1
96,55,64,96,1
96,56,224,96,1
96,57,96,96,1
96,58,96,96,1
96,59,96,96,1
96,60,48,96,1
96,61,144,96,1
96,62,144,96,1
96,63,192,96,1
97,0,86,97,1
97,1,54,97,1
97,2,246,97,1
97,3,103,97,1
97,4,50,97,1
97,5,254,97,1
97,6,103,97,1
97,7,84,97,1
97,8,254,97,1
97,9,118,97,1
97,10,118,97,1
97,11,118,97,1
97,12,147,97,1
97,13,105,97,1
97,14,249,97,1
97,15,28,97,1
97,16,101,97,1
97,17,99,97,1
97,18,111,97,1
97,19,118,97,1
97,20,35,97,1
97,21,239,97,1
97,22,118,97,1
97,23,69,97,1
97,24,239,97,1
97,25,103,97,1
97,26,103,97,1
97,27,103,97,1
97,28,57,97,1
97,29,150,97,1
97,30,159,97,1
97,31,193,97,1
97,32,54,97,1
97,33,86,97,1
97,34,150,97,1
97,35,23,97,1
97,36,18,97,1
97,37,30,97,1
97,38,23,97,1
97,39,20,97,1
97,40,30,97,1
97,41,22,97,1
97,42,22,97,1
97,43,22,97,1
97,44,163,97,1
97,45,249,97,1
97,46,105,97,1
97,47,220,97,1
97,48,99,97,1
97,49,101,97,1
97,50,105,97,1
97,51,113,97,1
97,52,33,97,1
97,53,225,97,1
97,54,113,97,1
97,55,65,97,1
97,56,225,97,1
97,57,97,97,1
97,58,97,97,1
97,59,97,97,1
97,60,58,97,1
97,61,159,97,1
97,62,150,97,1
97,63,205,97,1
98,0,70,98,1
98,1,70,98,1
98,2,70,98,1
98,3,71,98,1
98,4,66,98,1
98,5,78,98,1
98,6,87,98,1
98,7,100,98,1
98,8,206,98,1
98,9,70,98,1
98,10,70,98,1
98,11,70,98,1
98,12,131,98,1
98,13,89,98,1
98,14,137,98,1
98,15,156,98,1
98,16,100,98,1
98,17,100,98,1
98,18,100,98,1
98,19,116,98,1
98,20,36,98,1
98,21,228,98,1
98,22,117,98,1
98,23,70,98,1
98,24,236,98,1
98,25,100,98,1
98,26,100,98,1
98,27,100,98,1
98,28,56,98,1
98,29,149,98,1
98,30,152,98,1
98,31,201,98,1
98,32,38,98,1
98,33,38,98,1
98,34,38,98,1
98,35,55,98,1
98,36,98,98,1
98,37,174,98,1
98,38,39,98,1
98,39,36,98,1
98,40,46,98,1
98,41,38,98,1
98,42,38,98,1
98,43,38,98,1
98,44,179,98,1
98,45,201,98,1
98,46,25,98,1
98,47,92,98,1
98,48,98,98,1
98,49,98,98,1
98,50,98,98,1
98,51,115,98,1
98,52,38,98,1
98,53,234,98,1
98,54,114,98,1
98,55,66,98,1
98,56,226,98,1
98,57,98,98,1
98,58,98,98,1
98,59,98,98,1
98,60,59,98,1
98,61,156,98,1
98,62,145,98,1
98,63,197,98,1
99,0,118,99,1
99,1,22,99,1
99,2,214,99,1
99,3,87,99,1
99,4,82,99,1
99,5,94,99,1
99,6,71,99,1
99,7,116,99,1
99,8,222,99,1
99,9,86,99,1
99,10,86,99,1
99,11,86,99,1
99,12,35,99,1
99,13,169,99,1
99,14,233,99,1
99,15,76,99,1
99,16,103,99,1
99,17,97,99,1
99,18,109,99,1
99,19,117,99,1
99,20,37,99,1
99,21,229,99,1
99,22,116,99,1
99,23,71,99,1
99,24,237,99,1
99,25,101,99,1
99,26,101,99,1
99,27,101,99,1
99,28,50,99,1
99,29,154,99,1
99,30,158,99,1
99,31,196,99,1
99,32,22,99,1
99,33,118,99,1
99,34,182,99,1
99,35,39,99,1
99,36,114,99,1
99,37,190,99,1
99,38,55,99,1
99,39,52,99,1
99,40,62,99,1
99,41,54,99,1
99,42,54,99,1
99,43,54,99,1
99,44,19,99,1
99,45,57,99,1
99,46,121,99,1
99,47,140,99,1
99,48,97,99,1
99,49,103,99,1
99,50,107,99,1
99,51,114,99,1
99,52,39,99,1
99,53,235,99,1
99,54,115,99,1
99,55,67,99,1
99,56,227,99,1
99,57,99,99,1
99,58,99,99,1
99,59,99,99,1
99,60,49,99,1
99,61,147,99,1
99,62,151,99,1
99,63,200,99,1
100,0,38,100,1
100,1,38,100,1
100,2,38,100,1
100,3,55,100,1
100,4,98,100,1
100,5,174,100,1
100,6,39,100,1
100,7,36,100,1
100,8,46,100,1
100,9,38,100,1
100,10,38,100,1
100,11,38,100,1
100,12,179,100,1
100,13,201,100,1
100,14,25,100,1
100,15,92,100,1
100,16,98,100,1
100,17,98,100,1
100,18,98,100,1
100,19,115,100,1
100,20,38,100,1
100,21,234,100,1
100,22,114,100,1
100,23,66,100,1
100,24,226,100,1
100,25,98,100,1
100,26,98,100,1
100,27,98,100,1
100,28,59,100,1
100,29,156,100,1
100,30,145,100,1
100,31,197,100,1
100,32,70,100,1
100,33,70,100,1
100,34,70,100,1
100,35,71,100,1
100,36,66,100,1
100,37,78,100,1
100,38,87,100,1
100,39,100,100,1
100,40,206,100,1
100,41,70,100,1
100,42,70,100,1
100,43,70,100,1
100,44,131,100,1
100,45,89,100,1
100,46,137,100,1
100,47,156,100,1
100,48,100,100,1
100,49,100,100,1
100,50,100,100,1
100,51,116,100,1
100,52,36,100,1
100,53,228,100,1
100,54,117,100,1
100,55,70,100,1
100,56,236,100,1
100,57,100,100,1
100,58,100,100,1
100,59,100,100,1
100,60,56,100,1
100,61,149,100,1
100,62,152,100,1
100,63,201,100,1
101,0,22,101,1
101,1,118,101,1
101,2,182,101,1
101,3,39,101,1
101,4,114,101,1
101,5,190,101,1
101,6,55,101,1
101,7,52,101,1
101,8,62,101,1
101,9,54,101,1
101,10,54,101,1
101,11,54,101,1
101,12,19,101,1
101,13,57,101,1
101,14,121,101,1
101,15,140,101,1
101,16,97,101,1
101,17,103,101,1
101,18,107,101,1
101,19,114,101,1
101,20,39,101,1
101,21,235,101,1
101,22,115,101,1
101,23,67,101,1
101,24,227,101,1
101,25,99,101,1
101,26,99,101,1
101,27,99,101,1
101,28,49,101,1
101,29,147,101,1
101,30,151,101,1
101,31,200,101,1
101,32,118,101,1
101,33,22,101,1
101,34,214,101,1
101,35,87,101,1
101,36,82,101,1
101,37,94,101,1
101,38,71,101,1
101,39,116,101,1
101,40,222,101,1
101,41,86,101,1
101,42,86,101,1
101,43,86,101,1
101,44,35,101,1
101,45,169,101,1
101,46,233,101,1
101,47,76,101,1
101,48,103,101,1
101,49,97,101,1
101,50,109,101,1
101,51,117,101,1
101,52,37,101,1
101,53,229,101,1
101,54,116,101,1
101,55,71,101,1
101,56,237,101,1
101,57,101,101,1
101,58,101,101,1
101,59,101,101,1
101,60,50,101,1
101,61,154,101,1
101,62,158,101,1
101,63,196,101,1
102,0,6,102,1
102,1,6,102,1
102,2,6,102,1
102,3,7,102,1
102,4,2,102,1
102,5,14,102,1
102,6,7,102,1
102,7,4,102,1
102,8,14,102,1
102,9,6,102,1
102,10,6,102,1
102,11,6,102,1
102,12,3,102,1
102,13,9,102,1
102,14,9,102,1
102,15,12,102,1
102,16,96,102,1
102,17,96,102,1
102,18,96,102,1
102,19,112,102,1
102,20,32,102,1
102,21,224,102,1
102,22,112,102,1
102,23,64,102,1
102,24,224,102,1
102,25,96,102,1
102,26,96,102,1
102,27,96,102,1
102,28,48,102,1
102,29,144,102,1
102,30,144,102,1
102,31,192,102,1
102,32,102,102,1
102,33,102,102,1
102,34,102,102,1
102,35,119,102,1
102,36,34,102,1
102,37,238,102,1
102,38,119,102,1
102,39,68,102,1
102,40,238,102,1
102,41,102,102,1
102,42,102,102,1
102,43,102,102,1
102,44,51,102,1
102,45,153,102,1
102,46,153,102,1
102,47,204,102,1
102,48,102,102,1
102,49,102,102,1
102,50,102,102,1
102,51,119,102,1
102,52,34,102,1
102,53,238,102,1
102,54,119,102,1
102,55,68,102,1
102,56,238,102,1
102,57,102,102,1
102,58,102,102,1
102,59,102,102,1
102,60,51,102,1
102,61,153,102,1
102,62,153,102,1
102,63,204,102,1
103,0,54,103,1
103,1,86,103,1
103,2,150,103,1
103,3,23,103,1
103,4,18,103,1
103,5,30,103,1
103,6,23,103,1
103,7,20,103,1
103,8,30,103,1
103,9,22,103,1
103,10,22,103,1
103,11,22,103,1
103,12,163,103,1
103,13,249,103,1
103,14,105,103,1
103,15,220,103,1
103,16,99,103,1
103,17,101,103,1
103,18,105,103,1
103,19,113,103,1
103,20,33,103,1
103,21,225,103,1
103,22,113,103,1
103,23,65,103,1
103,24,225,103,1
103,25,97,103,1
103,26,97,103,1
103,27,97,103,1
103,28,58,103,1
103,29,159,103,1
103,30,150,103,1
103,31,205,103,1
103,32,86,103,1
103,33,54,103,1
103,34,246,103,1
103,35,103,103,1
103,36,50,103,1
103,37,254,103,1
103,38,103,103,1
103,39,84,103,1
103,40,254,103,1
103,41,118,103,1
103,42,118,103,1
103,43,118,103,1
103,44,147,103,1
103,45,105,103,1
103,46,249,103,1
103,47,28,103,1
103,48,101,103,1
103,49,99,103,1
103,50,111,103,1
103,51,118,103,1
103,52,35,103,1
103,53,239,103,1
103,54,118,103,1
103,55,69,103,1
103,56,239,103,1
103,57,103,103,1
103,58,103,103,1
103,59,103,103,1
103,60,57,103,1
103,61,150,103,1
103,62,159,103,1
103,63,193,103,1
104,0,230,104,1
104,1,230,104,1
104,2,230,104,1
104,3,247,104,1
104,4,162,104,1
104,5,110,104,1
104,6,247,104,1
104,7,196,104,1
104,8,110,104,1
104,9,246,104,1
104,10,198,104,1
104,11,166,104,1
104,12,83,104,1
104,13,137,104,1
104,14,217,104,1
104,15,252,104,1
104,16,110,104,1
104,17,110,104,1
104,18,110,104,1
104,19,127,104,1
104,20,42,104,1
104,21,230,104,1
104,22,127,104,1
104,23,76,104,1
104,24,230,104,1
104,25,111,104,1
104,26,108,104,1
104,27,106,104,1
104,28,53,104,1
104,29,152,104,1
104,30,157,104,1
104,31,207,104,1
104,32,134,104,1
104,33,134,104,1
104,34,134,104,1
104,35,135,104,1
104,36,130,104,1
104,37,142,104,1
104,38,135,104,1
104,39,132,104,1
104,40,142,104,1
104,41,150,104,1
104,42,166,104,1
104,43,198,104,1
104,44,99,104,1
104,45,25,104,1
104,46,73,104,1
104,47,60,104,1
104,48,104,104,1
104,49,104,104,1
104,50,104,104,1
104,51,120,104,1
104,52,40,104,1
104,53,232,104,1
104,54,120,104,1
104,55,72,104,1
104,56,232,104,1
104,57,105,104,1
104,58,106,104,1
104,59,108,104,1
104,60,54,104,1
104,61,145,104,1
104,62,148,104,1
104,63,195,104,1
105,0,214,105,1
105,1,182,105,1
105,2,118,105,1
105,3,231,105,1
105,4,178,105,1
105,5,126,105,1
105,6,231,105,1
105,7,212,105,1
105,8,126,105,1
105,9,230,105,1
105,10,214,105,1
105,11,182,105,1
105,12,243,105,1
105,13,121,105,1
105,14,185,105,1
105,15,44,105,1
105,16,109,105,1
105,17,107,105,1
105,18,103,105,1
105,19,126,105,1
105,20,43,105,1
105,21,231,105,1
105,22,126,105,1
105,23,77,105,1
105,24,231,105,1
105,25,110,105,1
105,26,109,105,1
105,27,107,105,1
105,28,63,105,1
105,29,151,105,1
105,30,155,105,1
105,31,194,105,1
105,32,182,105,1
105,33,214,105,1
105,34,22,105,1
105,35,151,105,1
105,36,146,105,1
105,37,158,105,1
105,38,151,105,1
105,39,148,105,1
105,40,158,105,1
105,41,134,105,1
105,42,182,105,1
105,43,214,105,1
105,44,195,105,1
105,45,233,105,1
105,46,41,105,1
105,47,236,105,1
105,48,107,105,1
105,49,109,105,1
105,50,97,105,1
105,51,121,105,1
105,52,41,105,1
105,53,233,105,1
105,54,121,105,1
105,55,73,105,1
105,56,233,105,1
105,57,104,105,1
105,58,107,105,1
105,59,109,105,1
105,60,60,105,1
105,61,158,105,1
105,62,146,105,1
105,63,206,105,1
106,0,198,106,1
106,1,198,106,1
106,2,198,106,1
106,3,199,106,1
106,4,194,106,1
106,5,206,106,1
106,6,215,106,1
106,7,228,106,1
106,8,78,106,1
106,9,214,106,1
106,10,230,106,1
106,11,134,106,1
106,12,227,106,1
106,13,73,106,1
106,14,201,106,1
106,15,172,106,1
106,16,108,106,1
106,17,108,106,1
106,18,108,106,1
106,19,124,106,1
106,20,44,106,1
106,21,236,106,1
106,22,125,106,1
106,23,78,106,1
106,24,228,106,1
106,25,109,106,1
106,26,110,106,1
106,27,104,106,1
106,28,62,106,1
106,29,148,106,1
106,30,156,106,1
106,31,202,106,1
106,32,166,106,1
106,33,166,106,1
106,34,166,106,1
106,35,183,106,1
106,36,226,106,1
106,37,46,106,1
106,38,167,106,1
106,39,164,106,1
106,40,174,106,1
106,41,182,106,1
106,42,134,106,1
106,43,230,106,1
106,44,211,106,1
106,45,217,106,1
106,46,89,106,1
106,47,108,106,1
106,48,106,106,1
106,49,106,106,1
106,50,106,106,1
106,51,123,106,1
106,52,46,106,1
106,53,226,106,1
106,54,122,106,1
106,55,74,106,1
106,56,234,106,1
106,57,107,106,1
106,58,104,106,1
106,59,110,106,1
106,60,61,106,1
106,61,157,106,1
106,62,149,106,1
106,63,198,106,1
107,0,246,107,1
107,1,150,107,1
107,2,86,107,1
107,3,215,107,1
107,4,210,107,1
107,5,222,107,1
107,6,199,107,1
107,7,244,107,1
107,8,94,107,1
107,9,198,107,1
107,10,246,107,1
107,11,150,107,1
107,12,67,107,1
107,13,185,107,1
107,14,169,107,1
107,15,124,107,1
107,16,111,107,1
107,17,105,107,1
107,18,101,107,1
107,19,125,107,1
107,20,45,107,1
107,21,237,107,1
107,22,124,107,1
107,23,79,107,1
107,24,229,107,1
107,25,108,107,1
107,26,111,107,1
107,27,105,107,1
107,28,52,107,1
107,29,155,107,1
107,30,154,107,1
107,31,199,107,1
107,32,150,107,1
107,33,246,107,1
107,34,54,107,1
107,35,167,107,1
107,36,242,107,1
107,37,62,107,1
107,38,183,107,1
107,39,180,107,1
107,40,190,107,1
107,41,166,107,1
107,42,150,107,1
107,43,246,107,1
107,44,115,107,1
107,45,41,107,1
107,46,57,107,1
107,47,188,107,1
107,48,105,107,1
107,49,111,107,1
107,50,99,107,1
107,51,122,107,1
107,52,47,107,1
107,53,227,107,1
107,54,123,107,1
107,55,75,107,1
107,56,235,107,1
107,57,106,107,1
107,58,105,107,1
107,59,111,107,1
107,60,55,107,1
107,61,146,107,1
107,62,147,107,1
107,63,203,107,1
108,0,166,108,1
108,1,166,108,1
108,2,166,108,1
108,3,183,108,1
108,4,226,108,1
108,5,46,108,1
108,6,167,108,1
108,7,164,108,1
108,8,174,108,1
108,9,182,108,1
108,10,134,108,1
108,11,230,108,1
108,12,211,108,1
108,13,217,108,1
108,14,89,108,1
108,15,108,108,1
108,16,106,108,1
108,17,106,108,1
108,18,106,108,1
108,19,123,108,1
108,20,46,108,1
108,21,226,108,1
108,22,122,108,1
108,23,74,108,1
108,24,234,108,1
108,25,107,108,1
108,26,104,108,1
108,27,110,108,1
108,28,61,108,1
108,29,157,108,1
108,30,149,108,1
108,31,198,108,1
108,32,198,108,1
108,33,198,108,1
108,34,198,108,1
108,35,199,108,1
108,36,194,108,1
108,37,206,108,1
108,38,215,108,1
108,39,228,108,1
108,40,78,108,1
108,41,214,108,1
108,42,230,108,1
108,43,134,108,1
108,44,227,108,1
108,45,73,108,1
108,46,201,108,1
108,47,172,108,1
108,48,108,108,1
108,49,108,108,1
108,50,108,108,1
108,51,124,108,1
108,52,44,108,1
108,53,236,108,1
108,54,125,108,1
108,55,78,108,1
108,56,228,108,1
108,57,109,108,1
108,58,110,108,1
108,59,104,108,1
108,60,62,108,1
108,61,148,108,1
108,62,156,108,1
108,63,202,108,1
109,0,150,109,1
109,1,246,109,1
109,2,54,109,1
109,3,167,109,1
109,4,242,109,1
109,5,62,109,1
109,6,183,109,1
109,7,180,109,1
109,8,190,109,1
109,9,166,109,1
109,10,150,109,1
109,11,246,109,1
109,12,115,109,1
109,13,41,109,1
109,14,57,109,1
109,15,188,109,1
109,16,105,109,1
109,17,111,109,1
109,18,99,109,1
109,19,122,109,1
109,20,47,109,1
109,21,227,109,1
109,22,123,109,1
109,23,75,109,1
109,24,235,109,1
109,25,106,109,1
109,26,105,109,1
109,27,111,109,1
109,28,55,109,1
109,29,146,109,1
109,30,147,109,1
109,31,203,109,1
109,32,246,109,1
109,33,150,109,1
109,34,86,109,1
109,35,215,109,1
109,36,210,109,1
109,37,222,109,1
109,38,199,109,1
109,39,244,109,1
109,40,94,109,1
109,41,198,109,1
109,42,246,109,1
109,43,150,109,1
109,44,67,109,1
109,45,185,109,1
109,46,169,109,1
109,47,124,109,1
109,48,111,109,1
109,49,105,109,1
109,50,101,109,1
109,51,125,109,1
109,52,45,109,1
109,53,237,109,1
109,54,124,109,1
109,55,79,109,1
109,56,229,109,1
109,57,108,109,1
109,58,111,109,1
109,59,105,109,1
109,60,52,109,1
109,61,155,109,1
109,62,154,109,1
109,63,199,109,1
110,0,134,110,1
110,1,134,110,1
110,2,134,110,1
110,3,135,110,1
110,4,130,110,1
110,5,142,110,1
110,6,135,110,1
110,7,132,110,1
110,8,142,110,1
110,9,150,110,1
110,10,166,110,1
110,11,198,110,1
110,12,99,110,1
110,13,25,110,1
110,14,73,110,1
110,15,60,110,1
110,16,104,110,1
110,17,104,110,1
110,18,104,110,1
110,19,120,110,1
110,20,40,110,1
110,21,232,110,1
110,22,120,110,1
110,23,72,110,1
110,24,232,110,1
110,25,105,110,1
110,26,106,110,1
110,27,108,110,1
110,28,54,110,1
110,29,145,110,1
110,30,148,110,1
110,31,195,110,1
110,32,230,110,1
110,33,230,110,1
110,34,230,110,1
110,35,247,110,1
110,36,162,110,1
110,37,110,110,1
110,38,247,110,1
110,39,196,110,1
110,40,110,110,1
110,41,246,110,1
110,42,198,110,1
110,43,166,110,1
110,44,83,110,1
110,45,137,110,1
110,46,217,110,1
110,47,252,110,1
110,48,110,110,1
110,49,110,110,1
110,50,110,110,1
110,51,127,110,1
110,52,42,110,1
110,53,230,110,1
110,54,127,110,1
110,55,76,110,1
110,56,230,110,1
110,57,111,110,1
110,58,108,110,1
110,59,106,110,1
110,60,53,110,1
110,61,152,110,1
110,62,157,110,1
110,63,207,110,1
111,0,182,111,1
111,1,214,111,1
111,2,22,111,1
111,3,151,111,1
111,4,146,111,1
111,5,158,111,1
111,6,151,111,1
111,7,148,111,1
111,8,158,111,1
111,9,134,111,1
111,10,182,111,1
111,11,214,111,1
111,12,195,111,1
111,13,233,111,1
111,14,41,111,1
111,15,236,111,1
111,16,107,111,1
111,17,109,111,1
111,18,97,111,1
111,19,121,111,1
111,20,41,111,1
111,21,233,111,1
111,22,121,111,1
111,23,73,111,1
111,24,233,111,1
111,25,104,111,1
111,26,107,111,1
111,27,109,111,1
111,28,60,111,1
111,29,158,111,1
111,30,146,111,1
111,31,206,111,1
111,32,214,111,1
111,33,182,111,1
111,34,118,111,1
111,35,231,111,1
111,36,178,111,1
111,37,126,111,1
111,38,231,111,1
111,39,212,111,1
111,40,126,111,1
111,41,230,111,1
111,42,214,111,1
111,43,182,111,1
111,44,243,111,1
111,45,121,111,1
111,46,185,111,1
111,47,44,111,1
111,48,109,111,1
111,49,107,111,1
111,50,103,111,1
111,51,126,111,1
111,52,43,111,1
111,53,231,111,1
111,54,126,111,1
111,55,77,111,1
111,56,231,111,1
111,57,110,111,1
111,58,109,111,1
111,59,107,111,1
111,60,63,111,1
111,61,151,111,1
111,62,155,111,1
111,63,194,111,1
112,0,85,112,1
112,1,51,112,1
112,2,255,112,1
112,3,102,112,1
112,4,51,112,1
112,5,255,112,1
112,6,102,112,1
112,7,85,112,1
112,8,255,112,1
112,9,119,112,1
112,10,119,112,1
112,11,119,112,1
112,12,153,112,1
112,13,102,112,1
112,14,255,112,1
112,15,17,112,1
112,16,85,112,1
112,17,51,112,1
112,18,255,112,1
112,19,102,112,1
112,20,51,112,1
112,21,255,112,1
112,22,102,112,1
112,23,85,112,1
112,24,255,112,1
112,25,119,112,1
112,26,119,112,1
112,27,119,112,1
112,28,153,112,1
112,29,102,112,1
112,30,255,112,1
112,31,17,112,1
112,32,5,112,1
112,33,3,112,1
112,34,15,112,1
112,35,6,112,1
112,36,3,112,1
112,37,15,112,1
112,38,6,112,1
112,39,5,112,1
112,40,15,112,1
112,41,7,112,1
112,42,7,112,1
112,43,7,112,1
112,44,9,112,1
112,45,6,112,1
112,46,15,112,1
112,47,1,112,1
112,48,80,112,1
112,49,48,112,1
112,50,240,112,1
112,51,96,112,1
112,52,48,112,1
112,53,240,112,1
112,54,96,112,1
112,55,80,112,1
112,56,240,112,1
112,57,112,112,1
112,58,112,112,1
112,59,112,112,1
112,60,144,112,1
112,61,96,112,1
112,62,240,112,1
112,63,16,112,1
113,0,101,113,1
113,1,99,113,1
113,2,111,113,1
113,3,118,113,1
113,4,35,113,1
113,5,239,113,1
113,6,118,113,1
113,7,69,113,1
113,8,239,113,1
113,9,103,113,1
113,10,103,113,1
113,11,103,113,1
113,12,57,113,1
113,13,150,113,1
113,14,159,113,1
113,15,193,113,1
113,16,86,113,1
113,17,54,113,1
113,18,246,113,1
113,19,103,113,1
113,20,50,113,1
113,21,254,113,1
113,22,103,113,1
113,23,84,113,1
113,24,254,113,1
113,25,118,113,1
113,26,118,113,1
113,27,118,113,1
113,28,147,113,1
113,29,105,113,1
113,30,249,113,1
113,31,28,113,1
113,32,53,113,1
113,33,83,113,1
113,34,159,113,1
113,35,22,113,1
113,36,19,113,1
113,37,31,113,1
113,38,22,113,1
113,39,21,113,1
113,40,31,113,1
113,41,23,113,1
113,42,23,113,1
113,43,23,113,1
113,44,169,113,1
113,45,246,113,1
113,46,111,113,1
113,47,209,113,1
113,48,83,113,1
113,49,53,113,1
113,50,249,113,1
113,51,97,113,1
113,52,49,113,1
113,53,241,113,1
113,54,97,113,1
113,55,81,113,1
113,56,241,113,1
113,57,113,113,1
113,58,113,113,1
113,59,113,113,1
113,60,154,113,1
113,61,111,113,1
113,62,246,113,1
113,63,29,113,1
114,0,117,114,1
114,1,19,114,1
114,2,223,114,1
114,3,86,114,1
114,4,83,114,1
114,5,95,114,1
114,6,70,114,1
114,7,117,114,1
114,8,223,114,1
114,9,87,114,1
114,10,87,114,1
114,11,87,114,1
114,12,41,114,1
114,13,166,114,1
114,14,239,114,1
114,15,65,114,1
114,16,87,114,1
114,17,49,114,1
114,18,253,114,1
114,19,101,114,1
114,20,53,114,1
114,21,245,114,1
114,22,100,114,1
114,23,87,114,1
114,24,253,114,1
114,25,117,114,1
114,26,117,114,1
114,27,117,114,1
114,28,146,114,1
114,29,106,114,1
114,30,254,114,1
114,31,20,114,1
114,32,37,114,1
114,33,35,114,1
114,34,47,114,1
114,35,54,114,1
114,36,99,114,1
114,37,175,114,1
114,38,38,114,1
114,39,37,114,1
114,40,47,114,1
114,41,39,114,1
114,42,39,114,1
114,43,39,114,1
114,44,185,114,1
114,45,198,114,1
114,46,31,114,1
114,47,81,114,1
114,48,82,114,1
114,49,50,114,1
114,50,242,114,1
114,51,99,114,1
114,52,54,114,1
114,53,250,114,1
114,54,98,114,1
114,55,82,114,1
114,56,242,114,1
114,57,114,114,1
114,58,114,114,1
114,59,114,114,1
114,60,155,114,1
114,61,108,114,1
114,62,241,114,1
114,63,21,114,1
115,0,69,115,1
115,1,67,115,1
115,2,79,115,1
115,3,70,115,1
115,4,67,115,1
115,5,79,115,1
115,6,86,115,1
115,7,101,115,1
115,8,207,115,1
115,9,71,115,1
115,10,71,115,1
115,11,71,115,1
115,12,137,115,1
115,13,86,115,1
115,14,143,115,1
115,15,145,115,1
115,16,84,115,1
115,17,52,115,1
115,18,244,115,1
115,19,100,115,1
115,20,52,115,1
115,21,244,115,1
115,22,101,115,1
115,23,86,115,1
115,24,252,115,1
115,25,116,115,1
115,26,116,115,1
115,27,116,115,1
115,28,152,115,1
115,29,101,115,1
115,30,248,115,1
115,31,25,115,1
115,32,21,115,1
115,33,115,115,1
115,34,191,115,1
115,35,38,115,1
115,36,115,115,1
115,37,191,115,1
115,38,54,115,1
115,39,53,115,1
115,40,63,115,1
115,41,55,115,1
115,42,55,115,1
115,43,55,115,1
115,44,25,115,1
115,45,54,115,1
115,46,127,115,1
115,47,129,115,1
115,48,81,115,1
115,49,55,115,1
115,50,251,115,1
115,51,98,115,1
115,52,55,115,1
115,53,251,115,1
115,54,99,115,1
115,55,83,115,1
115,56,243,115,1
115,57,115,115,1
115,58,115,115,1
115,59,115,115,1
115,60,145,115,1
115,61,99,115,1
115,62,247,115,1
115,63,24,115,1
116,0,21,116,1
116,1,115,116,1
116,2,191,116,1
116,3,38,116,1
116,4,115,116,1
116,5,191,116,1
116,6,54,116,1
116,7,53,116,1
116,8,63,116,1
116,9,55,116,1
116,10,55,116,1
116,11,55,116,1
116,12,25,116,1
116,13,54,116,1
116,14,127,116,1
116,15,129,116,1
116,16,81,116,1
116,17,55,116,1
116,18,251,116,1
116,19,98,116,1
116,20,55,116,1
116,21,251,116,1
116,22,99,116,1
116,23,83,116,1
116,24,243,116,1
116,25,115,116,1
116,26,115,116,1
116,27,115,116,1
116,28,145,116,1
116,29,99,116,1
116,30,247,116,1
116,31,24,116,1
116,32,69,116,1
116,33,67,116,1
116,34,79,116,1
116,35,70,116,1
116,36,67,116,1
116,37,79,116,1
116,38,86,116,1
116,39,101,116,1
116,40,207,116,1
116,41,71,116,1
116,42,71,116,1
116,43,71,116,1
116,44,137,116,1
116,45,86,116,1
116,46,143,116,1
116,47,145,116,1
116,48,84,116,1
116,49,52,116,1
116,50,244,116,1
116,51,100,116,1
116,52,52,116,1
116,53,244,116,1
116,54,101,116,1
116,55,86,116,1
116,56,252,116,1
116,57,116,116,1
116,58,116,116,1
116,59,116,116,1
116,60,152,116,1
116,61,101,116,1
116,62,248,116,1
116,63,25,116,1
117,0,37,117,1
117,1,35,117,1
117,2,47,117,1
117,3,54,117,1
117,4,99,117,1
117,5,175,117,1
117,6,38,117,1
117,7,37,117,1
117,8,47,117,1
117,9,39,117,1
117,10,39,117,1
117,11,39,117,1
117,12,185,117,1
117,13,198,117,1
117,14,31,117,1
117,15,81,117,1
117,16,82,117,1
117,17,50,117,1
117,18,242,117,1
117,19,99,117,1
117,20,54,117,1
117,21,250,117,1
117,22,98,117,1
117,23,82,117,1
117,24,242,117,1
117,25,114,117,1
117,26,114,117,1
117,27,114,117,1
117,28,155,117,1
117,29,108,117,1
117,30,241,117,1
117,31,21,117,1
117,32,117,117,1
117,33,19,117,1
117,34,223,117,1
117,35,86,117,1
117,36,83,117,1
117,37,95,117,1
117,38,70,117,1
117,39,117,117,1
117,40,223,117,1
117,41,87,117,1
117,42,87,117,1
117,43,87,117,1
117,44,41,117,1
117,45,166,117,1
117,46,239,117,1
117,47,65,117,1
117,48,87,117,1
117,49,49,117,1
117,50,253,117,1
117,51,101,117,1
117,52,53,117,1
117,53,245,117,1
117,54,100,117,1
117,55,87,117,1
117,56,253,117,1
117,57,117,117,1
117,58,117,117,1
117,59,117,117,1
117,60,146,117,1
117,61,106,117,1
117,62,254,117,1
117,63,20,117,1
118,0,53,118,1
118,1,83,118,1
118,2,159,118,1
118,3,22,118,1
118,4,19,118,1
118,5,31,118,1
118,6,22,118,1
118,7,21,118,1
118,8,31,118,1
118,9,23,118,1
118,10,23,118,1
118,11,23,118,1
118,12,169,118,1
118,13,246,118,1
118,14,111,118,1
118,15,209,118,1
118,16,83,118,1
118,17,53,118,1
118,18,249,118,1
118,19,97,118,1
118,20,49,118,1
118,21,241,118,1
118,22,97,118,1
118,23,81,118,1
118,24,241,118,1
118,25,113,118,1
118,26,113,118,1
118,27,113,118,1
118,28,154,118,1
118,29,111,118,1
118,30,246,118,1
118,31,29,118,1
118,32,101,118,1
118,33,99,118,1
118,34,111,118,1
118,35,118,118,1
118,36,35,118,1
118,37,239,118,1
118,38,118,118,1
118,39,69,118,1
118,40,239,118,1
118,41,103,118,1
118,42,103,118,1
118,43,103,118,1
118,44,57,118,1
118,45,150,118,1
118,46,159,118,1
118,47,193,118,1
118,48,86,118,1
118,49,54,118,1
118,50,246,118,1
118,51,103,118,1
118,52,50,118,1
118,53,254,118,1
118,54,103,118,1
118,55,84,118,1
118,56,254,118,1
118,57,118,118,1
118,58,118,118,1
118,59,118,118,1
118,60,147,118,1
118,61,105,118,1
118,62,249,118,1
118,63,28,118,1
119,0,5,119,1
119,1,3,119,1
119,2,15,119,1
119,3,6,119,1
119,4,3,119,1
119,5,15,119,1
119,6,6,119,1
119,7,5,119,1
119,8,15,119,1
119,9,7,119,1
119,10,7,119,1
119,11,7,119,1
119,12,9,119,1
119,13,6,119,1
119,14,15,119,1
119,15,1,119,1
119,16,80,119,1
119,17,48,119,1
119,18,240,119,1
119,19,96,119,1
119,20,48,119,1
119,21,240,119,1
119,22,96,119,1
119,23,80,119,1
119,24,240,119,1
119,25,112,119,1
119,26,112,119,1
119,27,112,119,1
119,28,144,119,1
119,29,96,119,1
119,30,240,119,1
119,31,16,119,1
119,32,85,119,1
119,33,51,119,1
119,34,255,119,1
119,35,102,119,1
119,36,51,119,1
119,37,255,119,1
119,38,102,119,1
119,39,85,119,1
119,40,255,119,1
119,41,119,119,1
119,42,119,119,1
119,43,119,119,1
119,44,153,119,1
119,45,102,119,1
119,46,255,119,1
119,47,17,119,1
119,48,85,119,1
119,49,51,119,1
119,50,255,119,1
119,51,102,119,1
119,52,51,119,1
119,53,255,119,1
119,54,102,119,1
119,55,85,119,1
119,56,255,119,1
119,57,119,119,1
119,58,119,119,1
119,59,119,119,1
119,60,153,119,1
119,61,102,119,1
119,62,255,119,1
119,63,17,119,1
120,0,213,120,1
120,1,179,120,1
120,2,127,120,1
120,3,230,120,1
120,4,179,120,1
120,5,127,120,1
120,6,230,120,1
120,7,213,120,1
120,8,127,120,1
120,9,231,120,1
120,10,215,120,1
120,11,183,120,1
120,12,249,120,1
120,13,118,120,1
120,14,191,120,1
120,15,33,120,1
120,16,93,120,1
120,17,59,120,1
120,18,247,120,1
120,19,110,120,1
120,20,59,120,1
120,21,247,120,1
120,22,110,120,1
120,23,93,120,1
120,24,247,120,1
120,25,126,120,1
120,26,125,120,1
120,27,123,120,1
120,28,159,120,1
120,29,103,120,1
120,30,251,120,1
120,31,18,120,1
120,32,133,120,1
120,33,131,120,1
120,34,143,120,1
120,35,134,120,1
120,36,131,120,1
120,37,143,120,1
120,38,134,120,1
120,39,133,120,1
120,40,143,120,1
120,41,151,120,1
120,42,167,120,1
120,43,199,120,1
120,44,105,120,1
120,45,22,120,1
120,46,79,120,1
120,47,49,120,1
120,48,88,120,1
120,49,56,120,1
120,50,248,120,1
120,51,104,120,1
120,52,56,120,1
120,53,248,120,1
120,54,104,120,1
120,55,88,120,1
120,56,248,120,1
120,57,121,120,1
120,58,122,120,1
120,59,124,120,1
120,60,150,120,1
120,61,97,120,1
120,62,244,120,1
120,63,19,120,1
121,0,229,121,1
121,1,227,121,1
121,2,239,121,1
121,3,246,121,1
121,4,163,121,1
121,5,111,121,1
121,6,246,121,1
121,7,197,121,1
121,8,111,121,1
121,9,247,121,1
121,10,199,121,1
121,11,167,121,1
121,12,89,121,1
121,13,134,121,1
121,14,223,121,1
121,15,241,121,1
121,16,94,121,1
121,17,62,121,1
121,18,254,121,1
121,19,111,121,1
121,20,58,121,1
121,21,246,121,1
121,22,111,121,1
121,23,92,121,1
121,24,246,121,1
121,25,127,121,1
121,26,124,121,1
121,27,122,121,1
121,28,149,121,1
121,29,104,121,1
121,30,253,121,1
121,31,31,121,1
121,32,181,121,1
121,33,211,121,1
121,34,31,121,1
121,35,150,121,1
121,36,147,121,1
121,37,159,121,1
121,38,150,121,1
121,39,149,121,1
121,40,159,121,1
121,41,135,121,1
121,42,183,121,1
121,43,215,121,1
121,44,201,121,1
121,45,230,121,1
121,46,47,121,1
121,47,225,121,1
121,48,91,121,1
121,49,61,121,1
121,50,241,121,1
121,51,105,121,1
121,52,57,121,1
121,53,249,121,1
121,54,105,121,1
121,55,89,121,1
121,56,249,121,1
121,57,120,121,1
121,58,123,121,1
121,59,125,121,1
121,60,156,121,1
121,61,110,121,1
121,62,242,121,1
121,63,30,121,1
122,0,245,122,1
122,1,147,122,1
122,2,95,122,1
122,3,214,122,1
122,4,211,122,1
122,5,223,122,1
122,6,198,122,1
122,7,245,122,1
122,8,95,122,1
122,9,199,122,1
122,10,247,122,1
122,11,151,122,1
122,12,73,122,1
122,13,182,122,1
122,14,175,122,1
122,15,113,122,1
122,16,95,122,1
122,17,57,122,1
122,18,245,122,1
122,19,109,122,1
122,20,61,122,1
122,21,253,122,1
122,22,108,122,1
122,23,95,122,1
122,24,245,122,1
122,25,124,122,1
122,26,127,122,1
122,27,121,122,1
122,28,148,122,1
122,29,107,122,1
122,30,250,122,1
122,31,23,122,1
122,32,165,122,1
122,33,163,122,1
122,34,175,122,1
122,35,182,122,1
122,36,227,122,1
122,37,47,122,1
122,38,166,122,1
122,39,165,122,1
122,40,175,122,1
122,41,183,122,1
122,42,135,122,1
122,43,231,122,1
122,44,217,122,1
122,45,214,122,1
122,46,95,122,1
122,47,97,122,1
122,48,90,122,1
122,49,58,122,1
122,50,250,122,1
122,51,107,122,1
122,52,62,122,1
122,53,242,122,1
122,54,106,122,1
122,55,90,122,1
122,56,250,122,1
122,57,123,122,1
122,58,120,122,1
122,59,126,122,1
122,60,157,122,1
122,61,109,122,1
122,62,245,122,1
122,63,22,122,1
123,0,197,123,1
123,1,195,123,1
123,2,207,123,1
123,3,198,123,1
123,4,195,123,1
123,5,207,123,1
123,6,214,123,1
123,7,229,123,1
123,8,79,123,1
123,9,215,123,1
123,10,231,123,1
123,11,135,123,1
123,12,233,123,1
123,13,70,123,1
123,14,207,123,1
123,15,161,123,1
123,16,92,123,1
123,17,60,123,1
123,18,252,123,1
123,19,108,123,1
123,20,60,123,1
123,21,252,123,1
123,22,109,123,1
123,23,94,123,1
123,24,244,123,1
123,25,125,123,1
123,26,126,123,1
123,27,120,123,1
123,28,158,123,1
123,29,100,123,1
123,30,252,123,1
123,31,26,123,1
123,32,149,123,1
123,33,243,123,1
123,34,63,123,1
123,35,166,123,1
123,36,243,123,1
123,37,63,123,1
123,38,182,123,1
123,39,181,123,1
123,40,191,123,1
123,41,167,123,1
123,42,151,123,1
123,43,247,123,1
123,44,121,123,1
123,45,38,123,1
123,46,63,123,1
123,47,177,123,1
123,48,89,123,1
123,49,63,123,1
123,50,243,123,1
123,51,106,123,1
123,52,63,123,1
123,53,243,123,1
123,54,107,123,1
123,55,91,123,1
123,56,251,123,1
123,57,122,123,1
123,58,121,123,1
123,59,127,123,1
123,60,151,123,1
123,61,98,123,1
123,62,243,123,1
123,63,27,123,1
124,0,149,124,1
124,1,243,124,1
124,2,63,124,1
124,3,166,124,1
124,4,243,124,1
124,5,63,124,1
124,6,182,124,1
124,7,181,124,1
124,8,191,124,1
124,9,167,124,1
124,10,151,124,1
124,11,247,124,1
124,12,121,124,1
124,13,38,124,1
124,14,63,124,1
124,15,177,124,1
124,16,89,124,1
124,17,63,124,1
124,18,243,124,1
124,19,106,124,1
124,20,63,124,1
124,21,243,124,1
124,22,107,124,1
124,23,91,124,1
124,24,251,124,1
124,25,122,124,1
124,26,121,124,1
124,27,127,124,1
124,28,151,124,1
124,29,98,124,1
124,30,243,124,1
124,31,27,124,1
124,32,197,124,1
124,33,195,124,1
124,34,207,124,1
124,35,198,124,1
124,36,195,124,1
124,37,207,124,1
124,38,214,124,1
124,39,229,124,1
124,40,79,124,1
124,41,215,124,1
124,42,231,124,1
124,43,135,124,1
124,44,233,124,1
124,45,70,124,1
124,46,207,124,1
124,47,161,124,1
124,48,92,124,1
124,49,60,124,1
124,50,252,124,1
124,51,108,124,1
124,52,60,124,1
124,53,252,124,1
124,54,109,124,1
124,55,94,124,1
124,56,244,124,1
124,57,125,124,1
124,58,126,124,1
124,59,120,124,1
124,60,158,124,1
124,61,100,124,1
124,62,252,124,1
124,63,26,124,1
125,0,165,125,1
125,1,163,125,1
125,2,175,125,1
125,3,182,125,1
125,4,227,125,1
125,5,47,125,1
125,6,166,125,1
125,7,165,125,1
125,8,175,125,1
125,9,183,125,1
125,10,135,125,1
125,11,231,125,1
125,12,217,125,1
125,13,214,125,1
125,14,95,125,1
125,15,97,125,1
125,16,90,125,1
125,17,58,125,1
125,18,250,125,1
125,19,107,125,1
125,20,62,125,1
125,21,242,125,1
125,22,106,125,1
125,23,90,125,1
125,24,250,125,1
125,25,123,125,1
125,26,120,125,1
125,27,126,125,1
125,28,157,125,1
125,29,109,125,1
125,30,245,125,1
125,31,22,125,1
125,32,245,125,1
125,33,147,125,1
125,34,95,125,1
125,35,214,125,1
125,36,211,125,1
125,37,223,125,1
125,38,198,125,1
125,39,245,125,1
125,40,95,125,1
125,41,199,125,1
125,42,247,125,1
125,43,151,125,1
125,44,73,125,1
125,45,182,125,1
125,46,175,125,1
125,47,113,125,1
125,48,95,125,1
125,49,57,125,1
125,50,245,125,1
125,51,109,125,1
125,52,61,125,1
125,53,253,125,1
125,54,108,125,1
125,55,95,125,1
125,56,245,125,1
125,57,124,125,1
125,58,127,125,1
125,59,121,125,1
125,60,148,125,1
125,61,107,125,1
125,62,250,125,1
125,63,23,125,1
126,0,181,126,1
126,1,211,126,1
126,2,31,126,1
126,3,150,126,1
126,4,147,126,1
126,5,159,126,1
126,6,150,126,1
126,7,149,126,1
126,8,159,126,1
126,9,135,126,1
126,10,183,126,1
126,11,215,126,1
126,12,201,126,1
126,13,230,126,1
126,14,47,126,1
126,15,225,126,1
126,16,91,126,1
126,17,61,126,1
126,18,241,126,1
126,19,105,126,1
126,20,57,126,1
126,21,249,126,1
126,22,105,126,1
126,23,89,126,1
126,24,249,126,1
126,25,120,126,1
126,26,123,126,1
126,27,125,126,1
126,28,156,126,1
126,29,110,126,1
126,30,242,126,1
126,31,30,126,1
126,32,229,126,1
126,33,227,126,1
126,34,239,126,1
126,35,246,126,1
126,36,163,126,1
126,37,111,126,1
126,38,246,126,1
126,39,197,126,1
126,40,111,126,1
126,41,247,126,1
126,42,199,126,1
126,43,167,126,1
126,44,89,126,1
126,45,134,126,1
126,46,223,126,1
126,47,241,126,1
126,48,94,126,1
126,49,62,126,1
126,50,254,126,1
126,51,111,126,1
126,52,58,126,1
126,53,246,126,1
126,54,111,126,1
126,55,92,126,1
126,56,246,126,1
126,57,127,126,1
126,58,124,126,1
126,59,122,126,1
126,60,149,126,1
126,61,104,126,1
126,62,253,126,1
126,63,31,126,1
127,0,133,127,1
127,1,131,127,1
127,2,143,127,1
127,3,134,127,1
127,4,131,127,1
127,5,143,127,1
127,6,134,127,1
127,7,133,127,1
127,8,143,127,1
127,9,151,127,1
127,10,167,127,1
127,11,199,127,1
127,12,105,127,1
127,13,22,127,1
127,14,79,127,1
127,15,49,127,1
127,16,88,127,1
127,17,56,127,1
127,18,248,127,1
127,19,104,127,1
127,20,56,127,1
127,21,248,127,1
127,22,104,127,1
127,23,88,127,1
127,24,248,127,1
127,25,121,127,1
127,26,122,127,1
127,27,124,127,1
127,28,150,127,1
127,29,97,127,1
127,30,244,127,1
127,31,19,127,1
127,32,213,127,1
127,33,179,127,1
127,34,127,127,1
127,35,230,127,1
127,36,179,127,1
127,37,127,127,1
127,38,230,127,1
127,39,213,127,1
127,40,127,127,1
127,41,231,127,1
127,42,215,127,1
127,43,183,127,1
127,44,249,127,1
127,45,118,127,1
127,46,191,127,1
127,47,33,127,1
127,48,93,127,1
127,49,59,127,1
127,50,247,127,1
127,51,110,127,1
127,52,59,127,1
127,53,247,127,1
127,54,110,127,1
127,55,93,127,1
127,56,247,127,1
127,57,126,127,1
127,58,125,127,1
127,59,123,127,1
127,60,159,127,1
127,61,103,127,1
127,62,251,127,1
127,63,18,127,1
128,0,136,128,1
128,1,136,128,1
128,2,136,128,1
128,3,136,128,1
128,4,136,128,1
128,5,136,128,1
128,6,136,128,1
128,7,136,128,1
128,8,136,128,1
128,9,153,128,1
128,10,170,128,1
128,11,204,128,1
128,12,102,128,1
128,13,17,128,1
128,14,68,128,1
128,15,51,128,1
128,16,136,128,1
128,17,136,128,1
128,18,136,128,1
128,19,136,128,1
128,20,136,128,1
128,21,136,128,1
128,22,136,128,1
128,23,136,128,1
128,24,136,128,1
128,25,153,128,1
128,26,170,128,1
128,27,204,128,1
128,28,102,128,1
128,29,17,128,1
128,30,68,128,1
128,31,51,128,1
128,32,8,128,1
128,33,8,128,1
128,34,8,128,1
128,35,8,128,1
128,36,8,128,1
128,37,8,128,1
128,38,8,128,1
128,39,8,128,1
128,40,8,128,1
128,41,9,128,1
128,42,10,128,1
128,43,12,128,1
128,44,6,128,1
128,45,1,128,1
128,46,4,128,1
128,47,3,128,1
128,48,128,128,1
128,49,128,128,1
128,50,128,128,1
128,51,128,128,1
128,52,128,128,1
128,53,128,128,1
128,54,128,128,1
128,55,128,128,1
128,56,128,128,1
128,57,144,128,1
128,58,160,128,1
128,59,192,128,1
128,60,96,128,1
128,61,16,128,1
128,62,64,128,1
128,63,48,128,1
129,0,184,129,1
129,1,216,129,1
129,2,24,129,1
129,3,152,129,1
129,4,152,129,1
129,5,152,129,1
129,6,152,129,1
129,7,152,129,1
129,8,152,129,1
129,9,137,129,1
129,10,186,129,1
129,11,220,129,1
129,12,198,129,1
129,13,225,129,1
129,14,36,129,1
129,15,227,129,1
129,16,139,129,1
129,17,141,129,1
129,18,129,129,1
129,19,137,129,1
129,20,137,129,1
129,21,137,129,1
129,22,137,129,1
129,23,137,129,1
129,24,137,129,1
129,25,152,129,1
129,26,171,129,1
129,27,205,129,1
129,28,108,129,1
129,29,30,129,1
129,30,66,129,1
129,31,62,129,1
129,32,56,129,1
129,33,88,129,1
129,34,152,129,1
129,35,24,129,1
129,36,24,129,1
129,37,24,129,1
129,38,24,129,1
129,39,24,129,1
129,40,24,129,1
129,41,25,129,1
129,42,26,129,1
129,43,28,129,1
129,44,166,129,1
129,45,241,129,1
129,46,100,129,1
129,47,211,129,1
129,48,131,129,1
129,49,133,129,1
129,50,137,129,1
129,51,129,129,1
129,52,129,129,1
129,53,129,129,1
129,54,129,129,1
129,55,129,129,1
129,56,129,129,1
129,57,145,129,1
129,58,161,129,1
129,59,193,129,1
129,60,106,129,1
129,61,31,129,1
129,62,70,129,1
129,63,61,129,1
130,0,168,130,1
130,1,168,130,1
130,2,168,130,1
130,3,184,130,1
130,4,232,130,1
130,5,40,130,1
130,6,168,130,1
130,7,168,130,1
130,8,168,130,1
130,9,185,130,1
130,10,138,130,1
130,11,236,130,1
130,12,214,130,1
130,13,209,130,1
130,14,84,130,1
130,15,99,130,1
130,16,138,130,1
130,17,138,130,1
130,18,138,130,1
130,19,139,130,1
130,20,142,130,1
130,21,130,130,1
130,22,138,130,1
130,23,138,130,1
130,24,138,130,1
130,25,155,130,1
130,26,168,130,1
130,27,206,130,1
130,28,109,130,1
130,29,29,130,1
130,30,69,130,1
130,31,54,130,1
130,32,40,130,1
130,33,40,130,1
130,34,40,130,1
130,35,56,130,1
130,36,104,130,1
130,37,168,130,1
130,38,40,130,1
130,39,40,130,1
130,40,40,130,1
130,41,41,130,1
130,42,42,130,1
130,43,44,130,1
130,44,182,130,1
130,45,193,130,1
130,46,20,130,1
130,47,83,130,1
130,48,130,130,1
130,49,130,130,1
130,50,130,130,1
130,51,131,130,1
130,52,134,130,1
130,53,138,130,1
130,54,130,130,1
130,55,130,130,1
130,56,130,130,1
130,57,146,130,1
130,58,162,130,1
130,59,194,130,1
130,60,107,130,1
130,61,28,130,1
130,62,65,130,1
130,63,53,130,1
131,0,152,131,1
131,1,248,131,1
131,2,56,131,1
131,3,168,131,1
131,4,248,131,1
131,5,56,131,1
131,6,184,131,1
131,7,184,131,1
131,8,184,131,1
131,9,169,131,1
131,10,154,131,1
131,11,252,131,1
131,12,118,131,1
131,13,33,131,1
131,14,52,131,1
131,15,179,131,1
131,16,137,131,1
131,17,143,131,1
131,18,131,131,1
131,19,138,131,1
131,20,143,131,1
131,21,131,131,1
131,22,139,131,1
131,23,139,131,1
131,24,139,131,1
131,25,154,131,1
131,26,169,131,1
131,27,207,131,1
131,28,103,131,1
131,29,18,131,1
131,30,67,131,1
131,31,59,131,1
131,32,24,131,1
131,33,120,131,1
131,34,184,131,1
131,35,40,131,1
131,36,120,131,1
131,37,184,131,1
131,38,56,131,1
131,39,56,131,1
131,40,56,131,1
131,41,57,131,1
131,42,58,131,1
131,43,60,131,1
131,44,22,131,1
131,45,49,131,1
131,46,116,131,1
131,47,131,131,1
131,48,129,131,1
131,49,135,131,1
131,50,139,131,1
131,51,130,131,1
131,52,135,131,1
131,53,139,131,1
131,54,131,131,1
131,55,131,131,1
131,56,131,131,1
131,57,147,131,1
131,58,163,131,1
131,59,195,131,1
131,60,97,131,1
131,61,19,131,1
131,62,71,131,1
131,63,56,131,1
132,0,200,132,1
132,1,200,132,1
132,2,200,132,1
132,3,200,132,1
132,4,200,132,1
132,5,200,132,1
132,6,216,132,1
132,7,232,132,1
132,8,72,132,1
132,9,217,132,1
132,10,234,132,1
132,11,140,132,1
132,12,230,132,1
132,13,65,132,1
132,14,196,132,1
132,15,163,132,1
132,16,140,132,1
132,17,140,132,1
132,18,140,132,1
132,19,140,132,1
132,20,140,132,1
132,21,140,132,1
132,22,141,132,1
132,23,142,132,1
132,24,132,132,1
132,25,157,132,1
132,26,174,132,1
132,27,200,132,1
132,28,110,132,1
132,29,20,132,1
132,30,76,132,1
132,31,58,132,1
132,32,72,132,1
132,33,72,132,1
132,34,72,132,1
132,35,72,132,1
132,36,72,132,1
132,37,72,132,1
132,38,88,132,1
132,39,104,132,1
132,40,200,132,1
132,41,73,132,1
132,42,74,132,1
132,43,76,132,1
132,44,134,132,1
132,45,81,132,1
132,46,132,132,1
132,47,147,132,1
132,48,132,132,1
132,49,132,132,1
132,50,132,132,1
132,51,132,132,1
132,52,132,132,1
132,53,132,132,1
132,54,133,132,1
132,55,134,132,1
132,56,140,132,1
132,57,148,132,1
132,58,164,132,1
132,59,196,132,1
132,60,104,132,1
132,61,21,132,1
132,62,72,132,1
132,63,57,132,1
133,0,248,133,1
133,1,152,133,1
133,2,88,133,1
133,3,216,133,1
133,4,216,133,1
133,5,216,133,1
133,6,200,133,1
133,7,248,133,1
133,8,88,133,1
133,9,201,133,1
133,10,250,133,1
133,11,156,133,1
133,12,70,133,1
133,13,177,133,1
133,14,164,133,1
133,15,115,133,1
133,16,143,133,1
133,17,137,133,1
133,18,133,133,1
133,19,141,133,1
133,20,141,133,1
133,21,141,133,1
133,22,140,133,1
133,23,143,133,1
133,24,133,133,1
133,25,156,133,1
133,26,175,133,1
133,27,201,133,1
133,28,100,133,1
133,29,27,133,1
133,30,74,133,1
133,31,55,133,1
133,32,120,133,1
133,33,24,133,1
133,34,216,133,1
133,35,88,133,1
133,36,88,133,1
133,37,88,133,1
133,38,72,133,1
133,39,120,133,1
133,40,216,133,1
133,41,89,133,1
133,42,90,133,1
133,43,92,133,1
133,44,38,133,1
133,45,161,133,1
133,46,228,133,1
133,47,67,133,1
133,48,135,133,1
133,49,129,133,1
133,50,141,133,1
133,51,133,133,1
133,52,133,133,1
133,53,133,133,1
133,54,132,133,1
133,55,135,133,1
133,56,141,133,1
133,57,149,133,1
133,58,165,133,1
133,59,197,133,1
133,60,98,133,1
133,61,26,133,1
133,62,78,133,1
133,63,52,133,1
134,0,232,134,1
134,1,232,134,1
134,2,232,134,1
134,3,248,134,1
134,4,168,134,1
134,5,104,134,1
134,6,248,134,1
134,7,200,134,1
134,8,104,134,1
134,9,249,134,1
134,10,202,134,1
134,11,172,134,1
134,12,86,134,1
134,13,129,134,1
134,14,212,134,1
134,15,243,134,1
134,16,142,134,1
134,17,142,134,1
134,18,142,134,1
134,19,143,134,1
134,20,138,134,1
134,21,134,134,1
134,22,143,134,1
134,23,140,134,1
134,24,134,134,1
134,25,159,134,1
134,26,172,134,1
134,27,202,134,1
134,28,101,134,1
134,29,24,134,1
134,30,77,134,1
134,31,63,134,1
134,32,104,134,1
134,33,104,134,1
134,34,104,134,1
134,35,120,134,1
134,36,40,134,1
134,37,232,134,1
134,38,120,134,1
134,39,72,134,1
134,40,232,134,1
134,41,105,134,1
134,42,106,134,1
134,43,108,134,1
134,44,54,134,1
134,45,145,134,1
134,46,148,134,1
134,47,195,134,1
134,48,134,134,1
134,49,134,134,1
134,50,134,134,1
134,51,135,134,1
134,52,130,134,1
134,53,142,134,1
134,54,135,134,1
134,55,132,134,1
134,56,142,134,1
134,57,150,134,1
134,58,166,134,1
134,59,198,134,1
134,60,99,134,1
134,61,25,134,1
134,62,73,134,1
134,63,60,134,1
135,0,216,135,1
135,1,184,135,1
135,2,120,135,1
135,3,232,135,1
135,4,184,135,1
135,5,120,135,1
135,6,232,135,1
135,7,216,135,1
135,8,120,135,1
135,9,233,135,1
135,10,218,135,1
135,11,188,135,1
135,12,246,135,1
135,13,113,135,1
135,14,180,135,1
135,15,35,135,1
135,16,141,135,1
135,17,139,135,1
135,18,135,135,1
135,19,142,135,1
135,20,139,135,1
135,21,135,135,1
135,22,142,135,1
135,23,141,135,1
135,24,135,135,1
135,25,158,135,1
135,26,173,135,1
135,27,203,135,1
135,28,111,135,1
135,29,23,135,1
135,30,75,135,1
135,31,50,135,1
135,32,88,135,1
135,33,56,135,1
135,34,248,135,1
135,35,104,135,1
135,36,56,135,1
135,37,248,135,1
135,38,104,135,1
135,39,88,135,1
135,40,248,135,1
135,41,121,135,1
135,42,122,135,1
135,43,124,135,1
135,44,150,135,1
135,45,97,135,1
135,46,244,135,1
135,47,19,135,1
135,48,133,135,1
135,49,131,135,1
135,50,143,135,1
135,51,134,135,1
135,52,131,135,1
135,53,143,135,1
135,54,134,135,1
135,55,133,135,1
135,56,143,135,1
135,57,151,135,1
135,58,167,135,1
135,59,199,135,1
135,60,105,135,1
135,61,22,135,1
135,62,79,135,1
135,63,49,135,1
136,0,8,136,1
136,1,8,136,1
136,2,8,136,1
136,3,8,136,1
136,4,8,136,1
136,5,8,136,1
136,6,8,136,1
136,7,8,136,1
136,8,8,136,1
136,9,9,136,1
136,10,10,136,1
136,11,12,136,1
136,12,6,136,1
136,13,1,136,1
136,14,4,136,1
136,15,3,136,1
136,16,128,136,1
136,17,128,136,1
136,18,128,136,1
136,19,128,136,1
136,20,128,136,1
136,21,128,136,1
136,22,128,136,1
136,23,128,136,1
136,24,128,136,1
136,25,144,136,1
136,26,160,136,1
136,27,192,136,1
136,28,96,136,1
136,29,16,136,1
136,30,64,136,1
136,31,48,136,1
136,32,136,136,1
136,33,136,136,1
136,34,136,136,1
136,35,136,136,1
136,36,136,136,1
136,37,136,136,1
136,38,136,136,1
136,39,136,136,1
136,40,136,136,1
136,41,153,136,1
136,42,170,136,1
136,43,204,136,1
136,44,102,136,1
136,45,17,136,1
136,46,68,136,1
136,47,51,136,1
136,48,136,136,1
136,49,136,136,1
136,50,136,136,1
136,51,136,136,1
136,52,136,136,1
136,53,136,136,1
136,54,136,136,1
136,55,136,136,1
136,56,136,136,1
136,57,153,136,1
136,58,170,136,1
136,59,204,136,1
136,60,102,136,1
136,61,17,136,1
136,62,68,136,1
136,63,51,136,1
137,0,56,137,1
137,1,88,137,1
137,2,152,137,1
137,3,24,137,1
137,4,24,137,1
137,5,24,137,1
137,6,24,137,1
137,7,24,137,1
137,8,24,137,1
137,9,25,137,1
137,10,26,137,1
137,11,28,137,1
137,12,166,137,1
137,13,241,137,1
137,14,100,137,1
137,15,211,137,1
137,16,131,137,1
137,17,133,137,1
137,18,137,137,1
137,19,129,137,1
137,20,129,137,1
137,21,129,137,1
137,22,129,137,1
137,23,129,137,1
137,24,129,137,1
137,25,145,137,1
137,26,161,137,1
137,27,193,137,1
137,28,106,137,1
137,29,31,137,1
137,30,70,137,1
137,31,61,137,1
137,32,184,137,1
137,33,216,137,1
137,34,24,137,1
137,35,152,137,1
137,36,152,137,1
137,37,152,137,1
137,38,152,137,1
137,39,152,137,1
137,40,152,137,1
137,41,137,137,1
137,42,186,137,1
137,43,220,137,1
137,44,198,137,1
137,45,225,137,1
137,46,36,137,1
137,47,227,137,1
137,48,139,137,1
137,49,141,137,1
137,50,129,137,1
137,51,137,137,1
137,52,137,137,1
137,53,137,137,1
137,54,137,137,1
137,55,137,137,1
137,56,137,137,1
137,57,152,137,1
137,58,171,137,1
137,59,205,137,1
137,60,108,137,1
137,61,30,137,1
137,62,66,137,1
137,63,62,137,1
138,0,40,138,1
138,1,40,138,1
138,2,40,138,1
138,3,56,138,1
138,4,104,138,1
138,5,168,138,1
138,6,40,138,1
138,7,40,138,1
138,8,40,138,1
138,9,41,138,1
138,10,42,138,1
138,11,44,138,1
138,12,182,138,1
138,13,193,138,1
138,14,20,138,1
138,15,83,138,1
138,16,130,138,1
138,17,130,138,1
138,18,130,138,1
138,19,131,138,1
138,20,134,138,1
138,21,138,138,1
138,22,130,138,1
138,23,130,138,1
138,24,130,138,1
138,25,146,138,1
138,26,162,138,1
138,27,194,138,1
138,28,107,138,1
138,29,28,138,1
138,30,65,138,1
138,31,53,138,1
138,32,168,138,1
138,33,168,138,1
138,34,168,138,1
138,35,184,138,1
138,36,232,138,1
138,37,40,138,1
138,38,168,138,1
138,39,168,138,1
138,40,168,138,1
138,41,185,138,1
138,42,138,138,1
138,43,236,138,1
138,44,214,138,1
138,45,209,138,1
138,46,84,138,1
138,47,99,138,1
138,48,138,138,1
138,49,138,138,1
138,50,138,138,1
138,51,139,138,1
138,52,142,138,1
138,53,130,138,1
138,54,138,138,1
138,55,138,138,1
138,56,138,138,1
138,57,155,138,1
138,58,168,138,1
138,59,206,138,1
138,60,109,138,1
138,61,29,138,1
138,62,69,138,1
138,63,54,138,1
139,0,24,139,1
139,1,120,139,1
139,2,184,139,1
139,3,40,139,1
139,4,120,139,1
139,5,184,139,1
139,6,56,139,1
139,7,56,139,1
139,8,56,139,1
139,9,57,139,1
139,10,58,139,1
139,11,60,139,1
139,12,22,139,1
139,13,49,139,1
139,14,116,139,1
139,15,131,139,1
139,16,129,139,1
139,17,135,139,1
139,18,139,139,1
139,19,130,139,1
139,20,135,139,1
139,21,139,139,1
139,22,131,139,1
139,23,131,139,1
139,24,131,139,1
139,25,147,139,1
139,26,163,139,1
139,27,195,139,1
139,28,97,139,1
139,29,19,139,1
139,30,71,139,1
139,31,56,139,1
139,32,152,139,1
139,33,248,139,1
139,34,56,139,1
139,35,168,139,1
139,36,248,139,1
139,37,56,139,1
139,38,184,139,1
139,39,184,139,1
139,40,184,139,1
139,41,169,139,1
139,42,154,139,1
139,43,252,139,1
139,44,118,139,1
139,45,33,139,1
139,46,52,139,1
139,47,179,139,1
139,48,137,139,1
139,49,143,139,1
139,50,131,139,1
139,51,138,139,1
139,52,143,139,1
139,53,131,139,1
139,54,139,139,1
139,55,139,139,1
139,56,139,139,1
139,57,154,139,1
139,58,169,139,1
139,59,207,139,1
139,60,103,139,1
139,61,18,139,1
139,62,67,139,1
139,63,59,139,1
140,0,72,140,1
140,1,72,140,1
140,2,72,140,1
140,3,72,140,1
140,4,72,140,1
140,5,72,140,1
140,6,88,140,1
140,7,104,140,1
140,8,200,140,1
140,9,73,140,1
140,10,74,140,1
140,11,76,140,1
140,12,134,140,1
140,13,81,140,1
140,14,132,140,1
140,15,147,140,1
140,16,132,140,1
140,17,132,140,1
140,18,132,140,1
140,19,132,140,1
140,20,132,140,1
140,21,132,140,1
140,22,133,140,1
140,23,134,140,1
140,24,140,140,1
140,25,148,140,1
140,26,164,140,1
140,27,196,140,1
140,28,104,140,1
140,29,21,140,1
140,30,72,140,1
140,31,57,140,1
140,32,200,140,1
140,33,200,140,1
140,34,200,140,1
140,35,200,140,1
140,36,200,140,1
140,37,200,140,1
140,38,216,140,1
140,39,232,140,1
140,40,72,140,1
140,41,217,140,1
140,42,234,140,1
140,43,140,140,1
140,44,230,140,1
140,45,65,140,1
140,46,196,140,1
140,47,163,140,1
140,48,140,140,1
140,49,140,140,1
140,50,140,140,1
140,51,140,140,1
140,52,140,140,1
140,53,140,140,1
140,54,141,140,1
140,55,142,140,1
140,56,132,140,1
140,57,157,140,1
140,58,174,140,1
140,59,200,140,1
140,60,110,140,1
140,61,20,140,1
140,62,76,140,1
140,63,58,140,1
141,0,120,141,1
141,1,24,141,1
141,2,216,141,1
141,3,88,141,1
141,4,88,141,1
141,5,88,141,1
141,6,72,141,1
141,7,120,141,1
141,8,216,141,1
141,9,89,141,1
141,10,90,141,1
141,11,92,141,1
141,12,38,141,1
141,13,161,141,1
141,14,228,141,1
141,15,67,141,1
141,16,135,141,1
141,17,129,141,1
141,18,141,141,1
141,19,133,141,1
141,20,133,141,1
141,21,133,141,1
141,22,132,141,1
141,23,135,141,1
141,24,141,141,1
141,25,149,141,1
141,26,165,141,1
141,27,197,141,1
141,28,98,141,1
141,29,26,141,1
141,30,78,141,1
141,31,52,141,1
141,32,248,141,1
141,33,152,141,1
141,34,88,141,1
141,35,216,141,1
141,36,216,141,1
141,37,216,141,1
141,38,200,141,1
141,39,248,141,1
141,40,88,141,1
141,41,201,141,1
141,42,250,141,1
141,43,156,141,1
141,44,70,141,1
141,45,177,141,1
141,46,164,141,1
141,47,115,141,1
141,48,143,141,1
141,49,137,141,1
141,50,133,141,1
141,51,141,141,1
141,52,141,141,1
141,53,141,141,1
141,54,140,141,1
141,55,143,141,1
141,56,133,141,1
141,57,156,141,1
141,58,175,141,1
141,59,201,141,1
141,60,100,141,1
141,61,27,141,1
141,62,74,141,1
141,63,55,141,1
142,0,104,142,1
142,1,104,142,1
142,2,104,142,1
142,3,120,142,1
142,4,40,142,1
142,5,232,142,1
142,6,120,142,1
142,7,72,142,1
142,8,232,142,1
142,9,105,142,1
142,10,106,142,1
142,11,108,142,1
142,12,54,142,1
142,13,145,142,1
142,14,148,142,1
142,15,195,142,1
142,16,134,142,1
142,17,134,142,1
142,18,134,142,1
142,19,135,142,1
142,20,130,142,1
142,21,142,142,1
142,22,135,142,1
142,23,132,142,1
142,24,142,142,1
142,25,150,142,1
142,26,166,142,1
142,27,198,142,1
142,28,99,142,1
142,29,25,142,1
142,30,73,142,1
142,31,60,142,1
142,32,232,142,1
142,33,232,142,1
142,34,232,142,1
142,35,248,142,1
142,36,168,142,1
142,37,104,142,1
142,38,248,142,1
142,39,200,142,1
142,40,104,142,1
142,41,249,142,1
142,42,202,142,1
142,43,172,142,1
142,44,86,142,1
142,45,129,142,1
142,46,212,142,1
142,47,243,142,1
142,48,142,142,1
142,49,142,142,1
142,50,142,142,1
142,51,143,142,1
142,52,138,142,1
142,53,134,142,1
142,54,143,142,1
142,55,140,142,1
142,56,134,142,1
142,57,159,142,1
142,58,172,142,1
142,59,202,142,1
142,60,101,142,1
142,61,24,142,1
142,62,77,142,1
142,63,63,142,1
143,0,88,143,1
143,1,56,143,1
143,2,248,143,1
143,3,104,143,1
143,4,56,143,1
143,5,248,143,1
143,6,104,143,1
143,7,88,143,1
143,8,248,143,1
143,9,121,143,1
143,10,122,143,1
143,11,124,143,1
143,12,150,143,1
143,13,97,143,1
143,14,244,143,1
143,15,19,143,1
143,16,133,143,1
143,17,131,143,1
143,18,143,143,1
143,19,134,143,1
143,20,131,143,1
143,21,143,143,1
143,22,134,143,1
143,23,133,143,1
143,24,143,143,1
143,25,151,143,1
143,26,167,143,1
143,27,199,143,1
143,28,105,143,1
143,29,22,143,1
143,30,79,143,1
143,31,49,143,1
143,32,216,143,1
143,33,184,143,1
143,34,120,143,1
143,35,232,143,1
143,36,184,143,1
143,37,120,143,1
143,38,232,143,1
143,39,216,143,1
143,40,120,143,1
143,41,233,143,1
143,42,218,143,1
143,43,188,143,1
143,44,246,143,1
143,45,113,143,1
143,46,180,143,1
143,47,35,143,1
143,48,141,143,1
143,49,139,143,1
143,50,135,143,1
143,51,142,143,1
143,52,139,143,1
143,53,135,143,1
143,54,142,143,1
143,55,141,143,1
143,56,135,143,1
143,57,158,143,1
143,58,173,143,1
143,59,203,143,1
143,60,111,143,1
143,61,23,143,1
143,62,75,143,1
143,63,50,143,1
144,0,187,144,1
144,1,221,144,1
144,2,17,144,1
144,3,153,144,1
144,4,153,144,1
144,5,153,144,1
144,6,153,144,1
144,7,153,144,1
144,8,153,144,1
144,9,136,144,1
144,10,187,144,1
144,11,221,144,1
144,12,204,144,1
144,13,238,144,1
144,14,34,144,1
144,15,238,144,1
144,16,187,144,1
144,17,221,144,1
144,18,17,144,1
144,19,153,144,1
144,20,153,144,1
144,21,153,144,1
144,22,153,144,1
144,23,153,144,1
144,24,153,144,1
144,25,136,144,1
144,26,187,144,1
144,27,221,144,1
144,28,204,144,1
144,29,238,144,1
144,30,34,144,1
144,31,238,144,1
144,32,11,144,1
144,33,13,144,1
144,34,1,144,1
144,35,9,144,1
144,36,9,144,1
144,37,9,144,1
144,38,9,144,1
144,39,9,144,1
144,40,9,144,1
144,41,8,144,1
144,42,11,144,1
144,43,13,144,1
144,44,12,144,1
144,45,14,144,1
144,46,2,144,1
144,47,14,144,1
144,48,176,144,1
144,49,208,144,1
144,50,16,144,1
144,51,144,144,1
144,52,144,144,1
144,53,144,144,1
144,54,144,144,1
144,55,144,144,1
144,56,144,144,1
144,57,128,144,1
144,58,176,144,1
144,59,208,144,1
144,60,192,144,1
144,61,224,144,1
144,62,32,144,1
144,63,224,144,1
145,0,139,145,1
145,1,141,145,1
145,2,129,145,1
145,3,137,145,1
145,4,137,145,1
145,5,137,145,1
145,6,137,145,1
145,7,137,145,1
145,8,137,145,1
145,9,152,145,1
145,10,171,145,1
145,11,205,145,1
145,12,108,145,1
145,13,30,145,1
145,14,66,145,1
145,15,62,145,1
145,16,184,145,1
145,17,216,145,1
145,18,24,145,1
145,19,152,145,1
145,20,152,145,1
145,21,152,145,1
145,22,152,145,1
145,23,152,145,1
145,24,152,145,1
145,25,137,145,1
145,26,186,145,1
145,27,220,145,1
145,28,198,145,1
145,29,225,145,1
145,30,36,145,1
145,31,227,145,1
145,32,59,145,1
145,33,93,145,1
145,34,145,145,1
145,35,25,145,1
145,36,25,145,1
145,37,25,145,1
145,38,25,145,1
145,39,25,145,1
145,40,25,145,1
145,41,24,145,1
145,42,27,145,1
145,43,29,145,1
145,44,172,145,1
145,45,254,145,1
145,46,98,145,1
145,47,222,145,1
145,48,179,145,1
145,49,213,145,1
145,50,25,145,1
145,51,145,145,1
145,52,145,145,1
145,53,145,145,1
145,54,145,145,1
145,55,145,145,1
145,56,145,145,1
145,57,129,145,1
145,58,177,145,1
145,59,209,145,1
145,60,202,145,1
145,61,239,145,1
145,62,38,145,1
145,63,237,145,1
146,0,155,146,1
146,1,253,146,1
146,2,49,146,1
146,3,169,146,1
146,4,249,146,1
146,5,57,146,1
146,6,185,146,1
146,7,185,146,1
146,8,185,146,1
146,9,168,146,1
146,10,155,146,1
146,11,253,146,1
146,12,124,146,1
146,13,46,146,1
146,14,50,146,1
146,15,190,146,1
146,16,185,146,1
146,17,223,146,1
146,18,19,146,1
146,19,154,146,1
146,20,159,146,1
146,21,147,146,1
146,22,155,146,1
146,23,155,146,1
146,24,155,146,1
146,25,138,146,1
146,26,185,146,1
146,27,223,146,1
146,28,199,146,1
146,29,226,146,1
146,30,35,146,1
146,31,235,146,1
146,32,43,146,1
146,33,45,146,1
146,34,33,146,1
146,35,57,146,1
146,36,105,146,1
146,37,169,146,1
146,38,41,146,1
146,39,41,146,1
146,40,41,146,1
146,41,40,146,1
146,42,43,146,1
146,43,45,146,1
146,44,188,146,1
146,45,206,146,1
146,46,18,146,1
146,47,94,146,1
146,48,178,146,1
146,49,210,146,1
146,50,18,146,1
146,51,147,146,1
146,52,150,146,1
146,53,154,146,1
146,54,146,146,1
146,55,146,146,1
146,56,146,146,1
146,57,130,146,1
146,58,178,146,1
146,59,210,146,1
146,60,203,146,1
146,61,236,146,1
146,62,33,146,1
146,63,229,146,1
147,0,171,147,1
147,1,173,147,1
147,2,161,147,1
147,3,185,147,1
147,4,233,147,1
147,5,41,147,1
147,6,169,147,1
147,7,169,147,1
147,8,169,147,1
147,9,184,147,1
147,10,139,147,1
147,11,237,147,1
147,12,220,147,1
147,13,222,147,1
147,14,82,147,1
147,15,110,147,1
147,16,186,147,1
147,17,218,147,1
147,18,26,147,1
147,19,155,147,1
147,20,158,147,1
147,21,146,147,1
147,22,154,147,1
147,23,154,147,1
147,24,154,147,1
147,25,139,147,1
147,26,184,147,1
147,27,222,147,1
147,28,205,147,1
147,29,237,147,1
147,30,37,147,1
147,31,230,147,1
147,32,27,147,1
147,33,125,147,1
147,34,177,147,1
147,35,41,147,1
147,36,121,147,1
147,37,185,147,1
147,38,57,147,1
147,39,57,147,1
147,40,57,147,1
147,41,56,147,1
147,42,59,147,1
147,43,61,147,1
147,44,28,147,1
147,45,62,147,1
147,46,114,147,1
147,47,142,147,1
147,48,177,147,1
147,49,215,147,1
147,50,27,147,1
147,51,146,147,1
147,52,151,147,1
147,53,155,147,1
147,54,147,147,1
147,55,147,147,1
147,56,147,147,1
147,57,131,147,1
147,58,179,147,1
147,59,211,147,1
147,60,193,147,1
147,61,227,147,1
147,62,39,147,1
147,63,232,147,1
148,0,251,148,1
148,1,157,148,1
148,2,81,148,1
148,3,217,148,1
148,4,217,148,1
148,5,217,148,1
148,6,201,148,1
148,7,249,148,1
148,8,89,148,1
148,9,200,148,1
148,10,251,148,1
148,11,157,148,1
148,12,76,148,1
148,13,190,148,1
148,14,162,148,1
148,15,126,148,1
148,16,191,148,1
148,17,217,148,1
148,18,21,148,1
148,19,157,148,1
148,20,157,148,1
148,21,157,148,1
148,22,156,148,1
148,23,159,148,1
148,24,149,148,1
148,25,140,148,1
148,26,191,148,1
148,27,217,148,1
148,28,196,148,1
148,29,235,148,1
148,30,42,148,1
148,31,231,148,1
148,32,75,148,1
148,33,77,148,1
148,34,65,148,1
148,35,73,148,1
148,36,73,148,1
148,37,73,148,1
148,38,89,148,1
148,39,105,148,1
148,40,201,148,1
148,41,72,148,1
148,42,75,148,1
148,43,77,148,1
148,44,140,148,1
148,45,94,148,1
148,46,130,148,1
148,47,158,148,1
148,48,180,148,1
148,49,212,148,1
148,50,20,148,1
148,51,148,148,1
148,52,148,148,1
148,53,148,148,1
148,54,149,148,1
148,55,150,148,1
148,56,156,148,1
148,57,132,148,1
148,58,180,148,1
148,59,212,148,1
148,60,200,148,1
148,61,229,148,1
148,62,40,148,1
148,63,233,148,1
149,0,203,149,1
149,1,205,149,1
149,2,193,149,1
149,3,201,149,1
149,4,201,149,1
149,5,201,149,1
149,6,217,149,1
149,7,233,149,1
149,8,73,149,1
149,9,216,149,1
149,10,235,149,1
149,11,141,149,1
149,12,236,149,1
149,13,78,149,1
149,14,194,149,1
149,15,174,149,1
149,16,188,149,1
149,17,220,149,1
149,18,28,149,1
149,19,156,149,1
149,20,156,149,1
149,21,156,149,1
149,22,157,149,1
149,23,158,149,1
149,24,148,149,1
149,25,141,149,1
149,26,190,149,1
149,27,216,149,1
149,28,206,149,1
149,29,228,149,1
149,30,44,149,1
149,31,234,149,1
149,32,123,149,1
149,33,29,149,1
149,34,209,149,1
149,35,89,149,1
149,36,89,149,1
149,37,89,149,1
149,38,73,149,1
149,39,121,149,1
149,40,217,149,1
149,41,88,149,1
149,42,91,149,1
149,43,93,149,1
149,44,44,149,1
149,45,174,149,1
149,46,226,149,1
149,47,78,149,1
149,48,183,149,1
149,49,209,149,1
149,50,29,149,1
149,51,149,149,1
149,52,149,149,1
149,53,149,149,1
149,54,148,149,1
149,55,151,149,1
149,56,157,149,1
149,57,133,149,1
149,58,181,149,1
149,59,213,149,1
149,60,194,149,1
149,61,234,149,1
149,62,46,149,1
149,63,228,149,1
150,0,219,150,1
150,1,189,150,1
150,2,113,150,1
150,3,233,150,1
150,4,185,150,1
150,5,121,150,1
150,6,233,150,1
150,7,217,150,1
150,8,121,150,1
150,9,232,150,1
150,10,219,150,1
150,11,189,150,1
150,12,252,150,1
150,13,126,150,1
150,14,178,150,1
150,15,46,150,1
150,16,189,150,1
150,17,219,150,1
150,18,23,150,1
150,19,158,150,1
150,20,155,150,1
150,21,151,150,1
150,22,158,150,1
150,23,157,150,1
150,24,151,150,1
150,25,142,150,1
150,26,189,150,1
150,27,219,150,1
150,28,207,150,1
150,29,231,150,1
150,30,43,150,1
150,31,226,150,1
150,32,107,150,1
150,33,109,150,1
150,34,97,150,1
150,35,121,150,1
150,36,41,150,1
150,37,233,150,1
150,38,121,150,1
150,39,73,150,1
150,40,233,150,1
150,41,104,150,1
150,42,107,150,1
150,43,109,150,1
150,44,60,150,1
150,45,158,150,1
150,46,146,150,1
150,47,206,150,1
150,48,182,150,1
150,49,214,150,1
150,50,22,150,1
150,51,151,150,1
150,52,146,150,1
150,53,158,150,1
150,54,151,150,1
150,55,148,150,1
150,56,158,150,1
150,57,134,150,1
150,58,182,150,1
150,59,214,150,1
150,60,195,150,1
150,61,233,150,1
150,62,41,150,1
150,63,236,150,1
151,0,235,151,1
151,1,237,151,1
151,2,225,151,1
151,3,249,151,1
151,4,169,151,1
151,5,105,151,1
151,6,249,151,1
151,7,201,151,1
151,8,105,151,1
151,9,248,151,1
151,10,203,151,1
151,11,173,151,1
151,12,92,151,1
151,13,142,151,1
151,14,210,151,1
151,15,254,151,1
151,16,190,151,1
151,17,222,151,1
151,18,30,151,1
151,19,159,151,1
151,20,154,151,1
151,21,150,151,1
151,22,159,151,1
151,23,156,151,1
151,24,150,151,1
151,25,143,151,1
151,26,188,151,1
151,27,218,151,1
151,28,197,151,1
151,29,232,151,1
151,30,45,151,1
151,31,239,151,1
151,32,91,151,1
151,33,61,151,1
151,34,241,151,1
151,35,105,151,1
151,36,57,151,1
151,37,249,151,1
151,38,105,151,1
151,39,89,151,1
151,40,249,151,1
151,41,120,151,1
151,42,123,151,1
151,43,125,151,1
151,44,156,151,1
151,45,110,151,1
151,46,242,151,1
151,47,30,151,1
151,48,181,151,1
151,49,211,151,1
151,50,31,151,1
151,51,150,151,1
151,52,147,151,1
151,53,159,151,1
151,54,150,151,1
151,55,149,151,1
151,56,159,151,1
151,57,135,151,1
151,58,183,151,1
151,59,215,151,1
151,60,201,151,1
151,61,230,151,1
151,62,47,151,1
151,63,225,151,1
152,0,59,152,1
152,1,93,152,1
152,2,145,152,1
152,3,25,152,1
152,4,25,152,1
152,5,25,152,1
152,6,25,152,1
152,7,25,152,1
152,8,25,152,1
152,9,24,152,1
152,10,27,152,1
152,11,29,152,1
152,12,172,152,1
152,13,254,152,1
152,14,98,152,1
152,15,222,152,1
152,16,179,152,1
152,17,213,152,1
152,18,25,152,1
152,19,145,152,1
152,20,145,152,1
152,21,145,152,1
152,22,145,152,1
152,23,145,152,1
152,24,145,152,1
152,25,129,152,1
152,26,177,152,1
152,27,209,152,1
152,28,202,152,1
152,29,239,152,1
152,30,38,152,1
152,31,237,152,1
152,32,139,152,1
152,33,141,152,1
152,34,129,152,1
152,35,137,152,1
152,36,137,152,1
152,37,137,152,1
152,38,137,152,1
152,39,137,152,1
152,40,137,152,1
152,41,152,152,1
152,42,171,152,1
152,43,205,152,1
152,44,108,152,1
152,45,30,152,1
152,46,66,152,1
152,47,62,152,1
152,48,184,152,1
152,49,216,152,1
152,50,24,152,1
152,51,152,152,1
152,52,152,152,1
152,53,152,152,1
152,54,152,152,1
152,55,152,152,1
152,56,152,152,1
152,57,137,152,1
152,58,186,152,1
152,59,220,152,1
152,60,198,152,1
152,61,225,152,1
152,62,36,152,1
152,63,227,152,1
153,0,11,153,1
153,1,13,153,1
153,2,1,153,1
153,3,9,153,1
153,4,9,153,1
153,5,9,153,1
153,6,9,153,1
153,7,9,153,1
153,8,9,153,1
153,9,8,153,1
153,10,11,153,1
153,11,13,153,1
153,12,12,153,1
153,13,14,153,1
153,14,2,153,1
153,15,14,153,1
153,16,176,153,1
153,17,208,153,1
153,18,16,153,1
153,19,144,153,1
153,20,144,153,1
153,21,144,153,1
153,22,144,153,1
153,23,144,153,1
153,24,144,153,1
153,25,128,153,1
153,26,176,153,1
153,27,208,153,1
153,28,192,153,1
153,29,224,153,1
153,30,32,153,1
153,31,224,153,1
153,32,187,153,1
153,33,221,153,1
153,34,17,153,1
153,35,153,153,1
153,36,153,153,1
153,37,153,153,1
153,38,153,153,1
153,39,153,153,1
153,40,153,153,1
153,41,136,153,1
153,42,187,153,1
153,43,221,153,1
153,44,204,153,1
153,45,238,153,1
153,46,34,153,1
153,47,238,153,1
153,48,187,153,1
153,49,221,153,1
153,50,17,153,1
153,51,153,153,1
153,52,153,153,1
153,53,153,153,1
153,54,153,153,1
153,55,153,153,1
153,56,153,153,1
153,57,136,153,1
153,58,187,153,1
153,59,221,153,1
153,60,204,153,1
153,61,238,153,1
153,62,34,153,1
153,63,238,153,1
154,0,27,154,1
154,1,125,154,1
154,2,177,154,1
154,3,41,154,1
154,4,121,154,1
154,5,185,154,1
154,6,57,154,1
154,7,57,154,1
154,8,57,154,1
154,9,56,154,1
154,10,59,154,1
154,11,61,154,1
154,12,28,154,1
154,13,62,154,1
154,14,114,154,1
154,15,142,154,1
154,16,177,154,1
154,17,215,154,1
154,18,27,154,1
154,19,146,154,1
154,20,151,154,1
154,21,155,154,1
154,22,147,154,1
154,23,147,154,1
154,24,147,154,1
154,25,131,154,1
154,26,179,154,1
154,27,211,154,1
154,28,193,154,1
154,29,227,154,1
154,30,39,154,1
154,31,232,154,1
154,32,171,154,1
154,33,173,154,1
154,34,161,154,1
154,35,185,154,1
154,36,233,154,1
154,37,41,154,1
154,38,169,154,1
154,39,169,154,1
154,40,169,154,1
154,41,184,154,1
154,42,139,154,1
154,43,237,154,1
154,44,220,154,1
154,45,222,154,1
154,46,82,154,1
154,47,110,154,1
154,48,186,154,1
154,49,218,154,1
154,50,26,154,1
154,51,155,154,1
154,52,158,154,1
154,53,146,154,1
154,54,154,154,1
154,55,154,154,1
154,56,154,154,1
154,57,139,154,1
154,58,184,154,1
154,59,222,154,1
154,60,205,154,1
154,61,237,154,1
154,62,37,154,1
154,63,230,154,1
155,0,43,155,1
155,1,45,155,1
155,2,33,155,1
155,3,57,155,1
155,4,105,155,1
155,5,169,155,1
155,6,41,155,1
155,7,41,155,1
155,8,41,155,1
155,9,40,155,1
155,10,43,155,1
155,11,45,155,1
155,12,188,155,1
155,13,206,155,1
155,14,18,155,1
155,15,94,155,1
155,16,178,155,1
155,17,210,155,1
155,18,18,155,1
155,19,147,155,1
155,20,150,155,1
155,21,154,155,1
155,22,146,155,1
155,23,146,155,1
155,24,146,155,1
155,25,130,155,1
155,26,178,155,1
155,27,210,155,1
155,28,203,155,1
155,29,236,155,1
155,30,33,155,1
155,31,229,155,1
155,32,155,155,1
155,33,253,155,1
155,34,49,155,1
155,35,169,155,1
155,36,249,155,1
155,37,57,155,1
155,38,185,155,1
155,39,185,155,1
155,40,185,155,1
155,41,168,155,1
155,42,155,155,1
155,43,253,155,1
155,44,124,155,1
155,45,46,155,1
155,46,50,155,1
155,47,190,155,1
155,48,185,155,1
155,49,223,155,1
155,50,19,155,1
155,51,154,155,1
155,52,159,155,1
155,53,147,155,1
155,54,155,155,1
155,55,155,155,1
155,56,155,155,1
155,57,138,155,1
155,58,185,155,1
155,59,223,155,1
155,60,199,155,1
155,61,226,155,1
155,62,35,155,1
155,63,235,155,1
156,0,123,156,1
156,1,29,156,1
156,2,209,156,1
156,3,89,156,1
156,4,89,156,1
156,5,89,156,1
156,6,73,156,1
156,7,121,156,1
156,8,217,156,1
156,9,88,156,1
156,10,91,156,1
156,11,93,156,1
156,12,44,156,1
156,13,174,156,1
156,14,226,156,1
156,15,78,156,1
156,16,183,156,1
156,17,209,156,1
156,18,29,156,1
156,19,149,156,1
156,20,149,156,1
156,21,149,156,1
156,22,148,156,1
156,23,151,156,1
156,24,157,156,1
156,25,133,156,1
156,26,181,156,1
156,27,213,156,1
156,28,194,156,1
156,29,234,156,1
156,30,46,156,1
156,31,228,156,1
156,32,203,156,1
156,33,205,156,1
156,34,193,156,1
156,35,201,156,1
156,36,201,156,1
156,37,201,156,1
156,38,217,156,1
156,39,233,156,1
156,40,73,156,1
156,41,216,156,1
156,42,235,156,1
156,43,141,156,1
156,44,236,156,1
156,45,78,156,1
156,46,194,156,1
156,47,174,156,1
156,48,188,156,1
156,49,220,156,1
156,50,28,156,1
156,51,156,156,1
156,52,156,156,1
156,53,156,156,1
156,54,157,156,1
156,55,158,156,1
156,56,148,156,1
156,57,141,156,1
156,58,190,156,1
156,59,216,156,1
156,60,206,156,1
156,61,228,156,1
156,62,44,156,1
156,63,234,156,1
157,0,75,157,1
157,1,77,157,1
157,2,65,157,1
157,3,73,157,1
157,4,73,157,1
157,5,73,157,1
157,6,89,157,1
157,7,105,157,1
157,8,201,157,1
157,9,72,157,1
157,10,75,157,1
157,11,77,157,1
157,12,140,157,1
157,13,94,157,1
157,14,130,157,1
157,15,158,157,1
157,16,180,157,1
157,17,212,157,1
157,18,20,157,1
157,19,148,157,1
157,20,148,157,1
157,21,148,157,1
157,22,149,157,1
157,23,150,157,1
157,24,156,157,1
157,25,132,157,1
157,26,180,157,1
157,27,212,157,1
157,28,200,157,1
157,29,229,157,1
157,30,40,157,1
157,31,233,157,1
157,32,251,157,1
157,33,157,157,1
157,34,81,157,1
157,35,217,157,1
157,36,217,157,1
157,37,217,157,1
157,38,201,157,1
157,39,249,157,1
157,40,89,157,1
157,41,200,157,1
157,42,251,157,1
157,43,157,157,1
157,44,76,157,1
157,45,190,157,1
157,46,162,157,1
157,47,126,157,1
157,48,191,157,1
157,49,217,157,1
157,50,21,157,1
157,51,157,157,1
157,52,157,157,1
157,53,157,157,1
157,54,156,157,1
157,55,159,157,1
157,56,149,157,1
157,57,140,157,1
157,58,191,157,1
157,59,217,157,1
157,60,196,157,1
157,61,235,157,1
157,62,42,157,1
157,63,231,157,1
158,0,91,158,1
158,1,61,158,1
158,2,241,158,1
158,3,105,158,1
158,4,57,158,1
158,5,249,158,1
158,6,105,158,1
158,7,89,158,1
158,8,249,158,1
158,9,120,158,1
158,10,123,158,1
158,11,125,158,1
158,12,156,158,1
158,13,110,158,1
158,14,242,158,1
158,15,30,158,1
158,16,181,158,1
158,17,211,158,1
158,18,31,158,1
158,19,150,158,1
158,20,147,158,1
158,21,159,158,1
158,22,150,158,1
158,23,149,158,1
158,24,159,158,1
158,25,135,158,1
158,26,183,158,1
158,27,215,158,1
158,28,201,158,1
158,29,230,158,1
158,30,47,158,1
158,31,225,158,1
158,32,235,158,1
158,33,237,158,1
158,34,225,158,1
158,35,249,158,1
158,36,169,158,1
158,37,105,158,1
158,38,249,158,1
158,39,201,158,1
158,40,105,158,1
158,41,248,158,1
158,42,203,158,1
158,43,173,158,1
158,44,92,158,1
158,45,142,158,1
158,46,210,158,1
158,47,254,158,1
158,48,190,158,1
158,49,222,158,1
158,50,30,158,1
158,51,159,158,1
158,52,154,158,1
158,53,150,158,1
158,54,159,158,1
158,55,156,158,1
158,56,150,158,1
158,57,143,158,1
158,58,188,158,1
158,59,218,158,1
158,60,197,158,1
158,61,232,158,1
158,62,45,158,1
158,63,239,158,1
159,0,107,159,1
159,1,109,159,1
159,2,97,159,1
159,3,121,159,1
159,4,41,159,1
159,5,233,159,1
159,6,121,159,1
159,7,73,159,1
159,8,233,159,1
159,9,104,159,1
159,10,107,159,1
159,11,109,159,1
159,12,60,159,1
159,13,158,159,1
159,14,146,159,1
159,15,206,159,1
159,16,182,159,1
159,17,214,159,1
159,18,22,159,1
159,19,151,159,1
159,20,146,159,1
159,21,158,159,1
159,22,151,159,1
159,23,148,159,1
159,24,158,159,1
159,25,134,159,1
159,26,182,159,1
159,27,214,159,1
159,28,195,159,1
159,29,233,159,1
159,30,41,159,1
159,31,236,159,1
159,32,219,159,1
159,33,189,159,1
159,34,113,159,1
159,35,233,159,1
159,36,185,159,1
159,37,121,159,1
159,38,233,159,1
159,39,217,159,1
159,40,121,159,1
159,41,232,159,1
159,42,219,159,1
159,43,189,159,1
159,44,252,159,1
159,45,126,159,1
159,46,178,159,1
159,47,46,159,1
159,48,189,159,1
159,49,219,159,1
159,50,23,159,1
159,51,158,159,1
159,52,155,159,1
159,53,151,159,1
159,54,158,159,1
159,55,157,159,1
159,56,151,159,1
159,57,142,159,1
159,58,189,159,1
159,59,219,159,1
159,60,207,159,1
159,61,231,159,1
159,62,43,159,1
159,63,226,159,1
160,0,170,160,1
160,1,170,160,1
160,2,170,160,1
160,3,187,160,1
160,4,238,160,1
160,5,34,160,1
160,6,170,160,1
160,7,170,160,1
160,8,170,160,1
160,9,187,160,1
160,10,136,160,1
160,11,238,160,1
160,12,221,160,1
160,13,221,160,1
160,14,85,160,1
160,15,102,160,1
160,16,170,160,1
160,17,170,160,1
160,18,170,160,1
160,19,187,160,1
160,20,238,160,1
160,21,34,160,1
160,22,170,160,1
160,23,170,160,1
160,24,170,160,1
160,25,187,160,1
160,26,136,160,1
160,27,238,160,1
160,28,221,160,1
160,29,221,160,1
160,30,85,160,1
160,31,102,160,1
160,32,10,160,1
160,33,10,160,1
160,34,10,160,1
160,35,11,160,1
160,36,14,160,1
160,37,2,160,1
160,38,10,160,1
160,39,10,160,1
160,40,10,160,1
160,41,11,160,1
160,42,8,160,1
160,43,14,160,1
160,44,13,160,1
160,45,13,160,1
160,46,5,160,1
160,47,6,160,1
160,48,160,160,1
160,49,160,160,1
160,50,160,160,1
160,51,176,160,1
160,52,224,160,1
160,53,32,160,1
160,54,160,160,1
160,55,160,160,1
160,56,160,160,1
160,57,176,160,1
160,58,128,160,1
160,59,224,160,1
160,60,208,160,1
160,61,208,160,1
160,62,80,160,1
160,63,96,160,1
161,0,154,161,1
161,1,250,161,1
161,2,58,161,1
161,3,171,161,1
161,4,254,161,1
161,5,50,161,1
161,6,186,161,1
161,7,186,161,1
161,8,186,161,1
161,9,171,161,1
161,10,152,161,1
161,11,254,161,1
161,12,125,161,1
161,13,45,161,1
161,14,53,161,1
161,15,182,161,1
161,16,169,161,1
161,17,175,161,1
161,18,163,161,1
161,19,186,161,1
161,20,239,161,1
161,21,35,161,1
161,22,171,161,1
161,23,171,161,1
161,24,171,161,1
161,25,186,161,1
161,26,137,161,1
161,27,239,161,1
161,28,215,161,1
161,29,210,161,1
161,30,83,161,1
161,31,107,161,1
161,32,58,161,1
161,33,90,161,1
161,34,154,161,1
161,35,27,161,1
161,36,30,161,1
161,37,18,161,1
161,38,26,161,1
161,39,26,161,1
161,40,26,161,1
161,41,27,161,1
161,42,24,161,1
161,43,30,161,1
161,44,173,161,1
161,45,253,161,1
161,46,101,161,1
161,47,214,161,1
161,48,163,161,1
161,49,165,161,1
161,50,169,161,1
161,51,177,161,1
161,52,225,161,1
161,53,33,161,1
161,54,161,161,1
161,55,161,161,1
161,56,161,161,1
161,57,177,161,1
161,58,129,161,1
161,59,225,161,1
161,60,218,161,1
161,61,223,161,1
161,62,86,161,1
161,63,109,161,1
162,0,138,162,1
162,1,138,162,1
162,2,138,162,1
162,3,139,162,1
162,4,142,162,1
162,5,130,162,1
162,6,138,162,1
162,7,138,162,1
162,8,138,162,1
162,9,155,162,1
162,10,168,162,1
162,11,206,162,1
162,12,109,162,1
162,13,29,162,1
162,14,69,162,1
162,15,54,162,1
162,16,168,162,1
162,17,168,162,1
162,18,168,162,1
162,19,184,162,1
162,20,232,162,1
162,21,40,162,1
162,22,168,162,1
162,23,168,162,1
162,24,168,162,1
162,25,185,162,1
162,26,138,162,1
162,27,236,162,1
162,28,214,162,1
162,29,209,162,1
162,30,84,162,1
162,31,99,162,1
162,32,42,162,1
162,33,42,162,1
162,34,42,162,1
162,35,59,162,1
162,36,110,162,1
162,37,162,162,1
162,38,42,162,1
162,39,42,162,1
162,40,42,162,1
162,41,43,162,1
162,42,40,162,1
162,43,46,162,1
162,44,189,162,1
162,45,205,162,1
162,46,21,162,1
162,47,86,162,1
162,48,162,162,1
162,49,162,162,1
162,50,162,162,1
162,51,179,162,1
162,52,230,162,1
162,53,42,162,1
162,54,162,162,1
162,55,162,162,1
162,56,162,162,1
162,57,178,162,1
162,58,130,162,1
162,59,226,162,1
162,60,219,162,1
162,61,220,162,1
162,62,81,162,1
162,63,101,162,1
163,0,186,163,1
163,1,218,163,1
163,2,26,163,1
163,3,155,163,1
163,4,158,163,1
163,5,146,163,1
163,6,154,163,1
163,7,154,163,1
163,8,154,163,1
163,9,139,163,1
163,10,184,163,1
163,11,222,163,1
163,12,205,163,1
163,13,237,163,1
163,14,37,163,1
163,15,230,163,1
163,16,171,163,1
163,17,173,163,1
163,18,161,163,1
163,19,185,163,1
163,20,233,163,1
163,21,41,163,1
163,22,169,163,1
163,23,169,163,1
163,24,169,163,1
163,25,184,163,1
163,26,139,163,1
163,27,237,163,1
163,28,220,163,1
163,29,222,163,1
163,30,82,163,1
163,31,110,163,1
163,32,26,163,1
163,33,122,163,1
163,34,186,163,1
163,35,43,163,1
163,36,126,163,1
163,37,178,163,1
163,38,58,163,1
163,39,58,163,1
163,40,58,163,1
163,41,59,163,1
163,42,56,163,1
163,43,62,163,1
163,44,29,163,1
163,45,61,163,1
163,46,117,163,1
163,47,134,163,1
163,48,161,163,1
163,49,167,163,1
163,50,171,163,1
163,51,178,163,1
163,52,231,163,1
163,53,43,163,1
163,54,163,163,1
163,55,163,163,1
163,56,163,163,1
163,57,179,163,1
163,58,131,163,1
163,59,227,163,1
163,60,209,163,1
163,61,211,163,1
163,62,87,163,1
163,63,104,163,1
164,0,234,164,1
164,1,234,164,1
164,2,234,164,1
164,3,251,164,1
164,4,174,164,1
164,5,98,164,1
164,6,250,164,1
164,7,202,164,1
164,8,106,164,1
164,9,251,164,1
164,10,200,164,1
164,11,174,164,1
164,12,93,164,1
164,13,141,164,1
164,14,213,164,1
164,15,246,164,1
164,16,174,164,1
164,17,174,164,1
164,18,174,164,1
164,19,191,164,1
164,20,234,164,1
164,21,38,164,1
164,22,175,164,1
164,23,172,164,1
164,24,166,164,1
164,25,191,164,1
164,26,140,164,1
164,27,234,164,1
164,28,213,164,1
164,29,216,164,1
164,30,93,164,1
164,31,111,164,1
164,32,74,164,1
164,33,74,164,1
164,34,74,164,1
164,35,75,164,1
164,36,78,164,1
164,37,66,164,1
164,38,90,164,1
164,39,106,164,1
164,40,202,164,1
164,41,75,164,1
164,42,72,164,1
164,43,78,164,1
164,44,141,164,1
164,45,93,164,1
164,46,133,164,1
164,47,150,164,1
164,48,164,164,1
164,49,164,164,1
164,50,164,164,1
164,51,180,164,1
164,52,228,164,1
164,53,36,164,1
164,54,165,164,1
164,55,166,164,1
164,56,172,164,1
164,57,180,164,1
164,58,132,164,1
164,59,228,164,1
164,60,216,164,1
164,61,213,164,1
164,62,88,164,1
164,63,105,164,1
165,0,218,165,1
165,1,186,165,1
165,2,122,165,1
165,3,235,165,1
165,4,190,165,1
165,5,114,165,1
165,6,234,165,1
165,7,218,165,1
165,8,122,165,1
165,9,235,165,1
165,10,216,165,1
165,11,190,165,1
165,12,253,165,1
165,13,125,165,1
165,14,181,165,1
165,15,38,165,1
165,16,173,165,1
165,17,171,165,1
165,18,167,165,1
165,19,190,165,1
165,20,235,165,1
165,21,39,165,1
165,22,174,165,1
165,23,173,165,1
165,24,167,165,1
165,25,190,165,1
165,26,141,165,1
165,27,235,165,1
165,28,223,165,1
165,29,215,165,1
165,30,91,165,1
165,31,98,165,1
165,32,122,165,1
165,33,26,165,1
165,34,218,165,1
165,35,91,165,1
165,36,94,165,1
165,37,82,165,1
165,38,74,165,1
165,39,122,165,1
165,40,218,165,1
165,41,91,165,1
165,42,88,165,1
165,43,94,165,1
165,44,45,165,1
165,45,173,165,1
165,46,229,165,1
165,47,70,165,1
165,48,167,165,1
165,49,161,165,1
165,50,173,165,1
165,51,181,165,1
165,52,229,165,1
165,53,37,165,1
165,54,164,165,1
165,55,167,165,1
165,56,173,165,1
165,57,181,165,1
165,58,133,165,1
165,59,229,165,1
165,60,210,165,1
165,61,218,165,1
165,62,94,165,1
165,63,100,165,1
166,0,202,166,1
166,1,202,166,1
166,2,202,166,1
166,3,203,166,1
166,4,206,166,1
166,5,194,166,1
166,6,218,166,1
166,7,234,166,1
166,8,74,166,1
166,9,219,166,1
166,10,232,166,1
166,11,142,166,1
166,12,237,166,1
166,13,77,166,1
166,14,197,166,1
166,15,166,166,1
166,16,172,166,1
166,17,172,166,1
166,18,172,166,1
166,19,188,166,1
166,20,236,166,1
166,21,44,166,1
166,22,173,166,1
166,23,174,166,1
166,24,164,166,1
166,25,189,166,1
166,26,142,166,1
166,27,232,166,1
166,28,222,166,1
166,29,212,166,1
166,30,92,166,1
166,31,106,166,1
166,32,106,166,1
166,33,106,166,1
166,34,106,166,1
166,35,123,166,1
166,36,46,166,1
166,37,226,166,1
166,38,122,166,1
166,39,74,166,1
166,40,234,166,1
166,41,107,166,1
166,42,104,166,1
166,43,110,166,1
166,44,61,166,1
166,45,157,166,1
166,46,149,166,1
166,47,198,166,1
166,48,166,166,1
166,49,166,166,1
166,50,166,166,1
166,51,183,166,1
166,52,226,166,1
166,53,46,166,1
166,54,167,166,1
166,55,164,166,1
166,56,174,166,1
166,57,182,166,1
166,58,134,166,1
166,59,230,166,1
166,60,211,166,1
166,61,217,166,1
166,62,89,166,1
166,63,108,166,1
167,0,250,167,1
167,1,154,167,1
167,2,90,167,1
167,3,219,167,1
167,4,222,167,1
167,5,210,167,1
167,6,202,167,1
167,7,250,167,1
167,8,90,167,1
167,9,203,167,1
167,10,248,167,1
167,11,158,167,1
167,12,77,167,1
167,13,189,167,1
167,14,165,167,1
167,15,118,167,1
167,16,175,167,1
167,17,169,167,1
167,18,165,167,1
167,19,189,167,1
167,20,237,167,1
167,21,45,167,1
167,22,172,167,1
167,23,175,167,1
167,24,165,167,1
167,25,188,167,1
167,26,143,167,1
167,27,233,167,1
167,28,212,167,1
167,29,219,167,1
167,30,90,167,1
167,31,103,167,1
167,32,90,167,1
167,33,58,167,1
167,34,250,167,1
167,35,107,167,1
167,36,62,167,1
167,37,242,167,1
167,38,106,167,1
167,39,90,167,1
167,40,250,167,1
167,41,123,167,1
167,42,120,167,1
167,43,126,167,1
167,44,157,167,1
167,45,109,167,1
167,46,245,167,1
167,47,22,167,1
167,48,165,167,1
167,49,163,167,1
167,50,175,167,1
167,51,182,167,1
167,52,227,167,1
167,53,47,167,1
167,54,166,167,1
167,55,165,167,1
167,56,175,167,1
167,57,183,167,1
167,58,135,167,1
167,59,231,167,1
167,60,217,167,1
167,61,214,167,1
167,62,95,167,1
167,63,97,167,1
168,0,42,168,1
168,1,42,168,1
168,2,42,168,1
168,3,59,168,1
168,4,110,168,1
168,5,162,168,1
168,6,42,168,1
168,7,42,168,1
168,8,42,168,1
168,9,43,168,1
168,10,40,168,1
168,11,46,168,1
168,12,189,168,1
168,13,205,168,1
168,14,21,168,1
168,15,86,168,1
168,16,162,168,1
168,17,162,168,1
168,18,162,168,1
168,19,179,168,1
168,20,230,168,1
168,21,42,168,1
168,22,162,168,1
168,23,162,168,1
168,24,162,168,1
168,25,178,168,1
168,26,130,168,1
168,27,226,168,1
168,28,219,168,1
168,29,220,168,1
168,30,81,168,1
168,31,101,168,1
168,32,138,168,1
168,33,138,168,1
168,34,138,168,1
168,35,139,168,1
168,36,142,168,1
168,37,130,168,1
168,38,138,168,1
168,39,138,168,1
168,40,138,168,1
168,41,155,168,1
168,42,168,168,1
168,43,206,168,1
168,44,109,168,1
168,45,29,168,1
168,46,69,168,1
168,47,54,168,1
168,48,168,168,1
168,49,168,168,1
168,50,168,168,1
168,51,184,168,1
168,52,232,168,1
168,53,40,168,1
168,54,168,168,1
168,55,168,168,1
168,56,168,168,1
168,57,185,168,1
168,58,138,168,1
168,59,236,168,1
168,60,214,168,1
168,61,209,168,1
168,62,84,168,1
168,63,99,168,1
169,0,26,169,1
169,1,122,169,1
169,2,186,169,1
169,3,43,169,1
169,4,126,169,1
169,5,178,169,1
169,6,58,169,1
169,7,58,169,1
169,8,58,169,1
169,9,59,169,1
169,10,56,169,1
169,11,62,169,1
169,12,29,169,1
169,13,61,169,1
169,14,117,169,1
169,15,134,169,1
169,16,161,169,1
169,17,167,169,1
169,18,171,169,1
169,19,178,169,1
169,20,231,169,1
169,21,43,169,1
169,22,163,169,1
169,23,163,169,1
169,24,163,169,1
169,25,179,169,1
169,26,131,169,1
169,27,227,169,1
169,28,209,169,1
169,29,211,169,1
169,30,87,169,1
169,31,104,169,1
169,32,186,169,1
169,33,218,169,1
169,34,26,169,1
169,35,155,169,1
169,36,158,169,1
169,37,146,169,1
169,38,154,169,1
169,39,154,169,1
169,40,154,169,1
169,41,139,169,1
169,42,184,169,1
169,43,222,169,1
169,44,205,169,1
169,45,237,169,1
169,46,37,169,1
169,47,230,169,1
169,48,171,169,1
169,49,173,169,1
169,50,161,169,1
169,51,185,169,1
169,52,233,169,1
169,53,41,169,1
169,54,169,169,1
169,55,169,169,1
169,56,169,169,1
169,57,184,169,1
169,58,139,169,1
169,59,237,169,1
169,60,220,169,1
169,61,222,169,1
169,62,82,169,1
169,63,110,169,1
170,0,10,170,1
170,1,10,170,1
170,2,10,170,1
170,3,11,170,1
170,4,14,170,1
170,5,2,170,1
170,6,10,170,1
170,7,10,170,1
170,8,10,170,1
170,9,11,170,1
170,10,8,170,1
170,11,14,170,1
170,12,13,170,1
170,13,13,170,1
170,14,5,170,1
170,15,6,170,1
170,16,160,170,1
170,17,160,170,1
170,18,160,170,1
170,19,176,170,1
170,20,224,170,1
170,21,32,170,1
170,22,160,170,1
170,23,160,170,1
170,24,160,170,1
170,25,176,170,1
170,26,128,170,1
170,27,224,170,1
170,28,208,170,1
170,29,208,170,1
170,30,80,170,1
170,31,96,170,1
170,32,170,170,1
170,33,170,170,1
170,34,170,170,1
170,35,187,170,1
170,36,238,170,1
170,37,34,170,1
170,38,170,170,1
170,39,170,170,1
170,40,170,170,1
170,41,187,170,1
170,42,136,170,1
170,43,238,170,1
170,44,221,170,1
170,45,221,170,1
170,46,85,170,1
170,47,102,170,1
170,48,170,170,1
170,49,170,170,1
170,50,170,170,1
170,51,187,170,1
170,52,238,170,1
170,53,34,170,1
170,54,170,170,1
170,55,170,170,1
170,56,170,170,1
170,57,187,170,1
170,58,136,170,1
170,59,238,170,1
170,60,221,170,1
170,61,221,170,1
170,62,85,170,1
170,63,102,170,1
171,0,58,171,1
171,1,90,171,1
171,2,154,171,1
171,3,27,171,1
171,4,30,171,1
171,5,18,171,1
171,6,26,171,1
171,7,26,171,1
171,8,26,171,1
171,9,27,171,1
171,10,24,171,1
171,11,30,171,1
171,12,173,171,1
171,13,253,171,1
171,14,101,171,1
171,15,214,171,1
171,16,163,171,1
171,17,165,171,1
171,18,169,171,1
171,19,177,171,1
171,20,225,171,1
171,21,33,171,1
171,22,161,171,1
171,23,161,171,1
171,24,161,171,1
171,25,177,171,1
171,26,129,171,1
171,27,225,171,1
171,28,218,171,1
171,29,223,171,1
171,30,86,171,1
171,31,109,171,1
171,32,154,171,1
171,33,250,171,1
171,34,58,171,1
171,35,171,171,1
171,36,254,171,1
171,37,50,171,1
171,38,186,171,1
171,39,186,171,1
171,40,186,171,1
171,41,171,171,1
171,42,152,171,1
171,43,254,171,1
171,44,125,171,1
171,45,45,171,1
171,46,53,171,1
171,47,182,171,1
171,48,169,171,1
171,49,175,171,1
171,50,163,171,1
171,51,186,171,1
171,52,239,171,1
171,53,35,171,1
171,54,171,171,1
171,55,171,171,1
171,56,171,171,1
171,57,186,171,1
171,58,137,171,1
171,59,239,171,1
171,60,215,171,1
171,61,210,171,1
171,62,83,171,1
171,63,107,171,1
172,0,106,172,1
172,1,106,172,1
172,2,106,172,1
172,3,123,172,1
172,4,46,172,1
172,5,226,172,1
172,6,122,172,1
172,7,74,172,1
172,8,234,172,1
172,9,107,172,1
172,10,104,172,1
172,11,110,172,1
172,12,61,172,1
172,13,157,172,1
172,14,149,172,1
172,15,198,172,1
172,16,166,172,1
172,17,166,172,1
172,18,166,172,1
172,19,183,172,1
172,20,226,172,1
172,21,46,172,1
172,22,167,172,1
172,23,164,172,1
172,24,174,172,1
172,25,182,172,1
172,26,134,172,1
172,27,230,172,1
172,28,211,172,1
172,29,217,172,1
172,30,89,172,1
172,31,108,172,1
172,32,202,172,1
172,33,202,172,1
172,34,202,172,1
172,35,203,172,1
172,36,206,172,1
172,37,194,172,1
172,38,218,172,1
172,39,234,172,1
172,40,74,172,1
172,41,219,172,1
172,42,232,172,1
172,43,142,172,1
172,44,237,172,1
172,45,77,172,1
172,46,197,172,1
172,47,166,172,1
172,48,172,172,1
172,49,172,172,1
172,50,172,172,1
172,51,188,172,1
172,52,236,172,1
172,53,44,172,1
172,54,173,172,1
172,55,174,172,1
172,56,164,172,1
172,57,189,172,1
172,58,142,172,1
172,59,232,172,1
172,60,222,172,1
172,61,212,172,1
172,62,92,172,1
172,63,106,172,1
173,0,90,173,1
173,1,58,173,1
173,2,250,173,1
173,3,107,173,1
173,4,62,173,1
173,5,242,173,1
173,6,106,173,1
173,7,90,173,1
173,8,250,173,1
173,9,123,173,1
173,10,120,173,1
173,11,126,173,1
173,12,157,173,1
173,13,109,173,1
173,14,245,173,1
173,15,22,173,1
173,16,165,173,1
173,17,163,173,1
173,18,175,173,1
173,19,182,173,1
173,20,227,173,1
173,21,47,173,1
173,22,166,173,1
173,23,165,173,1
173,24,175,173,1
173,25,183,173,1
173,26,135,173,1
173,27,231,173,1
173,28,217,173,1
173,29,214,173,1
173,30,95,173,1
173,31,97,173,1
173,32,250,173,1
173,33,154,173,1
173,34,90,173,1
173,35,219,173,1
173,36,222,173,1
173,37,210,173,1
173,38,202,173,1
173,39,250,173,1
173,40,90,173,1
173,41,203,173,1
173,42,248,173,1
173,43,158,173,1
173,44,77,173,1
173,45,189,173,1
173,46,165,173,1
173,47,118,173,1
173,48,175,173,1
173,49,169,173,1
173,50,165,173,1
173,51,189,173,1
173,52,237,173,1
173,53,45,173,1
173,54,172,173,1
173,55,175,173,1
173,56,165,173,1
173,57,188,173,1
173,58,143,173,1
173,59,233,173,1
173,60,212,173,1
173,61,219,173,1
173,62,90,173,1
173,63,103,173,1
174,0,74,174,1
174,1,74,174,1
174,2,74,174,1
174,3,75,174,1
174,4,78,174,1
174,5,66,174,1
174,6,90,174,1
174,7,106,174,1
174,8,202,174,1
174,9,75,174,1
174,10,72,174,1
174,11,78,174,1
174,12,141,174,1
174,13,93,174,1
174,14,133,174,1
174,15,150,174,1
174,16,164,174,1
174,17,164,174,1
174,18,164,174,1
174,19,180,174,1
174,20,228,174,1
174,21,36,174,1
174,22,165,174,1
174,23,166,174,1
174,24,172,174,1
174,25,180,174,1
174,26,132,174,1
174,27,228,174,1
174,28,216,174,1
174,29,213,174,1
174,30,88,174,1
174,31,105,174,1
174,32,234,174,1
174,33,234,174,1
174,34,234,174,1
174,35,251,174,1
174,36,174,174,1
174,37,98,174,1
174,38,250,174,1
174,39,202,174,1
174,40,106,174,1
174,41,251,174,1
174,42,200,174,1
174,43,174,174,1
174,44,93,174,1
174,45,141,174,1
174,46,213,174,1
174,47,246,174,1
174,48,174,174,1
174,49,174,174,1
174,50,174,174,1
174,51,191,174,1
174,52,234,174,1
174,53,38,174,1
174,54,175,174,1
174,55,172,174,1
174,56,166,174,1
174,57,191,174,1
174,58,140,174,1
174,59,234,174,1
174,60,213,174,1
174,61,216,174,1
174,62,93,174,1
174,63,111,174,1
175,0,122,175,1
175,1,26,175,1
175,2,218,175,1
175,3,91,175,1
175,4,94,175,1
175,5,82,175,1
175,6,74,175,1
175,7,122,175,1
175,8,218,175,1
175,9,91,175,1
175,10,88,175,1
175,11,94,175,1
175,12,45,175,1
175,13,173,175,1
175,14,229,175,1
175,15,70,175,1
175,16,167,175,1
175,17,161,175,1
175,18,173,175,1
175,19,181,175,1
175,20,229,175,1
175,21,37,175,1
175,22,164,175,1
175,23,167,175,1
175,24,173,175,1
175,25,181,175,1
175,26,133,175,1
175,27,229,175,1
175,28,210,175,1
175,29,218,175,1
175,30,94,175,1
175,31,100,175,1
175,32,218,175,1
175,33,186,175,1
175,34,122,175,1
175,35,235,175,1
175,36,190,175,1
175,37,114,175,1
175,38,234,175,1
175,39,218,175,1
175,40,122,175,1
175,41,235,175,1
175,42,216,175,1
175,43,190,175,1
175,44,253,175,1
175,45,125,175,1
175,46,181,175,1
175,47,38,175,1
175,48,173,175,1
175,49,171,175,1
175,50,167,175,1
175,51,190,175,1
175,52,235,175,1
175,53,39,175,1
175,54,174,175,1
175,55,173,175,1
175,56,167,175,1
175,57,190,175,1
175,58,141,175,1
175,59,235,175,1
175,60,223,175,1
175,61,215,175,1
175,62,91,175,1
175,63,98,175,1
176,0,153,176,1
176,1,255,176,1
176,2,51,176,1
176,3,170,176,1
176,4,255,176,1
176,5,51,176,1
176,6,187,176,1
176,7,187,176,1
176,8,187,176,1
176,9,170,176,1
176,10,153,176,1
176,11,255,176,1
176,12,119,176,1
176,13,34,176,1
176,14,51,176,1
176,15,187,176,1
176,16,153,176,1
176,17,255,176,1
176,18,51,176,1
176,19,170,176,1
176,20,255,176,1
176,21,51,176,1
176,22,187,176,1
176,23,187,176,1
176,24,187,176,1
176,25,170,176,1
176,26,153,176,1
176,27,255,176,1
176,28,119,176,1
176,29,34,176,1
176,30,51,176,1
176,31,187,176,1
176,32,9,176,1
176,33,15,176,1
176,34,3,176,1
176,35,10,176,1
176,36,15,176,1
176,37,3,176,1
176,38,11,176,1
176,39,11,176,1
176,40,11,176,1
176,41,10,176,1
176,42,9,176,1
176,43,15,176,1
176,44,7,176,1
176,45,2,176,1
176,46,3,176,1
176,47,11,176,1
176,48,144,176,1
176,49,240,176,1
176,50,48,176,1
176,51,160,176,1
176,52,240,176,1
176,53,48,176,1
176,54,176,176,1
176,55,176,176,1
176,56,176,176,1
176,57,160,176,1
176,58,144,176,1
176,59,240,176,1
176,60,112,176,1
176,61,32,176,1
176,62,48,176,1
176,63,176,176,1
177,0,169,177,1
177,1,175,177,1
177,2,163,177,1
177,3,186,177,1
177,4,239,177,1
177,5,35,177,1
177,6,171,177,1
177,7,171,177,1
177,8,171,177,1
177,9,186,177,1
177,10,137,177,1
177,11,239,177,1
177,12,215,177,1
177,13,210,177,1
177,14,83,177,1
177,15,107,177,1
177,16,154,177,1
177,17,250,177,1
177,18,58,177,1
177,19,171,177,1
177,20,254,177,1
177,21,50,177,1
177,22,186,177,1
177,23,186,177,1
177,24,186,177,1
177,25,171,177,1
177,26,152,177,1
177,27,254,177,1
177,28,125,177,1
177,29,45,177,1
177,30,53,177,1
177,31,182,177,1
177,32,57,177,1
177,33,95,177,1
177,34,147,177,1
177,35,26,177,1
177,36,31,177,1
177,37,19,177,1
177,38,27,177,1
177,39,27,177,1
177,40,27,177,1
177,41,26,177,1
177,42,25,177,1
177,43,31,177,1
177,44,167,177,1
177,45,242,177,1
177,46,99,177,1
177,47,219,177,1
177,48,147,177,1
177,49,245,177,1
177,50,57,177,1
177,51,161,177,1
177,52,241,177,1
177,53,49,177,1
177,54,177,177,1
177,55,177,177,1
177,56,177,177,1
177,57,161,177,1
177,58,145,177,1
177,59,241,177,1
177,60,122,177,1
177,61,47,177,1
177,62,54,177,1
177,63,189,177,1
178,0,185,178,1
178,1,223,178,1
178,2,19,178,1
178,3,154,178,1
178,4,159,178,1
178,5,147,178,1
178,6,155,178,1
178,7,155,178,1
178,8,155,178,1
178,9,138,178,1
178,10,185,178,1
178,11,223,178,1
178,12,199,178,1
178,13,226,178,1
178,14,35,178,1
178,15,235,178,1
178,16,155,178,1
178,17,253,178,1
178,18,49,178,1
178,19,169,178,1
178,20,249,178,1
178,21,57,178,1
178,22,185,178,1
178,23,185,178,1
178,24,185,178,1
178,25,168,178,1
178,26,155,178,1
178,27,253,178,1
178,28,124,178,1
178,29,46,178,1
178,30,50,178,1
178,31,190,178,1
178,32,41,178,1
178,33,47,178,1
178,34,35,178,1
178,35,58,178,1
178,36,111,178,1
178,37,163,178,1
178,38,43,178,1
178,39,43,178,1
178,40,43,178,1
178,41,42,178,1
178,42,41,178,1
178,43,47,178,1
178,44,183,178,1
178,45,194,178,1
178,46,19,178,1
178,47,91,178,1
178,48,146,178,1
178,49,242,178,1
178,50,50,178,1
178,51,163,178,1
178,52,246,178,1
178,53,58,178,1
178,54,178,178,1
178,55,178,178,1
178,56,178,178,1
178,57,162,178,1
178,58,146,178,1
178,59,242,178,1
178,60,123,178,1
178,61,44,178,1
178,62,49,178,1
178,63,181,178,1
179,0,137,179,1
179,1,143,179,1
179,2,131,179,1
179,3,138,179,1
179,4,143,179,1
179,5,131,179,1
179,6,139,179,1
179,7,139,179,1
179,8,139,179,1
179,9,154,179,1
179,10,169,179,1
179,11,207,179,1
179,12,103,179,1
179,13,18,179,1
179,14,67,179,1
179,15,59,179,1
179,16,152,179,1
179,17,248,179,1
179,18,56,179,1
179,19,168,179,1
179,20,248,179,1
179,21,56,179,1
179,22,184,179,1
179,23,184,179,1
179,24,184,179,1
179,25,169,179,1
179,26,154,179,1
179,27,252,179,1
179,28,118,179,1
179,29,33,179,1
179,30,52,179,1
179,31,179,179,1
179,32,25,179,1
179,33,127,179,1
179,34,179,179,1
179,35,42,179,1
179,36,127,179,1
179,37,179,179,1
179,38,59,179,1
179,39,59,179,1
179,40,59,179,1
179,41,58,179,1
179,42,57,179,1
179,43,63,179,1
179,44,23,179,1
179,45,50,179,1
179,46,115,179,1
179,47,139,179,1
179,48,145,179,1
179,49,247,179,1
179,50,59,179,1
179,51,162,179,1
179,52,247,179,1
179,53,59,179,1
179,54,179,179,1
179,55,179,179,1
179,56,179,179,1
179,57,163,179,1
179,58,147,179,1
179,59,243,179,1
179,60,113,179,1
179,61,35,179,1
179,62,55,179,1
179,63,184,179,1
180,0,217,180,1
180,1,191,180,1
180,2,115,180,1
180,3,234,180,1
180,4,191,180,1
180,5,115,180,1
180,6,235,180,1
180,7,219,180,1
180,8,123,180,1
180,9,234,180,1
180,10,217,180,1
180,11,191,180,1
180,12,247,180,1
180,13,114,180,1
180,14,179,180,1
180,15,43,180,1
180,16,157,180,1
180,17,251,180,1
180,18,55,180,1
180,19,174,180,1
180,20,251,180,1
180,21,55,180,1
180,22,190,180,1
180,23,189,180,1
180,24,183,180,1
180,25,174,180,1
180,26,157,180,1
180,27,251,180,1
180,28,127,180,1
180,29,39,180,1
180,30,59,180,1
180,31,178,180,1
180,32,73,180,1
180,33,79,180,1
180,34,67,180,1
180,35,74,180,1
180,36,79,180,1
180,37,67,180,1
180,38,91,180,1
180,39,107,180,1
180,40,203,180,1
180,41,74,180,1
180,42,73,180,1
180,43,79,180,1
180,44,135,180,1
180,45,82,180,1
180,46,131,180,1
180,47,155,180,1
180,48,148,180,1
180,49,244,180,1
180,50,52,180,1
180,51,164,180,1
180,52,244,180,1
180,53,52,180,1
180,54,181,180,1
180,55,182,180,1
180,56,188,180,1
180,57,164,180,1
180,58,148,180,1
180,59,244,180,1
180,60,120,180,1
180,61,37,180,1
180,62,56,180,1
180,63,185,180,1
181,0,233,181,1
181,1,239,181,1
181,2,227,181,1
181,3,250,181,1
181,4,175,181,1
181,5,99,181,1
181,6,251,181,1
181,7,203,181,1
181,8,107,181,1
181,9,250,181,1
181,10,201,181,1
181,11,175,181,1
181,12,87,181,1
181,13,130,181,1
181,14,211,181,1
181,15,251,181,1
181,16,158,181,1
181,17,254,181,1
181,18,62,181,1
181,19,175,181,1
181,20,250,181,1
181,21,54,181,1
181,22,191,181,1
181,23,188,181,1
181,24,182,181,1
181,25,175,181,1
181,26,156,181,1
181,27,250,181,1
181,28,117,181,1
181,29,40,181,1
181,30,61,181,1
181,31,191,181,1
181,32,121,181,1
181,33,31,181,1
181,34,211,181,1
181,35,90,181,1
181,36,95,181,1
181,37,83,181,1
181,38,75,181,1
181,39,123,181,1
181,40,219,181,1
181,41,90,181,1
181,42,89,181,1
181,43,95,181,1
181,44,39,181,1
181,45,162,181,1
181,46,227,181,1
181,47,75,181,1
181,48,151,181,1
181,49,241,181,1
181,50,61,181,1
181,51,165,181,1
181,52,245,181,1
181,53,53,181,1
181,54,180,181,1
181,55,183,181,1
181,56,189,181,1
181,57,165,181,1
181,58,149,181,1
181,59,245,181,1
181,60,114,181,1
181,61,42,181,1
181,62,62,181,1
181,63,180,181,1
182,0,249,182,1
182,1,159,182,1
182,2,83,182,1
182,3,218,182,1
182,4,223,182,1
182,5,211,182,1
182,6,203,182,1
182,7,251,182,1
182,8,91,182,1
182,9,202,182,1
182,10,249,182,1
182,11,159,182,1
182,12,71,182,1
182,13,178,182,1
182,14,163,182,1
182,15,123,182,1
182,16,159,182,1
182,17,249,182,1
182,18,53,182,1
182,19,173,182,1
182,20,253,182,1
182,21,61,182,1
182,22,188,182,1
182,23,191,182,1
182,24,181,182,1
182,25,172,182,1
182,26,159,182,1
182,27,249,182,1
182,28,116,182,1
182,29,43,182,1
182,30,58,182,1
182,31,183,182,1
182,32,105,182,1
182,33,111,182,1
182,34,99,182,1
182,35,122,182,1
182,36,47,182,1
182,37,227,182,1
182,38,123,182,1
182,39,75,182,1
182,40,235,182,1
182,41,106,182,1
182,42,105,182,1
182,43,111,182,1
182,44,55,182,1
182,45,146,182,1
182,46,147,182,1
182,47,203,182,1
182,48,150,182,1
182,49,246,182,1
182,50,54,182,1
182,51,167,182,1
182,52,242,182,1
182,53,62,182,1
182,54,183,182,1
182,55,180,182,1
182,56,190,182,1
182,57,166,182,1
182,58,150,182,1
182,59,246,182,1
182,60,115,182,1
182,61,41,182,1
182,62,57,182,1
182,63,188,182,1
183,0,201,183,1
183,1,207,183,1
183,2,195,183,1
183,3,202,183,1
183,4,207,183,1
183,5,195,183,1
183,6,219,183,1
183,7,235,183,1
183,8,75,183,1
183,9,218,183,1
183,10,233,183,1
183,11,143,183,1
183,12,231,183,1
183,13,66,183,1
183,14,195,183,1
183,15,171,183,1
183,16,156,183,1
183,17,252,183,1
183,18,60,183,1
183,19,172,183,1
183,20,252,183,1
183,21,60,183,1
183,22,189,183,1
183,23,190,183,1
183,24,180,183,1
183,25,173,183,1
183,26,158,183,1
183,27,248,183,1
183,28,126,183,1
183,29,36,183,1
183,30,60,183,1
183,31,186,183,1
183,32,89,183,1
183,33,63,183,1
183,34,243,183,1
183,35,106,183,1
183,36,63,183,1
183,37,243,183,1
183,38,107,183,1
183,39,91,183,1
183,40,251,183,1
183,41,122,183,1
183,42,121,183,1
183,43,127,183,1
183,44,151,183,1
183,45,98,183,1
183,46,243,183,1
183,47,27,183,1
183,48,149,183,1
183,49,243,183,1
183,50,63,183,1
183,51,166,183,1
183,52,243,183,1
183,53,63,183,1
183,54,182,183,1
183,55,181,183,1
183,56,191,183,1
183,57,167,183,1
183,58,151,183,1
183,59,247,183,1
183,60,121,183,1
183,61,38,183,1
183,62,63,183,1
183,63,177,183,1
184,0,25,184,1
184,1,127,184,1
184,2,179,184,1
184,3,42,184,1
184,4,127,184,1
184,5,179,184,1
184,6,59,184,1
184,7,59,184,1
184,8,59,184,1
184,9,58,184,1
184,10,57,184,1
184,11,63,184,1
184,12,23,184,1
184,13,50,184,1
184,14,115,184,1
184,15,139,184,1
184,16,145,184,1
184,17,247,184,1
184,18,59,184,1
184,19,162,184,1
184,20,247,184,1
184,21,59,184,1
184,22,179,184,1
184,23,179,184,1
184,24,179,184,1
184,25,163,184,1
184,26,147,184,1
184,27,243,184,1
184,28,113,184,1
184,29,35,184,1
184,30,55,184,1
184,31,184,184,1
184,32,137,184,1
184,33,143,184,1
184,34,131,184,1
184,35,138,184,1
184,36,143,184,1
184,37,131,184,1
184,38,139,184,1
184,39,139,184,1
184,40,139,184,1
184,41,154,184,1
184,42,169,184,1
184,43,207,184,1
184,44,103,184,1
184,45,18,184,1
184,46,67,184,1
184,47,59,184,1
184,48,152,184,1
184,49,248,184,1
184,50,56,184,1
184,51,168,184,1
184,52,248,184,1
184,53,56,184,1
184,54,184,184,1
184,55,184,184,1
184,56,184,184,1
184,57,169,184,1
184,58,154,184,1
184,59,252,184,1
184,60,118,184,1
184,61,33,184,1
184,62,52,184,1
184,63,179,184,1
185,0,41,185,1
185,1,47,185,1
185,2,35,185,1
185,3,58,185,1
185,4,111,185,1
185,5,163,185,1
185,6,43,185,1
185,7,43,185,1
185,8,43,185,1
185,9,42,185,1
185,10,41,185,1
185,11,47,185,1
185,12,183,185,1
185,13,194,185,1
185,14,19,185,1
185,15,91,185,1
185,16,146,185,1
185,17,242,185,1
185,18,50,185,1
185,19,163,185,1
185,20,246,185,1
185,21,58,185,1
185,22,178,185,1
185,23,178,185,1
185,24,178,185,1
185,25,162,185,1
185,26,146,185,1
185,27,242,185,1
185,28,123,185,1
185,29,44,185,1
185,30,49,185,1
185,31,181,185,1
185,32,185,185,1
185,33,223,185,1
185,34,19,185,1
185,35,154,185,1
185,36,159,185,1
185,37,147,185,1
185,38,155,185,1
185,39,155,185,1
185,40,155,185,1
185,41,138,185,1
185,42,185,185,1
185,43,223,185,1
185,44,199,185,1
185,45,226,185,1
185,46,35,185,1
185,47,235,185,1
185,48,155,185,1
185,49,253,185,1
185,50,49,185,1
185,51,169,185,1
185,52,249,185,1
185,53,57,185,1
185,54,185,185,1
185,55,185,185,1
185,56,185,185,1
185,57,168,185,1
185,58,155,185,1
185,59,253,185,1
185,60,124,185,1
185,61,46,185,1
185,62,50,185,1
185,63,190,185,1
186,0,57,186,1
186,1,95,186,1
186,2,147,186,1
186,3,26,186,1
186,4,31,186,1
186,5,19,186,1
186,6,27,186,1
186,7,27,186,1
186,8,27,186,1
186,9,26,186,1
186,10,25,186,1
186,11,31,186,1
186,12,167,186,1
186,13,242,186,1
186,14,99,186,1
186,15,219,186,1
186,16,147,186,1
186,17,245,186,1
186,18,57,186,1
186,19,161,186,1
186,20,241,186,1
186,21,49,186,1
186,22,177,186,1
186,23,177,186,1
186,24,177,186,1
186,25,161,186,1
186,26,145,186,1
186,27,241,186,1
186,28,122,186,1
186,29,47,186,1
186,30,54,186,1
186,31,189,186,1
186,32,169,186,1
186,33,175,186,1
186,34,163,186,1
186,35,186,186,1
186,36,239,186,1
186,37,35,186,1
186,38,171,186,1
186,39,171,186,1
186,40,171,186,1
186,41,186,186,1
186,42,137,186,1
186,43,239,186,1
186,44,215,186,1
186,45,210,186,1
186,46,83,186,1
186,47,107,186,1
186,48,154,186,1
186,49,250,186,1
186,50,58,186,1
186,51,171,186,1
186,52,254,186,1
186,53,50,186,1
186,54,186,186,1
186,55,186,186,1
186,56,186,186,1
186,57,171,186,1
186,58,152,186,1
186,59,254,186,1
186,60,125,186,1
186,61,45,186,1
186,62,53,186,1
186,63,182,186,1
187,0,9,187,1
187,1,15,187,1
187,2,3,187,1
187,3,10,187,1
187,4,15,187,1
187,5,3,187,1
187,6,11,187,1
187,7,11,187,1
187,8,11,187,1
187,9,10,187,1
187,10,9,187,1
187,11,15,187,1
187,12,7,187,1
187,13,2,187,1
187,14,3,187,1
187,15,11,187,1
187,16,144,187,1
187,17,240,187,1
187,18,48,187,1
187,19,160,187,1
187,20,240,187,1
187,21,48,187,1
187,22,176,187,1
187,23,176,187,1
187,24,176,187,1
187,25,160,187,1
187,26,144,187,1
187,27,240,187,1
187,28,112,187,1
187,29,32,187,1
187,30,48,187,1
187,31,176,187,1
187,32,153,187,1
187,33,255,187,1
187,34,51,187,1
187,35,170,187,1
187,36,255,187,1
187,37,51,187,1
187,38,187,187,1
187,39,187,187,1
187,40,187,187,1
187,41,170,187,1
187,42,153,187,1
187,43,255,187,1
187,44,119,187,1
187,45,34,187,1
187,46,51,187,1
187,47,187,187,1
187,48,153,187,1
187,49,255,187,1
187,50,51,187,1
187,51,170,187,1
187,52,255,187,1
187,53,51,187,1
187,54,187,187,1
187,55,187,187,1
187,56,187,187,1
187,57,170,187,1
187,58,153,187,1
187,59,255,187,1
187,60,119,187,1
187,61,34,187,1
187,62,51,187,1
187,63,187,187,1
188,0,89,188,1
188,1,63,188,1
188,2,243,188,1
188,3,106,188,1
188,4,63,188,1
188,5,243,188,1
188,6,107,188,1
188,7,91,188,1
188,8,251,188,1
188,9,122,188,1
188,10,121,188,1
188,11,127,188,1
188,12,151,188,1
188,13,98,188,1
188,14,243,188,1
188,15,27,188,1
188,16,149,188,1
188,17,243,188,1
188,18,63,188,1
188,19,166,188,1
188,20,243,188,1
188,21,63,188,1
188,22,182,188,1
188,23,181,188,1
188,24,191,188,1
188,25,167,188,1
188,26,151,188,1
188,27,247,188,1
188,28,121,188,1
188,29,38,188,1
188,30,63,188,1
188,31,177,188,1
188,32,201,188,1
188,33,207,188,1
188,34,195,188,1
188,35,202,188,1
188,36,207,188,1
188,37,195,188,1
188,38,219,188,1
188,39,235,188,1
188,40,75,188,1
188,41,218,188,1
188,42,233,188,1
188,43,143,188,1
188,44,231,188,1
188,45,66,188,1
188,46,195,188,1
188,47,171,188,1
188,48,156,188,1
188,49,252,188,1
188,50,60,188,1
188,51,172,188,1
188,52,252,188,1
188,53,60,188,1
188,54,189,188,1
188,55,190,188,1
188,56,180,188,1
188,57,173,188,1
188,58,158,188,1
188,59,248,188,1
188,60,126,188,1
188,61,36,188,1
188,62,60,188,1
188,63,186,188,1
189,0,105,189,1
189,1,111,189,1
189,2,99,189,1
189,3,122,189,1
189,4,47,189,1
189,5,227,189,1
189,6,123,189,1
189,7,75,189,1
189,8,235,189,1
189,9,106,189,1
189,10,105,189,1
189,11,111,189,1
189,12,55,189,1
189,13,146,189,1
189,14,147,189,1
189,15,203,189,1
189,16,150,189,1
189,17,246,189,1
189,18,54,189,1
189,19,167,189,1
189,20,242,189,1
189,21,62,189,1
189,22,183,189,1
189,23,180,189,1
189,24,190,189,1
189,25,166,189,1
189,26,150,189,1
189,27,246,189,1
189,28,115,189,1
189,29,41,189,1
189,30,57,189,1
189,31,188,189,1
189,32,249,189,1
189,33,159,189,1
189,34,83,189,1
189,35,218,189,1
189,36,223,189,1
189,37,211,189,1
189,38,203,189,1
189,39,251,189,1
189,40,91,189,1
189,41,202,189,1
189,42,249,189,1
189,43,159,189,1
189,44,71,189,1
189,45,178,189,1
189,46,163,189,1
189,47,123,189,1
189,48,159,189,1
189,49,249,189,1
189,50,53,189,1
189,51,173,189,1
189,52,253,189,1
189,53,61,189,1
189,54,188,189,1
189,55,191,189,1
189,56,181,189,1
189,57,172,189,1
189,58,159,189,1
189,59,249,189,1
189,60,116,189,1
189,61,43,189,1
189,62,58,189,1
189,63,183,189,1
190,0,121,190,1
190,1,31,190,1
190,2,211,190,1
190,3,90,190,1
190,4,95,190,1
190,5,83,190,1
190,6,75,190,1
190,7,123,190,1
190,8,219,190,1
190,9,90,190,1
190,10,89,190,1
190,11,95,190,1
190,12,39,190,1
190,13,162,190,1
190,14,227,190,1
190,15,75,190,1
190,16,151,190,1
190,17,241,190,1
190,18,61,190,1
190,19,165,190,1
190,20,245,190,1
190,21,53,190,1
190,22,180,190,1
190,23,183,190,1
190,24,189,190,1
190,25,165,190,1
190,26,149,190,1
190,27,245,190,1
190,28,114,190,1
190,29,42,190,1
190,30,62,190,1
190,31,180,190,1
190,32,233,190,1
190,33,239,190,1
190,34,227,190,1
190,35,250,190,1
190,36,175,190,1
190,37,99,190,1
190,38,251,190,1
190,39,203,190,1
190,40,107,190,1
190,41,250,190,1
190,42,201,190,1
190,43,175,190,1
190,44,87,190,1
190,45,130,190,1
190,46,211,190,1
190,47,251,190,1
190,48,158,190,1
190,49,254,190,1
190,50,62,190,1
190,51,175,190,1
190,52,250,190,1
190,53,54,190,1
190,54,191,190,1
190,55,188,190,1
190,56,182,190,1
190,57,175,190,1
190,58,156,190,1
190,59,250,190,1
190,60,117,190,1
190,61,40,190,1
190,62,61,190,1
190,63,191,190,1
191,0,73,191,1
191,1,79,191,1
191,2,67,191,1
191,3,74,191,1
191,4,79,191,1
191,5,67,191,1
191,6,91,191,1
191,7,107,191,1
191,8,203,191,1
191,9,74,191,1
191,10,73,191,1
191,11,79,191,1
191,12,135,191,1
191,13,82,191,1
191,14,131,191,1
191,15,155,191,1
191,16,148,191,1
191,17,244,191,1
191,18,52,191,1
191,19,164,191,1
191,20,244,191,1
191,21,52,191,1
191,22,181,191,1
191,23,182,191,1
191,24,188,191,1
191,25,164,191,1
191,26,148,191,1
191,27,244,191,1
191,28,120,191,1
191,29,37,191,1
191,30,56,191,1
191,31,185,191,1
191,32,217,191,1
191,33,191,191,1
191,34,115,191,1
191,35,234,191,1
191,36,191,191,1
191,37,115,191,1
191,38,235,191,1
191,39,219,191,1
191,40,123,191,1
191,41,234,191,1
191,42,217,191,1
191,43,191,191,1
191,44,247,191,1
191,45,114,191,1
191,46,179,191,1
191,47,43,191,1
191,48,157,191,1
191,49,251,191,1
191,50,55,191,1
191,51,174,191,1
191,52,251,191,1
191,53,55,191,1
191,54,190,191,1
191,55,189,191,1
191,56,183,191,1
191,57,174,191,1
191,58,157,191,1
191,59,251,191,1
191,60,127,191,1
191,61,39,191,1
191,62,59,191,1
191,63,178,191,1
192,0,204,192,1
192,1,204,192,1
192,2,204,192,1
192,3,204,192,1
192,4,204,192,1
192,5,204,192,1
192,6,221,192,1
192,7,238,192,1
192,8,68,192,1
192,9,221,192,1
192,10,238,192,1
192,11,136,192,1
192,12,238,192,1
192,13,68,192,1
192,14,204,192,1
192,15,170,192,1
192,16,204,192,1
192,17,204,192,1
192,18,204,192,1
192,19,204,192,1
192,20,204,192,1
192,21,204,192,1
192,22,221,192,1
192,23,238,192,1
192,24,68,192,1
192,25,221,192,1
192,26,238,192,1
192,27,136,192,1
192,28,238,192,1
192,29,68,192,1
192,30,204,192,1
192,31,170,192,1
192,32,12,192,1
192,33,12,192,1
192,34,12,192,1
192,35,12,192,1
192,36,12,192,1
192,37,12,192,1
192,38,13,192,1
192,39,14,192,1
192,40,4,192,1
192,41,13,192,1
192,42,14,192,1
192,43,8,192,1
192,44,14,192,1
192,45,4,192,1
192,46,12,192,1
192,47,10,192,1
192,48,192,192,1
192,49,192,192,1
192,50,192,192,1
192,51,192,192,1
192,52,192,192,1
192,53,192,192,1
192,54,208,192,1
192,55,224,192,1
192,56,64,192,1
192,57,208,192,1
192,58,224,192,1
192,59,128,192,1
192,60,224,192,1
192,61,64,192,1
192,62,192,192,1
192,63,160,192,1
193,0,252,193,1
193,1,156,193,1
193,2,92,193,1
193,3,220,193,1
193,4,220,193,1
193,5,220,193,1
193,6,205,193,1
193,7,254,193,1
193,8,84,193,1
193,9,205,193,1
193,10,254,193,1
193,11,152,193,1
193,12,78,193,1
193,13,180,193,1
193,14,172,193,1
193,15,122,193,1
193,16,207,193,1
193,17,201,193,1
193,18,197,193,1
193,19,205,193,1
193,20,205,193,1
193,21,205,193,1
193,22,220,193,1
193,23,239,193,1
193,24,69,193,1
193,25,220,193,1
193,26,239,193,1
193,27,137,193,1
193,28,228,193,1
193,29,75,193,1
193,30,202,193,1
193,31,167,193,1
193,32,60,193,1
193,33,92,193,1
193,34,156,193,1
193,35,28,193,1
193,36,28,193,1
193,37,28,193,1
193,38,29,193,1
193,39,30,193,1
193,40,20,193,1
193,41,29,193,1
193,42,30,193,1
193,43,24,193,1
193,44,174,193,1
193,45,244,193,1
193,46,108,193,1
193,47,218,193,1
193,48,195,193,1
193,49,197,193,1
193,50,201,193,1
193,51,193,193,1
193,52,193,193,1
193,53,193,193,1
193,54,209,193,1
193,55,225,193,1
193,56,65,193,1
193,57,209,193,1
193,58,225,193,1
193,59,129,193,1
193,60,234,193,1
193,61,79,193,1
193,62,198,193,1
193,63,173,193,1
194,0,236,194,1
194,1,236,194,1
194,2,236,194,1
194,3,252,194,1
194,4,172,194,1
194,5,108,194,1
194,6,253,194,1
194,7,206,194,1
194,8,100,194,1
194,9,253,194,1
194,10,206,194,1
194,11,168,194,1
194,12,94,194,1
194,13,132,194,1
194,14,220,194,1
194,15,250,194,1
194,16,206,194,1
194,17,206,194,1
194,18,206,194,1
194,19,207,194,1
194,20,202,194,1
194,21,198,194,1
194,22,223,194,1
194,23,236,194,1
194,24,70,194,1
194,25,223,194,1
194,26,236,194,1
194,27,138,194,1
194,28,229,194,1
194,29,72,194,1
194,30,205,194,1
194,31,175,194,1
194,32,44,194,1
194,33,44,194,1
194,34,44,194,1
194,35,60,194,1
194,36,108,194,1
194,37,172,194,1
194,38,45,194,1
194,39,46,194,1
194,40,36,194,1
194,41,45,194,1
194,42,46,194,1
194,43,40,194,1
194,44,190,194,1
194,45,196,194,1
194,46,28,194,1
194,47,90,194,1
194,48,194,194,1
194,49,194,194,1
194,50,194,194,1
194,51,195,194,1
194,52,198,194,1
194,53,202,194,1
194,54,210,194,1
194,55,226,194,1
194,56,66,194,1
194,57,210,194,1
194,58,226,194,1
194,59,130,194,1
194,60,235,194,1
194,61,76,194,1
194,62,193,194,1
194,63,165,194,1
195,0,220,195,1
195,1,188,195,1
195,2,124,195,1
195,3,236,195,1
195,4,188,195,1
195,5,124,195,1
195,6,237,195,1
195,7,222,195,1
195,8,116,195,1
195,9,237,195,1
195,10,222,195,1
195,11,184,195,1
195,12,254,195,1
195,13,116,195,1
195,14,188,195,1
195,15,42,195,1
195,16,205,195,1
195,17,203,195,1
195,18,199,195,1
195,19,206,195,1
195,20,203,195,1
195,21,199,195,1
195,22,222,195,1
195,23,237,195,1
195,24,71,195,1
195,25,222,195,1
195,26,237,195,1
195,27,139,195,1
195,28,239,195,1
195,29,71,195,1
195,30,203,195,1
195,31,162,195,1
195,32,28,195,1
195,33,124,195,1
195,34,188,195,1
195,35,44,195,1
195,36,124,195,1
195,37,188,195,1
195,38,61,195,1
195,39,62,195,1
195,40,52,195,1
195,41,61,195,1
195,42,62,195,1
195,43,56,195,1
195,44,30,195,1
195,45,52,195,1
195,46,124,195,1
195,47,138,195,1
195,48,193,195,1
195,49,199,195,1
195,50,203,195,1
195,51,194,195,1
195,52,199,195,1
195,53,203,195,1
195,54,211,195,1
195,55,227,195,1
195,56,67,195,1
195,57,211,195,1
195,58,227,195,1
195,59,131,195,1
195,60,225,195,1
195,61,67,195,1
195,62,199,195,1
195,63,168,195,1
196,0,140,196,1
196,1,140,196,1
196,2,140,196,1
196,3,140,196,1
196,4,140,196,1
196,5,140,196,1
196,6,141,196,1
196,7,142,196,1
196,8,132,196,1
196,9,157,196,1
196,10,174,196,1
196,11,200,196,1
196,12,110,196,1
196,13,20,196,1
196,14,76,196,1
196,15,58,196,1
196,16,200,196,1
196,17,200,196,1
196,18,200,196,1
196,19,200,196,1
196,20,200,196,1
196,21,200,196,1
196,22,216,196,1
196,23,232,196,1
196,24,72,196,1
196,25,217,196,1
196,26,234,196,1
196,27,140,196,1
196,28,230,196,1
196,29,65,196,1
196,30,196,196,1
196,31,163,196,1
196,32,76,196,1
196,33,76,196,1
196,34,76,196,1
196,35,76,196,1
196,36,76,196,1
196,37,76,196,1
196,38,93,196,1
196,39,110,196,1
196,40,196,196,1
196,41,77,196,1
196,42,78,196,1
196,43,72,196,1
196,44,142,196,1
196,45,84,196,1
196,46,140,196,1
196,47,154,196,1
196,48,196,196,1
196,49,196,196,1
196,50,196,196,1
196,51,196,196,1
196,52,196,196,1
196,53,196,196,1
196,54,213,196,1
196,55,230,196,1
196,56,76,196,1
196,57,212,196,1
196,58,228,196,1
196,59,132,196,1
196,60,232,196,1
196,61,69,196,1
196,62,200,196,1
196,63,169,196,1
197,0,188,197,1
197,1,220,197,1
197,2,28,197,1
197,3,156,197,1
197,4,156,197,1
197,5,156,197,1
197,6,157,197,1
197,7,158,197,1
197,8,148,197,1
197,9,141,197,1
197,10,190,197,1
197,11,216,197,1
197,12,206,197,1
197,13,228,197,1
197,14,44,197,1
197,15,234,197,1
197,16,203,197,1
197,17,205,197,1
197,18,193,197,1
197,19,201,197,1
197,20,201,197,1
197,21,201,197,1
197,22,217,197,1
197,23,233,197,1
197,24,73,197,1
197,25,216,197,1
197,26,235,197,1
197,27,141,197,1
197,28,236,197,1
197,29,78,197,1
197,30,194,197,1
197,31,174,197,1
197,32,124,197,1
197,33,28,197,1
197,34,220,197,1
197,35,92,197,1
197,36,92,197,1
197,37,92,197,1
197,38,77,197,1
197,39,126,197,1
197,40,212,197,1
197,41,93,197,1
197,42,94,197,1
197,43,88,197,1
197,44,46,197,1
197,45,164,197,1
197,46,236,197,1
197,47,74,197,1
197,48,199,197,1
197,49,193,197,1
197,50,205,197,1
197,51,197,197,1
197,52,197,197,1
197,53,197,197,1
197,54,212,197,1
197,55,231,197,1
197,56,77,197,1
197,57,213,197,1
197,58,229,197,1
197,59,133,197,1
197,60,226,197,1
197,61,74,197,1
197,62,206,197,1
197,63,164,197,1
198,0,172,198,1
198,1,172,198,1
198,2,172,198,1
198,3,188,198,1
198,4,236,198,1
198,5,44,198,1
198,6,173,198,1
198,7,174,198,1
198,8,164,198,1
198,9,189,198,1
198,10,142,198,1
198,11,232,198,1
198,12,222,198,1
198,13,212,198,1
198,14,92,198,1
198,15,106,198,1
198,16,202,198,1
198,17,202,198,1
198,18,202,198,1
198,19,203,198,1
198,20,206,198,1
198,21,194,198,1
198,22,218,198,1
198,23,234,198,1
198,24,74,198,1
198,25,219,198,1
198,26,232,198,1
198,27,142,198,1
198,28,237,198,1
198,29,77,198,1
198,30,197,198,1
198,31,166,198,1
198,32,108,198,1
198,33,108,198,1
198,34,108,198,1
198,35,124,198,1
198,36,44,198,1
198,37,236,198,1
198,38,125,198,1
198,39,78,198,1
198,40,228,198,1
198,41,109,198,1
198,42,110,198,1
198,43,104,198,1
198,44,62,198,1
198,45,148,198,1
198,46,156,198,1
198,47,202,198,1
198,48,198,198,1
198,49,198,198,1
198,50,198,198,1
198,51,199,198,1
198,52,194,198,1
198,53,206,198,1
198,54,215,198,1
198,55,228,198,1
198,56,78,198,1
198,57,214,198,1
198,58,230,198,1
198,59,134,198,1
198,60,227,198,1
198,61,73,198,1
198,62,201,198,1
198,63,172,198,1
199,0,156,199,1
199,1,252,199,1
199,2,60,199,1
199,3,172,199,1
199,4,252,199,1
199,5,60,199,1
199,6,189,199,1
199,7,190,199,1
199,8,180,199,1
199,9,173,199,1
199,10,158,199,1
199,11,248,199,1
199,12,126,199,1
199,13,36,199,1
199,14,60,199,1
199,15,186,199,1
199,16,201,199,1
199,17,207,199,1
199,18,195,199,1
199,19,202,199,1
199,20,207,199,1
199,21,195,199,1
199,22,219,199,1
199,23,235,199,1
199,24,75,199,1
199,25,218,199,1
199,26,233,199,1
199,27,143,199,1
199,28,231,199,1
199,29,66,199,1
199,30,195,199,1
199,31,171,199,1
199,32,92,199,1
199,33,60,199,1
199,34,252,199,1
199,35,108,199,1
199,36,60,199,1
199,37,252,199,1
199,38,109,199,1
199,39,94,199,1
199,40,244,199,1
199,41,125,199,1
199,42,126,199,1
199,43,120,199,1
199,44,158,199,1
199,45,100,199,1
199,46,252,199,1
199,47,26,199,1
199,48,197,199,1
199,49,195,199,1
199,50,207,199,1
199,51,198,199,1
199,52,195,199,1
199,53,207,199,1
199,54,214,199,1
199,55,229,199,1
199,56,79,199,1
199,57,215,199,1
199,58,231,199,1
199,59,135,199,1
199,60,233,199,1
199,61,70,199,1
199,62,207,199,1
199,63,161,199,1
200,0,76,200,1
200,1,76,200,1
200,2,76,200,1
200,3,76,200,1
200,4,76,200,1
200,5,76,200,1
200,6,93,200,1
200,7,110,200,1
200,8,196,200,1
200,9,77,200,1
200,10,78,200,1
200,11,72,200,1
200,12,142,200,1
200,13,84,200,1
200,14,140,200,1
200,15,154,200,1
200,16,196,200,1
200,17,196,200,1
200,18,196,200,1
200,19,196,200,1
200,20,196,200,1
200,21,196,200,1
200,22,213,200,1
200,23,230,200,1
200,24,76,200,1
200,25,212,200,1
200,26,228,200,1
200,27,132,200,1
200,28,232,200,1
200,29,69,200,1
200,30,200,200,1
200,31,169,200,1
200,32,140,200,1
200,33,140,200,1
200,34,140,200,1
200,35,140,200,1
200,36,140,200,1
200,37,140,200,1
200,38,141,200,1
200,39,142,200,1
200,40,132,200,1
200,41,157,200,1
200,42,174,200,1
200,43,200,200,1
200,44,110,200,1
200,45,20,200,1
200,46,76,200,1
200,47,58,200,1
200,48,200,200,1
200,49,200,200,1
200,50,200,200,1
200,51,200,200,1
200,52,200,200,1
200,53,200,200,1
200,54,216,200,1
200,55,232,200,1
200,56,72,200,1
200,57,217,200,1
200,58,234,200,1
200,59,140,200,1
200,60,230,200,1
200,61,65,200,1
200,62,196,200,1
200,63,163,200,1
201,0,124,201,1
201,1,28,201,1
201,2,220,201,1
201,3,92,201,1
201,4,92,201,1
201,5,92,201,1
201,6,77,201,1
201,7,126,201,1
201,8,212,201,1
201,9,93,201,1
201,10,94,201,1
201,11,88,201,1
201,12,46,201,1
201,13,164,201,1
201,14,236,201,1
201,15,74,201,1
201,16,199,201,1
201,17,193,201,1
201,18,205,201,1
201,19,197,201,1
201,20,197,201,1
201,21,197,201,1
201,22,212,201,1
201,23,231,201,1
201,24,77,201,1
201,25,213,201,1
201,26,229,201,1
201,27,133,201,1
201,28,226,201,1
201,29,74,201,1
201,30,206,201,1
201,31,164,201,1
201,32,188,201,1
201,33,220,201,1
201,34,28,201,1
201,35,156,201,1
201,36,156,201,1
201,37,156,201,1
201,38,157,201,1
201,39,158,201,1
201,40,148,201,1
201,41,141,201,1
201,42,190,201,1
201,43,216,201,1
201,44,206,201,1
201,45,228,201,1
201,46,44,201,1
201,47,234,201,1
201,48,203,201,1
201,49,205,201,1
201,50,193,201,1
201,51,201,201,1
201,52,201,201,1
201,53,201,201,1
201,54,217,201,1
201,55,233,201,1
201,56,73,201,1
201,57,216,201,1
201,58,235,201,1
201,59,141,201,1
201,60,236,201,1
201,61,78,201,1
201,62,194,201,1
201,63,174,201,1
202,0,108,202,1
202,1,108,202,1
202,2,108,202,1
202,3,124,202,1
202,4,44,202,1
202,5,236,202,1
202,6,125,202,1
202,7,78,202,1
202,8,228,202,1
202,9,109,202,1
202,10,110,202,1
202,11,104,202,1
202,12,62,202,1
202,13,148,202,1
202,14,156,202,1
202,15,202,202,1
202,16,198,202,1
202,17,198,202,1
202,18,198,202,1
202,19,199,202,1
202,20,194,202,1
202,21,206,202,1
202,22,215,202,1
202,23,228,202,1
202,24,78,202,1
202,25,214,202,1
202,26,230,202,1
202,27,134,202,1
202,28,227,202,1
202,29,73,202,1
202,30,201,202,1
202,31,172,202,1
202,32,172,202,1
202,33,172,202,1
202,34,172,202,1
202,35,188,202,1
202,36,236,202,1
202,37,44,202,1
202,38,173,202,1
202,39,174,202,1
202,40,164,202,1
202,41,189,202,1
202,42,142,202,1
202,43,232,202,1
202,44,222,202,1
202,45,212,202,1
202,46,92,202,1
202,47,106,202,1
202,48,202,202,1
202,49,202,202,1
202,50,202,202,1
202,51,203,202,1
202,52,206,202,1
202,53,194,202,1
202,54,218,202,1
202,55,234,202,1
202,56,74,202,1
202,57,219,202,1
202,58,232,202,1
202,59,142,202,1
202,60,237,202,1
202,61,77,202,1
202,62,197,202,1
202,63,166,202,1
203,0,92,203,1
203,1,60,203,1
203,2,252,203,1
203,3,108,203,1
203,4,60,203,1
203,5,252,203,1
203,6,109,203,1
203,7,94,203,1
203,8,244,203,1
203,9,125,203,1
203,10,126,203,1
203,11,120,203,1
203,12,158,203,1
203,13,100,203,1
203,14,252,203,1
203,15,26,203,1
203,16,197,203,1
203,17,195,203,1
203,18,207,203,1
203,19,198,203,1
203,20,195,203,1
203,21,207,203,1
203,22,214,203,1
203,23,229,203,1
203,24,79,203,1
203,25,215,203,1
203,26,231,203,1
203,27,135,203,1
203,28,233,203,1
203,29,70,203,1
203,30,207,203,1
203,31,161,203,1
203,32,156,203,1
203,33,252,203,1
203,34,60,203,1
203,35,172,203,1
203,36,252,203,1
203,37,60,203,1
203,38,189,203,1
203,39,190,203,1
203,40,180,203,1
203,41,173,203,1
203,42,158,203,1
203,43,248,203,1
203,44,126,203,1
203,45,36,203,1
203,46,60,203,1
203,47,186,203,1
203,48,201,203,1
203,49,207,203,1
203,50,195,203,1
203,51,202,203,1
203,52,207,203,1
203,53,195,203,1
203,54,219,203,1
203,55,235,203,1
203,56,75,203,1
203,57,218,203,1
203,58,233,203,1
203,59,143,203,1
203,60,231,203,1
203,61,66,203,1
203,62,195,203,1
203,63,171,203,1
204,0,12,204,1
204,1,12,204,1
204,2,12,204,1
204,3,12,204,1
204,4,12,204,1
204,5,12,204,1
204,6,13,204,1
204,7,14,204,1
204,8,4,204,1
204,9,13,204,1
204,10,14,204,1
204,11,8,204,1
204,12,14,204,1
204,13,4,204,1
204,14,12,204,1
204,15,10,204,1
204,16,192,204,1
204,17,192,204,1
204,18,192,204,1
204,19,192,204,1
204,20,192,204,1
204,21,192,204,1
204,22,208,204,1
204,23,224,204,1
204,24,64,204,1
204,25,208,204,1
204,26,224,204,1
204,27,128,204,1
204,28,224,204,1
204,29,64,204,1
204,30,192,204,1
204,31,160,204,1
204,32,204,204,1
204,33,204,204,1
204,34,204,204,1
204,35,204,204,1
204,36,204,204,1
204,37,204,204,1
204,38,221,204,1
204,39,238,204,1
204,40,68,204,1
204,41,221,204,1
204,42,238,204,1
204,43,136,204,1
204,44,238,204,1
204,45,68,204,1
204,46,204,204,1
204,47,170,204,1
204,48,204,204,1
204,49,204,204,1
204,50,204,204,1
204,51,204,204,1
204,52,204,204,1
204,53,204,204,1
204,54,221,204,1
204,55,238,204,1
204,56,68,204,1
204,57,221,204,1
204,58,238,204,1
204,59,136,204,1
204,60,238,204,1
204,61,68,204,1
204,62,204,204,1
204,63,170,204,1
205,0,60,205,1
205,1,92,205,1
205,2,156,205,1
205,3,28,205,1
205,4,28,205,1
205,5,28,205,1
205,6,29,205,1
205,7,30,205,1
205,8,20,205,1
205,9,29,205,1
205,10,30,205,1
205,11,24,205,1
205,12,174,205,1
205,13,244,205,1
205,14,108,205,1
205,15,218,205,1
205,16,195,205,1
205,17,197,205,1
205,18,201,205,1
205,19,193,205,1
205,20,193,205,1
205,21,193,205,1
205,22,209,205,1
205,23,225,205,1
205,24,65,205,1
205,25,209,205,1
205,26,225,205,1
205,27,129,205,1
205,28,234,205,1
205,29,79,205,1
205,30,198,205,1
205,31,173,205,1
205,32,252,205,1
205,33,156,205,1
205,34,92,205,1
205,35,220,205,1
205,36,220,205,1
205,37,220,205,1
205,38,205,205,1
205,39,254,205,1
205,40,84,205,1
205,41,205,205,1
205,42,254,205,1
205,43,152,205,1
205,44,78,205,1
205,45,180,205,1
205,46,172,205,1
205,47,122,205,1
205,48,207,205,1
205,49,201,205,1
205,50,197,205,1
205,51,205,205,1
205,52,205,205,1
205,53,205,205,1
205,54,220,205,1
205,55,239,205,1
205,56,69,205,1
205,57,220,205,1
205,58,239,205,1
205,59,137,205,1
205,60,228,205,1
205,61,75,205,1
205,62,202,205,1
205,63,167,205,1
206,0,44,206,1
206,1,44,206,1
206,2,44,206,1
206,3,60,206,1
206,4,108,206,1
206,5,172,206,1
206,6,45,206,1
206,7,46,206,1
206,8,36,206,1
206,9,45,206,1
206,10,46,206,1
206,11,40,206,1
206,12,190,206,1
206,13,196,206,1
206,14,28,206,1
206,15,90,206,1
206,16,194,206,1
206,17,194,206,1
206,18,194,206,1
206,19,195,206,1
206,20,198,206,1
206,21,202,206,1
206,22,210,206,1
206,23,226,206,1
206,24,66,206,1
206,25,210,206,1
206,26,226,206,1
206,27,130,206,1
206,28,235,206,1
206,29,76,206,1
206,30,193,206,1
206,31,165,206,1
206,32,236,206,1
206,33,236,206,1
206,34,236,206,1
206,35,252,206,1
206,36,172,206,1
206,37,108,206,1
206,38,253,206,1
206,39,206,206,1
206,40,100,206,1
206,41,253,206,1
206,42,206,206,1
206,43,168,206,1
206,44,94,206,1
206,45,132,206,1
206,46,220,206,1
206,47,250,206,1
206,48,206,206,1
206,49,206,206,1
206,50,206,206,1
206,51,207,206,1
206,52,202,206,1
206,53,198,206,1
206,54,223,206,1
206,55,236,206,1
206,56,70,206,1
206,57,223,206,1
206,58,236,206,1
206,59,138,206,1
206,60,229,206,1
206,61,72,206,1
206,62,205,206,1
206,63,175,206,1
207,0,28,207,1
207,1,124,207,1
207,2,188,207,1
207,3,44,207,1
207,4,124,207,1
207,5,188,207,1
207,6,61,207,1
207,7,62,207,1
207,8,52,207,1
207,9,61,207,1
207,10,62,207,1
207,11,56,207,1
207,12,30,207,1
207,13,52,207,1
207,14,124,207,1
207,15,138,207,1
207,16,193,207,1
207,17,199,207,1
207,18,203,207,1
207,19,194,207,1
207,20,199,207,1
207,21,203,207,1
207,22,211,207,1
207,23,227,207,1
207,24,67,207,1
207,25,211,207,1
207,26,227,207,1
207,27,131,207,1
207,28,225,207,1
207,29,67,207,1
207,30,199,207,1
207,31,168,207,1
207,32,220,207,1
207,33,188,207,1
207,34,124,207,1
207,35,236,207,1
207,36,188,207,1
207,37,124,207,1
207,38,237,207,1
207,39,222,207,1
207,40,116,207,1
207,41,237,207,1
207,42,222,207,1
207,43,184,207,1
207,44,254,207,1
207,45,116,207,1
207,46,188,207,1
207,47,42,207,1
207,48,205,207,1
207,49,203,207,1
207,50,199,207,1
207,51,206,207,1
207,52,203,207,1
207,53,199,207,1
207,54,222,207,1
207,55,237,207,1
207,56,71,207,1
207,57,222,207,1
207,58,237,207,1
207,59,139,207,1
207,60,239,207,1
207,61,71,207,1
207,62,203,207,1
207,63,162,207,1
208,0,255,208,1
208,1,153,208,1
208,2,85,208,1
208,3,221,208,1
208,4,221,208,1
208,5,221,208,1
208,6,204,208,1
208,7,255,208,1
208,8,85,208,1
208,9,204,208,1
208,10,255,208,1
208,11,153,208,1
208,12,68,208,1
208,13,187,208,1
208,14,170,208,1
208,15,119,208,1
208,16,255,208,1
208,17,153,208,1
208,18,85,208,1
208,19,221,208,1
208,20,221,208,1
208,21,221,208,1
208,22,204,208,1
208,23,255,208,1
208,24,85,208,1
208,25,204,208,1
208,26,255,208,1
208,27,153,208,1
208,28,68,208,1
208,29,187,208,1
208,30,170,208,1
208,31,119,208,1
208,32,15,208,1
208,33,9,208,1
208,34,5,208,1
208,35,13,208,1
208,36,13,208,1
208,37,13,208,1
208,38,12,208,1
208,39,15,208,1
208,40,5,208,1
208,41,12,208,1
208,42,15,208,1
208,43,9,208,1
208,44,4,208,1
208,45,11,208,1
208,46,10,208,1
208,47,7,208,1
208,48,240,208,1
208,49,144,208,1
208,50,80,208,1
208,51,208,208,1
208,52,208,208,1
208,53,208,208,1
208,54,192,208,1
208,55,240,208,1
208,56,80,208,1
208,57,192,208,1
208,58,240,208,1
208,59,144,208,1
208,60,64,208,1
208,61,176,208,1
208,62,160,208,1
208,63,112,208,1
209,0,207,209,1
209,1,201,209,1
209,2,197,209,1
209,3,205,209,1
209,4,205,209,1
209,5,205,209,1
209,6,220,209,1
209,7,239,209,1
209,8,69,209,1
209,9,220,209,1
209,10,239,209,1
209,11,137,209,1
209,12,228,209,1
209,13,75,209,1
209,14,202,209,1
209,15,167,209,1
209,16,252,209,1
209,17,156,209,1
209,18,92,209,1
209,19,220,209,1
209,20,220,209,1
209,21,220,209,1
209,22,205,209,1
209,23,254,209,1
209,24,84,209,1
209,25,205,209,1
209,26,254,209,1
209,27,152,209,1
209,28,78,209,1
209,29,180,209,1
209,30,172,209,1
209,31,122,209,1
209,32,63,209,1
209,33,89,209,1
209,34,149,209,1
209,35,29,209,1
209,36,29,209,1
209,37,29,209,1
209,38,28,209,1
209,39,31,209,1
209,40,21,209,1
209,41,28,209,1
209,42,31,209,1
209,43,25,209,1
209,44,164,209,1
209,45,251,209,1
209,46,106,209,1
209,47,215,209,1
209,48,243,209,1
209,49,149,209,1
209,50,89,209,1
209,51,209,209,1
209,52,209,209,1
209,53,209,209,1
209,54,193,209,1
209,55,241,209,1
209,56,81,209,1
209,57,193,209,1
209,58,241,209,1
209,59,145,209,1
209,60,74,209,1
209,61,191,209,1
209,62,166,209,1
209,63,125,209,1
210,0,223,210,1
210,1,185,210,1
210,2,117,210,1
210,3,237,210,1
210,4,189,210,1
210,5,125,210,1
210,6,236,210,1
210,7,223,210,1
210,8,117,210,1
210,9,236,210,1
210,10,223,210,1
210,11,185,210,1
210,12,244,210,1
210,13,123,210,1
210,14,186,210,1
210,15,39,210,1
210,16,253,210,1
210,17,155,210,1
210,18,87,210,1
210,19,222,210,1
210,20,219,210,1
210,21,215,210,1
210,22,206,210,1
210,23,253,210,1
210,24,87,210,1
210,25,206,210,1
210,26,253,210,1
210,27,155,210,1
210,28,79,210,1
210,29,183,210,1
210,30,171,210,1
210,31,114,210,1
210,32,47,210,1
210,33,41,210,1
210,34,37,210,1
210,35,61,210,1
210,36,109,210,1
210,37,173,210,1
210,38,44,210,1
210,39,47,210,1
210,40,37,210,1
210,41,44,210,1
210,42,47,210,1
210,43,41,210,1
210,44,180,210,1
210,45,203,210,1
210,46,26,210,1
210,47,87,210,1
210,48,242,210,1
210,49,146,210,1
210,50,82,210,1
210,51,211,210,1
210,52,214,210,1
210,53,218,210,1
210,54,194,210,1
210,55,242,210,1
210,56,82,210,1
210,57,194,210,1
210,58,242,210,1
210,59,146,210,1
210,60,75,210,1
210,61,188,210,1
210,62,161,210,1
210,63,117,210,1
211,0,239,211,1
211,1,233,211,1
211,2,229,211,1
211,3,253,211,1
211,4,173,211,1
211,5,109,211,1
211,6,252,211,1
211,7,207,211,1
211,8,101,211,1
211,9,252,211,1
211,10,207,211,1
211,11,169,211,1
211,12,84,211,1
211,13,139,211,1
211,14,218,211,1
211,15,247,211,1
211,16,254,211,1
211,17,158,211,1
211,18,94,211,1
211,19,223,211,1
211,20,218,211,1
211,21,214,211,1
211,22,207,211,1
211,23,252,211,1
211,24,86,211,1
211,25,207,211,1
211,26,252,211,1
211,27,154,211,1
211,28,69,211,1
211,29,184,211,1
211,30,173,211,1
211,31,127,211,1
211,32,31,211,1
211,33,121,211,1
211,34,181,211,1
211,35,45,211,1
211,36,125,211,1
211,37,189,211,1
211,38,60,211,1
211,39,63,211,1
211,40,53,211,1
211,41,60,211,1
211,42,63,211,1
211,43,57,211,1
211,44,20,211,1
211,45,59,211,1
211,46,122,211,1
211,47,135,211,1
211,48,241,211,1
211,49,151,211,1
211,50,91,211,1
211,51,210,211,1
211,52,215,211,1
211,53,219,211,1
211,54,195,211,1
211,55,243,211,1
211,56,83,211,1
211,57,195,211,1
211,58,243,211,1
211,59,147,211,1
211,60,65,211,1
211,61,179,211,1
211,62,167,211,1
211,63,120,211,1
212,0,191,212,1
212,1,217,212,1
212,2,21,212,1
212,3,157,212,1
212,4,157,212,1
212,5,157,212,1
212,6,156,212,1
212,7,159,212,1
212,8,149,212,1
212,9,140,212,1
212,10,191,212,1
212,11,217,212,1
212,12,196,212,1
212,13,235,212,1
212,14,42,212,1
212,15,231,212,1
212,16,251,212,1
212,17,157,212,1
212,18,81,212,1
212,19,217,212,1
212,20,217,212,1
212,21,217,212,1
212,22,201,212,1
212,23,249,212,1
212,24,89,212,1
212,25,200,212,1
212,26,251,212,1
212,27,157,212,1
212,28,76,212,1
212,29,190,212,1
212,30,162,212,1
212,31,126,212,1
212,32,79,212,1
212,33,73,212,1
212,34,69,212,1
212,35,77,212,1
212,36,77,212,1
212,37,77,212,1
212,38,92,212,1
212,39,111,212,1
212,40,197,212,1
212,41,76,212,1
212,42,79,212,1
212,43,73,212,1
212,44,132,212,1
212,45,91,212,1
212,46,138,212,1
212,47,151,212,1
212,48,244,212,1
212,49,148,212,1
212,50,84,212,1
212,51,212,212,1
212,52,212,212,1
212,53,212,212,1
212,54,197,212,1
212,55,246,212,1
212,56,92,212,1
212,57,196,212,1
212,58,244,212,1
212,59,148,212,1
212,60,72,212,1
212,61,181,212,1
212,62,168,212,1
212,63,121,212,1
213,0,143,213,1
213,1,137,213,1
213,2,133,213,1
213,3,141,213,1
213,4,141,213,1
213,5,141,213,1
213,6,140,213,1
213,7,143,213,1
213,8,133,213,1
213,9,156,213,1
213,10,175,213,1
213,11,201,213,1
213,12,100,213,1
213,13,27,213,1
213,14,74,213,1
213,15,55,213,1
213,16,248,213,1
213,17,152,213,1
213,18,88,213,1
213,19,216,213,1
213,20,216,213,1
213,21,216,213,1
213,22,200,213,1
213,23,248,213,1
213,24,88,213,1
213,25,201,213,1
213,26,250,213,1
213,27,156,213,1
213,28,70,213,1
213,29,177,213,1
213,30,164,213,1
213,31,115,213,1
213,32,127,213,1
213,33,25,213,1
213,34,213,213,1
213,35,93,213,1
213,36,93,213,1
213,37,93,213,1
213,38,76,213,1
213,39,127,213,1
213,40,213,213,1
213,41,92,213,1
213,42,95,213,1
213,43,89,213,1
213,44,36,213,1
213,45,171,213,1
213,46,234,213,1
213,47,71,213,1
213,48,247,213,1
213,49,145,213,1
213,50,93,213,1
213,51,213,213,1
213,52,213,213,1
213,53,213,213,1
213,54,196,213,1
213,55,247,213,1
213,56,93,213,1
213,57,197,213,1
213,58,245,213,1
213,59,149,213,1
213,60,66,213,1
213,61,186,213,1
213,62,174,213,1
213,63,116,213,1
214,0,159,214,1
214,1,249,214,1
214,2,53,214,1
214,3,173,214,1
214,4,253,214,1
214,5,61,214,1
214,6,188,214,1
214,7,191,214,1
214,8,181,214,1
214,9,172,214,1
214,10,159,214,1
214,11,249,214,1
214,12,116,214,1
214,13,43,214,1
214,14,58,214,1
214,15,183,214,1
214,16,249,214,1
214,17,159,214,1
214,18,83,214,1
214,19,218,214,1
214,20,223,214,1
214,21,211,214,1
214,22,203,214,1
214,23,251,214,1
214,24,91,214,1
214,25,202,214,1
214,26,249,214,1
214,27,159,214,1
214,28,71,214,1
214,29,178,214,1
214,30,163,214,1
214,31,123,214,1
214,32,111,214,1
214,33,105,214,1
214,34,101,214,1
214,35,125,214,1
214,36,45,214,1
214,37,237,214,1
214,38,124,214,1
214,39,79,214,1
214,40,229,214,1
214,41,108,214,1
214,42,111,214,1
214,43,105,214,1
214,44,52,214,1
214,45,155,214,1
214,46,154,214,1
214,47,199,214,1
214,48,246,214,1
214,49,150,214,1
214,50,86,214,1
214,51,215,214,1
214,52,210,214,1
214,53,222,214,1
214,54,199,214,1
214,55,244,214,1
214,56,94,214,1
214,57,198,214,1
214,58,246,214,1
214,59,150,214,1
214,60,67,214,1
214,61,185,214,1
214,62,169,214,1
214,63,124,214,1
215,0,175,215,1
215,1,169,215,1
215,2,165,215,1
215,3,189,215,1
215,4,237,215,1
215,5,45,215,1
215,6,172,215,1
215,7,175,215,1
215,8,165,215,1
215,9,188,215,1
215,10,143,215,1
215,11,233,215,1
215,12,212,215,1
215,13,219,215,1
215,14,90,215,1
215,15,103,215,1
215,16,250,215,1
215,17,154,215,1
215,18,90,215,1
215,19,219,215,1
215,20,222,215,1
215,21,210,215,1
215,22,202,215,1
215,23,250,215,1
215,24,90,215,1
215,25,203,215,1
215,26,248,215,1
215,27,158,215,1
215,28,77,215,1
215,29,189,215,1
215,30,165,215,1
215,31,118,215,1
215,32,95,215,1
215,33,57,215,1
215,34,245,215,1
215,35,109,215,1
215,36,61,215,1
215,37,253,215,1
215,38,108,215,1
215,39,95,215,1
215,40,245,215,1
215,41,124,215,1
215,42,127,215,1
215,43,121,215,1
215,44,148,215,1
215,45,107,215,1
215,46,250,215,1
215,47,23,215,1
215,48,245,215,1
215,49,147,215,1
215,50,95,215,1
215,51,214,215,1
215,52,211,215,1
215,53,223,215,1
215,54,198,215,1
215,55,245,215,1
215,56,95,215,1
215,57,199,215,1
215,58,247,215,1
215,59,151,215,1
215,60,73,215,1
215,61,182,215,1
215,62,175,215,1
215,63,113,215,1
216,0,127,216,1
216,1,25,216,1
216,2,213,216,1
216,3,93,216,1
216,4,93,216,1
216,5,93,216,1
216,6,76,216,1
216,7,127,216,1
216,8,213,216,1
216,9,92,216,1
216,10,95,216,1
216,11,89,216,1
216,12,36,216,1
216,13,171,216,1
216,14,234,216,1
216,15,71,216,1
216,16,247,216,1
216,17,145,216,1
216,18,93,216,1
216,19,213,216,1
216,20,213,216,1
216,21,213,216,1
216,22,196,216,1
216,23,247,216,1
216,24,93,216,1
216,25,197,216,1
216,26,245,216,1
216,27,149,216,1
216,28,66,216,1
216,29,186,216,1
216,30,174,216,1
216,31,116,216,1
216,32,143,216,1
216,33,137,216,1
216,34,133,216,1
216,35,141,216,1
216,36,141,216,1
216,37,141,216,1
216,38,140,216,1
216,39,143,216,1
216,40,133,216,1
216,41,156,216,1
216,42,175,216,1
216,43,201,216,1
216,44,100,216,1
216,45,27,216,1
216,46,74,216,1
216,47,55,216,1
216,48,248,216,1
216,49,152,216,1
216,50,88,216,1
216,51,216,216,1
216,52,216,216,1
216,53,216,216,1
216,54,200,216,1
216,55,248,216,1
216,56,88,216,1
216,57,201,216,1
216,58,250,216,1
216,59,156,216,1
216,60,70,216,1
216,61,177,216,1
216,62,164,216,1
216,63,115,216,1
217,0,79,217,1
217,1,73,217,1
217,2,69,217,1
217,3,77,217,1
217,4,77,217,1
217,5,77,217,1
217,6,92,217,1
217,7,111,217,1
217,8,197,217,1
217,9,76,217,1
217,10,79,217,1
217,11,73,217,1
217,12,132,217,1
217,13,91,217,1
217,14,138,217,1
217,15,151,217,1
217,16,244,217,1
217,17,148,217,1
217,18,84,217,1
217,19,212,217,1
217,20,212,217,1
217,21,212,217,1
217,22,197,217,1
217,23,246,217,1
217,24,92,217,1
217,25,196,217,1
217,26,244,217,1
217,27,148,217,1
217,28,72,217,1
217,29,181,217,1
217,30,168,217,1
217,31,121,217,1
217,32,191,217,1
217,33,217,217,1
217,34,21,217,1
217,35,157,217,1
217,36,157,217,1
217,37,157,217,1
217,38,156,217,1
217,39,159,217,1
217,40,149,217,1
217,41,140,217,1
217,42,191,217,1
217,43,217,217,1
217,44,196,217,1
217,45,235,217,1
217,46,42,217,1
217,47,231,217,1
217,48,251,217,1
217,49,157,217,1
217,50,81,217,1
217,51,217,217,1
217,52,217,217,1
217,53,217,217,1
217,54,201,217,1
217,55,249,217,1
217,56,89,217,1
217,57,200,217,1
217,58,251,217,1
217,59,157,217,1
217,60,76,217,1
217,61,190,217,1
217,62,162,217,1
217,63,126,217,1
218,0,95,218,1
218,1,57,218,1
218,2,245,218,1
218,3,109,218,1
218,4,61,218,1
218,5,253,218,1
218,6,108,218,1
218,7,95,218,1
218,8,245,218,1
218,9,124,218,1
218,10,127,218,1
218,11,121,218,1
218,12,148,218,1
218,13,107,218,1
218,14,250,218,1
218,15,23,218,1
218,16,245,218,1
218,17,147,218,1
218,18,95,218,1
218,19,214,218,1
218,20,211,218,1
218,21,223,218,1
218,22,198,218,1
218,23,245,218,1
218,24,95,218,1
218,25,199,218,1
218,26,247,218,1
218,27,151,218,1
218,28,73,218,1
218,29,182,218,1
218,30,175,218,1
218,31,113,218,1
218,32,175,218,1
218,33,169,218,1
218,34,165,218,1
218,35,189,218,1
218,36,237,218,1
218,37,45,218,1
218,38,172,218,1
218,39,175,218,1
218,40,165,218,1
218,41,188,218,1
218,42,143,218,1
218,43,233,218,1
218,44,212,218,1
218,45,219,218,1
218,46,90,218,1
218,47,103,218,1
218,48,250,218,1
218,49,154,218,1
218,50,90,218,1
218,51,219,218,1
218,52,222,218,1
218,53,210,218,1
218,54,202,218,1
218,55,250,218,1
218,56,90,218,1
218,57,203,218,1
218,58,248,218,1
218,59,158,218,1
218,60,77,218,1
218,61,189,218,1
218,62,165,218,1
218,63,118,218,1
219,0,111,219,1
219,1,105,219,1
219,2,101,219,1
219,3,125,219,1
219,4,45,219,1
219,5,237,219,1
219,6,124,219,1
219,7,79,219,1
219,8,229,219,1
219,9,108,219,1
219,10,111,219,1
219,11,105,219,1
219,12,52,219,1
219,13,155,219,1
219,14,154,219,1
219,15,199,219,1
219,16,246,219,1
219,17,150,219,1
219,18,86,219,1
219,19,215,219,1
219,20,210,219,1
219,21,222,219,1
219,22,199,219,1
219,23,244,219,1
219,24,94,219,1
219,25,198,219,1
219,26,246,219,1
219,27,150,219,1
219,28,67,219,1
219,29,185,219,1
219,30,169,219,1
219,31,124,219,1
219,32,159,219,1
219,33,249,219,1
219,34,53,219,1
219,35,173,219,1
219,36,253,219,1
219,37,61,219,1
219,38,188,219,1
219,39,191,219,1
219,40,181,219,1
219,41,172,219,1
219,42,159,219,1
219,43,249,219,1
219,44,116,219,1
219,45,43,219,1
219,46,58,219,1
219,47,183,219,1
219,48,249,219,1
219,49,159,219,1
219,50,83,219,1
219,51,218,219,1
219,52,223,219,1
219,53,211,219,1
219,54,203,219,1
219,55,251,219,1
219,56,91,219,1
219,57,202,219,1
219,58,249,219,1
219,59,159,219,1
219,60,71,219,1
219,61,178,219,1
219,62,163,219,1
219,63,123,219,1
220,0,63,220,1
220,1,89,220,1
220,2,149,220,1
220,3,29,220,1
220,4,29,220,1
220,5,29,220,1
220,6,28,220,1
220,7,31,220,1
220,8,21,220,1
220,9,28,220,1
220,10,31,220,1
220,11,25,220,1
220,12,164,220,1
220,13,251,220,1
220,14,106,220,1
220,15,215,220,1
220,16,243,220,1
220,17,149,220,1
220,18,89,220,1
220,19,209,220,1
220,20,209,220,1
220,21,209,220,1
220,22,193,220,1
220,23,241,220,1
220,24,81,220,1
220,25,193,220,1
220,26,241,220,1
220,27,145,220,1
220,28,74,220,1
220,29,191,220,1
220,30,166,220,1
220,31,125,220,1
220,32,207,220,1
220,33,201,220,1
220,34,197,220,1
220,35,205,220,1
220,36,205,220,1
220,37,205,220,1
220,38,220,220,1
220,39,239,220,1
220,40,69,220,1
220,41,220,220,1
220,42,239,220,1
220,43,137,220,1
220,44,228,220,1
220,45,75,220,1
220,46,202,220,1
220,47,167,220,1
220,48,252,220,1
220,49,156,220,1
220,50,92,220,1
220,51,220,220,1
220,52,220,220,1
220,53,220,220,1
220,54,205,220,1
220,55,254,220,1
220,56,84,220,1
220,57,205,220,1
220,58,254,220,1
220,59,152,220,1
220,60,78,220,1
220,61,180,220,1
220,62,172,220,1
220,63,122,220,1
221,0,15,221,1
221,1,9,221,1
221,2,5,221,1
221,3,13,221,1
221,4,13,221,1
221,5,13,221,1
221,6,12,221,1
221,7,15,221,1
221,8,5,221,1
221,9,12,221,1
221,10,15,221,1
221,11,9,221,1
221,12,4,221,1
221,13,11,221,1
221,14,10,221,1
221,15,7,221,1
221,16,240,221,1
221,17,144,221,1
221,18,80,221,1
221,19,208,221,1
221,20,208,221,1
221,21,208,221,1
221,22,192,221,1
221,23,240,221,1
221,24,80,221,1
221,25,192,221,1
221,26,240,221,1
221,27,144,221,1
221,28,64,221,1
221,29,176,221,1
221,30,160,221,1
221,31,112,221,1
221,32,255,221,1
221,33,153,221,1
221,34,85,221,1
221,35,221,221,1
221,36,221,221,1
221,37,221,221,1
221,38,204,221,1
221,39,255,221,1
221,40,85,221,1
221,41,204,221,1
221,42,255,221,1
221,43,153,221,1
221,44,68,221,1
221,45,187,221,1
221,46,170,221,1
221,47,119,221,1
221,48,255,221,1
221,49,153,221,1
221,50,85,221,1
221,51,221,221,1
221,52,221,221,1
221,53,221,221,1
221,54,204,221,1
221,55,255,221,1
221,56,85,221,1
221,57,204,221,1
221,58,255,221,1
221,59,153,221,1
221,60,68,221,1
221,61,187,221,1
221,62,170,221,1
221,63,119,221,1
222,0,31,222,1
222,1,121,222,1
222,2,181,222,1
222,3,45,222,1
222,4,125,222,1
222,5,189,222,1
222,6,60,222,1
222,7,63,222,1
222,8,53,222,1
222,9,60,222,1
222,10,63,222,1
222,11,57,222,1
222,12,20,222,1
222,13,59,222,1
222,14,122,222,1
222,15,135,222,1
222,16,241,222,1
222,17,151,222,1
222,18,91,222,1
222,19,210,222,1
222,20,215,222,1
222,21,219,222,1
222,22,195,222,1
222,23,243,222,1
222,24,83,222,1
222,25,195,222,1
222,26,243,222,1
222,27,147,222,1
222,28,65,222,1
222,29,179,222,1
222,30,167,222,1
222,31,120,222,1
222,32,239,222,1
222,33,233,222,1
222,34,229,222,1
222,35,253,222,1
222,36,173,222,1
222,37,109,222,1
222,38,252,222,1
222,39,207,222,1
222,40,101,222,1
222,41,252,222,1
222,42,207,222,1
222,43,169,222,1
222,44,84,222,1
222,45,139,222,1
222,46,218,222,1
222,47,247,222,1
222,48,254,222,1
222,49,158,222,1
222,50,94,222,1
222,51,223,222,1
222,52,218,222,1
222,53,214,222,1
222,54,207,222,1
222,55,252,222,1
222,56,86,222,1
222,57,207,222,1
222,58,252,222,1
222,59,154,222,1
222,60,69,222,1
222,61,184,222,1
222,62,173,222,1
222,63,127,222,1
223,0,47,223,1
223,1,41,223,1
223,2,37,223,1
223,3,61,223,1
223,4,109,223,1
223,5,173,223,1
223,6,44,223,1
223,7,47,223,1
223,8,37,223,1
223,9,44,223,1
223,10,47,223,1
223,11,41,223,1
223,12,180,223,1
223,13,203,223,1
223,14,26,223,1
223,15,87,223,1
223,16,242,223,1
223,17,146,223,1
223,18,82,223,1
223,19,211,223,1
223,20,214,223,1
223,21,218,223,1
223,22,194,223,1
223,23,242,223,1
223,24,82,223,1
223,25,194,223,1
223,26,242,223,1
223,27,146,223,1
223,28,75,223,1
223,29,188,223,1
223,30,161,223,1
223,31,117,223,1
223,32,223,223,1
223,33,185,223,1
223,34,117,223,1
223,35,237,223,1
223,36,189,223,1
223,37,125,223,1
223,38,236,223,1
223,39,223,223,1
223,40,117,223,1
223,41,236,223,1
223,42,223,223,1
223,43,185,223,1
223,44,244,223,1
223,45,123,223,1
223,46,186,223,1
223,47,39,223,1
223,48,253,223,1
223,49,155,223,1
223,50,87,223,1
223,51,222,223,1
223,52,219,223,1
223,53,215,223,1
223,54,206,223,1
223,55,253,223,1
223,56,87,223,1
223,57,206,223,1
223,58,253,223,1
223,59,155,223,1
223,60,79,223,1
223,61,183,223,1
223,62,171,223,1
223,63,114,223,1
224,0,238,224,1
224,1,238,224,1
224,2,238,224,1
224,3,255,224,1
224,4,170,224,1
224,5,102,224,1
224,6,255,224,1
224,7,204,224,1
224,8,102,224,1
224,9,255,224,1
224,10,204,224,1
224,11,170,224,1
224,12,85,224,1
224,13,136,224,1
224,14,221,224,1
224,15,255,224,1
224,16,238,224,1
224,17,238,224,1
224,18,238,224,1
224,19,255,224,1
224,20,170,224,1
224,21,102,224,1
224,22,255,224,1
224,23,204,224,1
224,24,102,224,1
224,25,255,224,1
224,26,204,224,1
224,27,170,224,1
224,28,85,224,1
224,29,136,224,1
224,30,221,224,1
224,31,255,224,1
224,32,14,224,1
224,33,14,224,1
224,34,14,224,1
224,35,15,224,1
224,36,10,224,1
224,37,6,224,1
224,38,15,224,1
224,39,12,224,1
224,40,6,224,1
224,41,15,224,1
224,42,12,224,1
224,43,10,224,1
224,44,5,224,1
224,45,8,224,1
224,46,13,224,1
224,47,15,224,1
224,48,224,224,1
224,49,224,224,1
224,50,224,224,1
224,51,240,224,1
224,52,160,224,1
224,53,96,224,1
224,54,240,224,1
224,55,192,224,1
224,56,96,224,1
224,57,240,224,1
224,58,192,224,1
224,59,160,224,1
224,60,80,224,1
224,61,128,224,1
224,62,208,224,1
224,63,240,224,1
225,0,222,225,1
225,1,190,225,1
225,2,126,225,1
225,3,239,225,1
225,4,186,225,1
225,5,118,225,1
225,6,239,225,1
225,7,220,225,1
225,8,118,225,1
225,9,239,225,1
225,10,220,225,1
225,11,186,225,1
225,12,245,225,1
225,13,120,225,1
225,14,189,225,1
225,15,47,225,1
225,16,237,225,1
225,17,235,225,1
225,18,231,225,1
225,19,254,225,1
225,20,171,225,1
225,21,103,225,1
225,22,254,225,1
225,23,205,225,1
225,24,103,225,1
225,25,254,225,1
225,26,205,225,1
225,27,171,225,1
225,28,95,225,1
225,29,135,225,1
225,30,219,225,1
225,31,242,225,1
225,32,62,225,1
225,33,94,225,1
225,34,158,225,1
225,35,31,225,1
225,36,26,225,1
225,37,22,225,1
225,38,31,225,1
225,39,28,225,1
225,40,22,225,1
225,41,31,225,1
225,42,28,225,1
225,43,26,225,1
225,44,165,225,1
225,45,248,225,1
225,46,109,225,1
225,47,223,225,1
225,48,227,225,1
225,49,229,225,1
225,50,233,225,1
225,51,241,225,1
225,52,161,225,1
225,53,97,225,1
225,54,241,225,1
225,55,193,225,1
225,56,97,225,1
225,57,241,225,1
225,58,193,225,1
225,59,161,225,1
225,60,90,225,1
225,61,143,225,1
225,62,214,225,1
225,63,253,225,1
226,0,206,226,1
226,1,206,226,1
226,2,206,226,1
226,3,207,226,1
226,4,202,226,1
226,5,198,226,1
226,6,223,226,1
226,7,236,226,1
226,8,70,226,1
226,9,223,226,1
226,10,236,226,1
226,11,138,226,1
226,12,229,226,1
226,13,72,226,1
226,14,205,226,1
226,15,175,226,1
226,16,236,226,1
226,17,236,226,1
226,18,236,226,1
226,19,252,226,1
226,20,172,226,1
226,21,108,226,1
226,22,253,226,1
226,23,206,226,1
226,24,100,226,1
226,25,253,226,1
226,26,206,226,1
226,27,168,226,1
226,28,94,226,1
226,29,132,226,1
226,30,220,226,1
226,31,250,226,1
226,32,46,226,1
226,33,46,226,1
226,34,46,226,1
226,35,63,226,1
226,36,106,226,1
226,37,166,226,1
226,38,47,226,1
226,39,44,226,1
226,40,38,226,1
226,41,47,226,1
226,42,44,226,1
226,43,42,226,1
226,44,181,226,1
226,45,200,226,1
226,46,29,226,1
226,47,95,226,1
226,48,226,226,1
226,49,226,226,1
226,50,226,226,1
226,51,243,226,1
226,52,166,226,1
226,53,106,226,1
226,54,242,226,1
226,55,194,226,1
226,56,98,226,1
226,57,242,226,1
226,58,194,226,1
226,59,162,226,1
226,60,91,226,1
226,61,140,226,1
226,62,209,226,1
226,63,245,226,1
227,0,254,227,1
227,1,158,227,1
227,2,94,227,1
227,3,223,227,1
227,4,218,227,1
227,5,214,227,1
227,6,207,227,1
227,7,252,227,1
227,8,86,227,1
227,9,207,227,1
227,10,252,227,1
227,11,154,227,1
227,12,69,227,1
227,13,184,227,1
227,14,173,227,1
227,15,127,227,1
227,16,239,227,1
227,17,233,227,1
227,18,229,227,1
227,19,253,227,1
227,20,173,227,1
227,21,109,227,1
227,22,252,227,1
227,23,207,227,1
227,24,101,227,1
227,25,252,227,1
227,26,207,227,1
227,27,169,227,1
227,28,84,227,1
227,29,139,227,1
227,30,218,227,1
227,31,247,227,1
227,32,30,227,1
227,33,126,227,1
227,34,190,227,1
227,35,47,227,1
227,36,122,227,1
227,37,182,227,1
227,38,63,227,1
227,39,60,227,1
227,40,54,227,1
227,41,63,227,1
227,42,60,227,1
227,43,58,227,1
227,44,21,227,1
227,45,56,227,1
227,46,125,227,1
227,47,143,227,1
227,48,225,227,1
227,49,231,227,1
227,50,235,227,1
227,51,242,227,1
227,52,167,227,1
227,53,107,227,1
227,54,243,227,1
227,55,195,227,1
227,56,99,227,1
227,57,243,227,1
227,58,195,227,1
227,59,163,227,1
227,60,81,227,1
227,61,131,227,1
227,62,215,227,1
227,63,248,227,1
228,0,174,228,1
228,1,174,228,1
228,2,174,228,1
228,3,191,228,1
228,4,234,228,1
228,5,38,228,1
228,6,175,228,1
228,7,172,228,1
228,8,166,228,1
228,9,191,228,1
228,10,140,228,1
228,11,234,228,1
228,12,213,228,1
228,13,216,228,1
228,14,93,228,1
228,15,111,228,1
228,16,234,228,1
228,17,234,228,1
228,18,234,228,1
228,19,251,228,1
228,20,174,228,1
228,21,98,228,1
228,22,250,228,1
228,23,202,228,1
228,24,106,228,1
228,25,251,228,1
228,26,200,228,1
228,27,174,228,1
228,28,93,228,1
228,29,141,228,1
228,30,213,228,1
228,31,246,228,1
228,32,78,228,1
228,33,78,228,1
228,34,78,228,1
228,35,79,228,1
228,36,74,228,1
228,37,70,228,1
228,38,95,228,1
228,39,108,228,1
228,40,198,228,1
228,41,79,228,1
228,42,76,228,1
228,43,74,228,1
228,44,133,228,1
228,45,88,228,1
228,46,141,228,1
228,47,159,228,1
228,48,228,228,1
228,49,228,228,1
228,50,228,228,1
228,51,244,228,1
228,52,164,228,1
228,53,100,228,1
228,54,245,228,1
228,55,198,228,1
228,56,108,228,1
228,57,244,228,1
228,58,196,228,1
228,59,164,228,1
228,60,88,228,1
228,61,133,228,1
228,62,216,228,1
228,63,249,228,1
229,0,158,229,1
229,1,254,229,1
229,2,62,229,1
229,3,175,229,1
229,4,250,229,1
229,5,54,229,1
229,6,191,229,1
229,7,188,229,1
229,8,182,229,1
229,9,175,229,1
229,10,156,229,1
229,11,250,229,1
229,12,117,229,1
229,13,40,229,1
229,14,61,229,1
229,15,191,229,1
229,16,233,229,1
229,17,239,229,1
229,18,227,229,1
229,19,250,229,1
229,20,175,229,1
229,21,99,229,1
229,22,251,229,1
229,23,203,229,1
229,24,107,229,1
229,25,250,229,1
229,26,201,229,1
229,27,175,229,1
229,28,87,229,1
229,29,130,229,1
229,30,211,229,1
229,31,251,229,1
229,32,126,229,1
229,33,30,229,1
229,34,222,229,1
229,35,95,229,1
229,36,90,229,1
229,37,86,229,1
229,38,79,229,1
229,39,124,229,1
229,40,214,229,1
229,41,95,229,1
229,42,92,229,1
229,43,90,229,1
229,44,37,229,1
229,45,168,229,1
229,46,237,229,1
229,47,79,229,1
229,48,231,229,1
229,49,225,229,1
229,50,237,229,1
229,51,245,229,1
229,52,165,229,1
229,53,101,229,1
229,54,244,229,1
229,55,199,229,1
229,56,109,229,1
229,57,245,229,1
229,58,197,229,1
229,59,165,229,1
229,60,82,229,1
229,61,138,229,1
229,62,222,229,1
229,63,244,229,1
230,0,142,230,1
230,1,142,230,1
230,2,142,230,1
230,3,143,230,1
230,4,138,230,1
230,5,134,230,1
230,6,143,230,1
230,7,140,230,1
230,8,134,230,1
230,9,159,230,1
230,10,172,230,1
230,11,202,230,1
230,12,101,230,1
230,13,24,230,1
230,14,77,230,1
230,15,63,230,1
230,16,232,230,1
230,17,232,230,1
230,18,232,230,1
230,19,248,230,1
230,20,168,230,1
230,21,104,230,1
230,22,248,230,1
230,23,200,230,1
230,24,104,230,1
230,25,249,230,1
230,26,202,230,1
230,27,172,230,1
230,28,86,230,1
230,29,129,230,1
230,30,212,230,1
230,31,243,230,1
230,32,110,230,1
230,33,110,230,1
230,34,110,230,1
230,35,127,230,1
230,36,42,230,1
230,37,230,230,1
230,38,127,230,1
230,39,76,230,1
230,40,230,230,1
230,41,111,230,1
230,42,108,230,1
230,43,106,230,1
230,44,53,230,1
230,45,152,230,1
230,46,157,230,1
230,47,207,230,1
230,48,230,230,1
230,49,230,230,1
230,50,230,230,1
230,51,247,230,1
230,52,162,230,1
230,53,110,230,1
230,54,247,230,1
230,55,196,230,1
230,56,110,230,1
230,57,246,230,1
230,58,198,230,1
230,59,166,230,1
230,60,83,230,1
230,61,137,230,1
230,62,217,230,1
230,63,252,230,1
231,0,190,231,1
231,1,222,231,1
231,2,30,231,1
231,3,159,231,1
231,4,154,231,1
231,5,150,231,1
231,6,159,231,1
231,7,156,231,1
231,8,150,231,1
231,9,143,231,1
231,10,188,231,1
231,11,218,231,1
231,12,197,231,1
231,13,232,231,1
231,14,45,231,1
231,15,239,231,1
231,16,235,231,1
231,17,237,231,1
231,18,225,231,1
231,19,249,231,1
231,20,169,231,1
231,21,105,231,1
231,22,249,231,1
231,23,201,231,1
231,24,105,231,1
231,25,248,231,1
231,26,203,231,1
231,27,173,231,1
231,28,92,231,1
231,29,142,231,1
231,30,210,231,1
231,31,254,231,1
231,32,94,231,1
231,33,62,231,1
231,34,254,231,1
231,35,111,231,1
231,36,58,231,1
231,37,246,231,1
231,38,111,231,1
231,39,92,231,1
231,40,246,231,1
231,41,127,231,1
231,42,124,231,1
231,43,122,231,1
231,44,149,231,1
231,45,104,231,1
231,46,253,231,1
231,47,31,231,1
231,48,229,231,1
231,49,227,231,1
231,50,239,231,1
231,51,246,231,1
231,52,163,231,1
231,53,111,231,1
231,54,246,231,1
231,55,197,231,1
231,56,111,231,1
231,57,247,231,1
231,58,199,231,1
231,59,167,231,1
231,60,89,231,1
231,61,134,231,1
231,62,223,231,1
231,63,241,231,1
232,0,110,232,1
232,1,110,232,1
232,2,110,232,1
232,3,127,232,1
232,4,42,232,1
232,5,230,232,1
232,6,127,232,1
232,7,76,232,1
232,8,230,232,1
232,9,111,232,1
232,10,108,232,1
232,11,106,232,1
232,12,53,232,1
232,13,152,232,1
232,14,157,232,1
232,15,207,232,1
232,16,230,232,1
232,17,230,232,1
232,18,230,232,1
232,19,247,232,1
232,20,162,232,1
232,21,110,232,1
232,22,247,232,1
232,23,196,232,1
232,24,110,232,1
232,25,246,232,1
232,26,198,232,1
232,27,166,232,1
232,28,83,232,1
232,29,137,232,1
232,30,217,232,1
232,31,252,232,1
232,32,142,232,1
232,33,142,232,1
232,34,142,232,1
232,35,143,232,1
232,36,138,232,1
232,37,134,232,1
232,38,143,232,1
232,39,140,232,1
232,40,134,232,1
232,41,159,232,1
232,42,172,232,1
232,43,202,232,1
232,44,101,232,1
232,45,24,232,1
232,46,77,232,1
232,47,63,232,1
232,48,232,232,1
232,49,232,232,1
232,50,232,232,1
232,51,248,232,1
232,52,168,232,1
232,53,104,232,1
232,54,248,232,1
232,55,200,232,1
232,56,104,232,1
232,57,249,232,1
232,58,202,232,1
232,59,172,232,1
232,60,86,232,1
232,61,129,232,1
232,62,212,232,1
232,63,243,232,1
233,0,94,233,1
233,1,62,233,1
233,2,254,233,1
233,3,111,233,1
233,4,58,233,1
233,5,246,233,1
233,6,111,233,1
233,7,92,233,1
233,8,246,233,1
233,9,127,233,1
233,10,124,233,1
233,11,122,233,1
233,12,149,233,1
233,13,104,233,1
233,14,253,233,1
233,15,31,233,1
233,16,229,233,1
233,17,227,233,1
233,18,239,233,1
233,19,246,233,1
233,20,163,233,1
233,21,111,233,1
233,22,246,233,1
233,23,197,233,1
233,24,111,233,1
233,25,247,233,1
233,26,199,233,1
233,27,167,233,1
233,28,89,233,1
233,29,134,233,1
233,30,223,233,1
233,31,241,233,1
233,32,190,233,1
233,33,222,233,1
233,34,30,233,1
233,35,159,233,1
233,36,154,233,1
233,37,150,233,1
233,38,159,233,1
233,39,156,233,1
233,40,150,233,1
233,41,143,233,1
233,42,188,233,1
233,43,218,233,1
233,44,197,233,1
233,45,232,233,1
233,46,45,233,1
233,47,239,233,1
233,48,235,233,1
233,49,237,233,1
233,50,225,233,1
233,51,249,233,1
233,52,169,233,1
233,53,105,233,1
233,54,249,233,1
233,55,201,233,1
233,56,105,233,1
233,57,248,233,1
233,58,203,233,1
233,59,173,233,1
233,60,92,233,1
233,61,142,233,1
233,62,210,233,1
233,63,254,233,1
234,0,78,234,1
234,1,78,234,1
234,2,78,234,1
234,3,79,234,1
234,4,74,234,1
234,5,70,234,1
234,6,95,234,1
234,7,108,234,1
234,8,198,234,1
234,9,79,234,1
234,10,76,234,1
234,11,74,234,1
234,12,133,234,1
234,13,88,234,1
234,14,141,234,1
234,15,159,234,1
234,16,228,234,1
234,17,228,234,1
234,18,228,234,1
234,19,244,234,1
234,20,164,234,1
234,21,100,234,1
234,22,245,234,1
234,23,198,234,1
234,24,108,234,1
234,25,244,234,1
234,26,196,234,1
234,27,164,234,1
234,28,88,234,1
234,29,133,234,1
234,30,216,234,1
234,31,249,234,1
234,32,174,234,1
234,33,174,234,1
234,34,174,234,1
234,35,191,234,1
234,36,234,234,1
234,37,38,234,1
234,38,175,234,1
234,39,172,234,1
234,40,166,234,1
234,41,191,234,1
234,42,140,234,1
234,43,234,234,1
234,44,213,234,1
234,45,216,234,1
234,46,93,234,1
234,47,111,234,1
234,48,234,234,1
234,49,234,234,1
234,50,234,234,1
234,51,251,234,1
234,52,174,234,1
234,53,98,234,1
234,54,250,234,1
234,55,202,234,1
234,56,106,234,1
234,57,251,234,1
234,58,200,234,1
234,59,174,234,1
234,60,93,234,1
234,61,141,234,1
234,62,213,234,1
234,63,246,234,1
235,0,126,235,1
235,1,30,235,1
235,2,222,235,1
235,3,95,235,1
235,4,90,235,1
235,5,86,235,1
235,6,79,235,1
235,7,124,235,1
235,8,214,235,1
235,9,95,235,1
235,10,92,235,1
235,11,90,235,1
235,12,37,235,1
235,13,168,235,1
235,14,237,235,1
235,15,79,235,1
235,16,231,235,1
235,17,225,235,1
235,18,237,235,1
235,19,245,235,1
235,20,165,235,1
235,21,101,235,1
235,22,244,235,1
235,23,199,235,1
235,24,109,235,1
235,25,245,235,1
235,26,197,235,1
235,27,165,235,1
235,28,82,235,1
235,29,138,235,1
235,30,222,235,1
235,31,244,235,1
235,32,158,235,1
235,33,254,235,1
235,34,62,235,1
235,35,175,235,1
235,36,250,235,1
235,37,54,235,1
235,38,191,235,1
235,39,188,235,1
235,40,182,235,1
235,41,175,235,1
235,42,156,235,1
235,43,250,235,1
235,44,117,235,1
235,45,40,235,1
235,46,61,235,1
235,47,191,235,1
235,48,233,235,1
235,49,239,235,1
235,50,227,235,1
235,51,250,235,1
235,52,175,235,1
235,53,99,235,1
235,54,251,235,1
235,55,203,235,1
235,56,107,235,1
235,57,250,235,1
235,58,201,235,1
235,59,175,235,1
235,60,87,235,1
235,61,130,235,1
235,62,211,235,1
235,63,251,235,1
236,0,46,236,1
236,1,46,236,1
236,2,46,236,1
236,3,63,236,1
236,4,106,236,1
236,5,166,236,1
236,6,47,236,1
236,7,44,236,1
236,8,38,236,1
236,9,47,236,1
236,10,44,236,1
236,11,42,236,1
236,12,181,236,1
236,13,200,236,1
236,14,29,236,1
236,15,95,236,1
236,16,226,236,1
236,17,226,236,1
236,18,226,236,1
236,19,243,236,1
236,20,166,236,1
236,21,106,236,1
236,22,242,236,1
236,23,194,236,1
236,24,98,236,1
236,25,242,236,1
236,26,194,236,1
236,27,162,236,1
236,28,91,236,1
236,29,140,236,1
236,30,209,236,1
236,31,245,236,1
236,32,206,236,1
236,33,206,236,1
236,34,206,236,1
236,35,207,236,1
236,36,202,236,1
236,37,198,236,1
236,38,223,236,1
236,39,236,236,1
236,40,70,236,1
236,41,223,236,1
236,42,236,236,1
236,43,138,236,1
236,44,229,236,1
236,45,72,236,1
236,46,205,236,1
236,47,175,236,1
236,48,236,236,1
236,49,236,236,1
236,50,236,236,1
236,51,252,236,1
236,52,172,236,1
236,53,108,236,1
236,54,253,236,1
236,55,206,236,1
236,56,100,236,1
236,57,253,236,1
236,58,206,236,1
236,59,168,236,1
236,60,94,236,1
236,61,132,236,1
236,62,220,236,1
236,63,250,236,1
237,0,30,237,1
237,1,126,237,1
237,2,190,237,1
237,3,47,237,1
237,4,122,237,1
237,5,182,237,1
237,6,63,237,1
237,7,60,237,1
237,8,54,237,1
237,9,63,237,1
237,10,60,237,1
237,11,58,237,1
237,12,21,237,1
237,13,56,237,1
237,14,125,237,1
237,15,143,237,1
237,16,225,237,1
237,17,231,237,1
237,18,235,237,1
237,19,242,237,1
237,20,167,237,1
237,21,107,237,1
237,22,243,237,1
237,23,195,237,1
237,24,99,237,1
237,25,243,237,1
237,26,195,237,1
237,27,163,237,1
237,28,81,237,1
237,29,131,237,1
237,30,215,237,1
237,31,248,237,1
237,32,254,237,1
237,33,158,237,1
237,34,94,237,1
237,35,223,237,1
237,36,218,237,1
237,37,214,237,1
237,38,207,237,1
237,39,252,237,1
237,40,86,237,1
237,41,207,237,1
237,42,252,237,1
237,43,154,237,1
237,44,69,237,1
237,45,184,237,1
237,46,173,237,1
237,47,127,237,1
237,48,239,237,1
237,49,233,237,1
237,50,229,237,1
237,51,253,237,1
237,52,173,237,1
237,53,109,237,1
237,54,252,237,1
237,55,207,237,1
237,56,101,237,1
237,57,252,237,1
237,58,207,237,1
237,59,169,237,1
237,60,84,237,1
237,61,139,237,1
237,62,218,237,1
237,63,247,237,1
238,0,14,238,1
238,1,14,238,1
238,2,14,238,1
238,3,15,238,1
238,4,10,238,1
238,5,6,238,1
238,6,15,238,1
238,7,12,238,1
238,8,6,238,1
238,9,15,238,1
238,10,12,238,1
238,11,10,238,1
238,12,5,238,1
238,13,8,238,1
238,14,13,238,1
238,15,15,238,1
238,16,224,238,1
238,17,224,238,1
238,18,224,238,1
238,19,240,238,1
238,20,160,238,1
238,21,96,238,1
238,22,240,238,1
238,23,192,238,1
238,24,96,238,1
238,25,240,238,1
238,26,192,238,1
238,27,160,238,1
238,28,80,238,1
238,29,128,238,1
238,30,208,238,1
238,31,240,238,1
238,32,238,238,1
238,33,238,238,1
238,34,238,238,1
238,35,255,238,1
238,36,170,238,1
238,37,102,238,1
238,38,255,238,1
238,39,204,238,1
238,40,102,238,1
238,41,255,238,1
238,42,204,238,1
238,43,170,238,1
238,44,85,238,1
238,45,136,238,1
238,46,221,238,1
238,47,255,238,1
238,48,238,238,1
238,49,238,238,1
238,50,238,238,1
238,51,255,238,1
238,52,170,238,1
238,53,102,238,1
238,54,255,238,1
238,55,204,238,1
238,56,102,238,1
238,57,255,238,1
238,58,204,238,1
238,59,170,238,1
238,60,85,238,1
238,61,136,238,1
238,62,221,238,1
238,63,255,238,1
239,0,62,239,1
239,1,94,239,1
239,2,158,239,1
239,3,31,239,1
239,4,26,239,1
239,5,22,239,1
239,6,31,239,1
239,7,28,239,1
239,8,22,239,1
239,9,31,239,1
239,10,28,239,1
239,11,26,239,1
239,12,165,239,1
239,13,248,239,1
239,14,109,239,1
239,15,223,239,1
239,16,227,239,1
239,17,229,239,1
239,18,233,239,1
239,19,241,239,1
239,20,161,239,1
239,21,97,239,1
239,22,241,239,1
239,23,193,239,1
239,24,97,239,1
239,25,241,239,1
239,26,193,239,1
239,27,161,239,1
239,28,90,239,1
239,29,143,239,1
239,30,214,239,1
239,31,253,239,1
239,32,222,239,1
239,33,190,239,1
239,34,126,239,1
239,35,239,239,1
239,36,186,239,1
239,37,118,239,1
239,38,239,239,1
239,39,220,239,1
239,40,118,239,1
239,41,239,239,1
239,42,220,239,1
239,43,186,239,1
239,44,245,239,1
239,45,120,239,1
239,46,189,239,1
239,47,47,239,1
239,48,237,239,1
239,49,235,239,1
239,50,231,239,1
239,51,254,239,1
239,52,171,239,1
239,53,103,239,1
239,54,254,239,1
239,55,205,239,1
239,56,103,239,1
239,57,254,239,1
239,58,205,239,1
239,59,171,239,1
239,60,95,239,1
239,61,135,239,1
239,62,219,239,1
239,63,242,239,1
240,0,221,240,1
240,1,187,240,1
240,2,119,240,1
240,3,238,240,1
240,4,187,240,1
240,5,119,240,1
240,6,238,240,1
240,7,221,240,1
240,8,119,240,1
240,9,238,240,1
240,10,221,240,1
240,11,187,240,1
240,12,255,240,1
240,13,119,240,1
240,14,187,240,1
240,15,34,240,1
240,16,221,240,1
240,17,187,240,1
240,18,119,240,1
240,19,238,240,1
240,20,187,240,1
240,21,119,240,1
240,22,238,240,1
240,23,221,240,1
240,24,119,240,1
240,25,238,240,1
240,26,221,240,1
240,27,187,240,1
240,28,255,240,1
240,29,119,240,1
240,30,187,240,1
240,31,34,240,1
240,32,13,240,1
240,33,11,240,1
240,34,7,240,1
240,35,14,240,1
240,36,11,240,1
240,37,7,240,1
240,38,14,240,1
240,39,13,240,1
240,40,7,240,1
240,41,14,240,1
240,42,13,240,1
240,43,11,240,1
240,44,15,240,1
240,45,7,240,1
240,46,11,240,1
240,47,2,240,1
240,48,208,240,1
240,49,176,240,1
240,50,112,240,1
240,51,224,240,1
240,52,176,240,1
240,53,112,240,1
240,54,224,240,1
240,55,208,240,1
240,56,112,240,1
240,57,224,240,1
240,58,208,240,1
240,59,176,240,1
240,60,240,240,1
240,61,112,240,1
240,62,176,240,1
240,63,32,240,1
241,0,237,241,1
241,1,235,241,1
241,2,231,241,1
241,3,254,241,1
241,4,171,241,1
241,5,103,241,1
241,6,254,241,1
241,7,205,241,1
241,8,103,241,1
241,9,254,241,1
241,10,205,241,1
241,11,171,241,1
241,12,95,241,1
241,13,135,241,1
241,14,219,241,1
241,15,242,241,1
241,16,222,241,1
241,17,190,241,1
241,18,126,241,1
241,19,239,241,1
241,20,186,241,1
241,21,118,241,1
241,22,239,241,1
241,23,220,241,1
241,24,118,241,1
241,25,239,241,1
241,26,220,241,1
241,27,186,241,1
241,28,245,241,1
241,29,120,241,1
241,30,189,241,1
241,31,47,241,1
241,32,61,241,1
241,33,91,241,1
241,34,151,241,1
241,35,30,241,1
241,36,27,241,1
241,37,23,241,1
241,38,30,241,1
241,39,29,241,1
241,40,23,241,1
241,41,30,241,1
241,42,29,241,1
241,43,27,241,1
241,44,175,241,1
241,45,247,241,1
241,46,107,241,1
241,47,210,241,1
241,48,211,241,1
241,49,181,241,1
241,50,121,241,1
241,51,225,241,1
241,52,177,241,1
241,53,113,241,1
241,54,225,241,1
241,55,209,241,1
241,56,113,241,1
241,57,225,241,1
241,58,209,241,1
241,59,177,241,1
241,60,250,241,1
241,61,127,241,1
241,62,182,241,1
241,63,45,241,1
242,0,253,242,1
242,1,155,242,1
242,2,87,242,1
242,3,222,242,1
242,4,219,242,1
242,5,215,242,1
242,6,206,242,1
242,7,253,242,1
242,8,87,242,1
242,9,206,242,1
242,10,253,242,1
242,11,155,242,1
242,12,79,242,1
242,13,183,242,1
242,14,171,242,1
242,15,114,242,1
242,16,223,242,1
242,17,185,242,1
242,18,117,242,1
242,19,237,242,1
242,20,189,242,1
242,21,125,242,1
242,22,236,242,1
242,23,223,242,1
242,24,117,242,1
242,25,236,242,1
242,26,223,242,1
242,27,185,242,1
242,28,244,242,1
242,29,123,242,1
242,30,186,242,1
242,31,39,242,1
242,32,45,242,1
242,33,43,242,1
242,34,39,242,1
242,35,62,242,1
242,36,107,242,1
242,37,167,242,1
242,38,46,242,1
242,39,45,242,1
242,40,39,242,1
242,41,46,242,1
242,42,45,242,1
242,43,43,242,1
242,44,191,242,1
242,45,199,242,1
242,46,27,242,1
242,47,82,242,1
242,48,210,242,1
242,49,178,242,1
242,50,114,242,1
242,51,227,242,1
242,52,182,242,1
242,53,122,242,1
242,54,226,242,1
242,55,210,242,1
242,56,114,242,1
242,57,226,242,1
242,58,210,242,1
242,59,178,242,1
242,60,251,242,1
242,61,124,242,1
242,62,177,242,1
242,63,37,242,1
243,0,205,243,1
243,1,203,243,1
243,2,199,243,1
243,3,206,243,1
243,4,203,243,1
243,5,199,243,1
243,6,222,243,1
243,7,237,243,1
243,8,71,243,1
243,9,222,243,1
243,10,237,243,1
243,11,139,243,1
243,12,239,243,1
243,13,71,243,1
243,14,203,243,1
243,15,162,243,1
243,16,220,243,1
243,17,188,243,1
243,18,124,243,1
243,19,236,243,1
243,20,188,243,1
243,21,124,243,1
243,22,237,243,1
243,23,222,243,1
243,24,116,243,1
243,25,237,243,1
243,26,222,243,1
243,27,184,243,1
243,28,254,243,1
243,29,116,243,1
243,30,188,243,1
243,31,42,243,1
243,32,29,243,1
243,33,123,243,1
243,34,183,243,1
243,35,46,243,1
243,36,123,243,1
243,37,183,243,1
243,38,62,243,1
243,39,61,243,1
243,40,55,243,1
243,41,62,243,1
243,42,61,243,1
243,43,59,243,1
243,44,31,243,1
243,45,55,243,1
243,46,123,243,1
243,47,130,243,1
243,48,209,243,1
243,49,183,243,1
243,50,123,243,1
243,51,226,243,1
243,52,183,243,1
243,53,123,243,1
243,54,227,243,1
243,55,211,243,1
243,56,115,243,1
243,57,227,243,1
243,58,211,243,1
243,59,179,243,1
243,60,241,243,1
243,61,115,243,1
243,62,183,243,1
243,63,40,243,1
244,0,157,244,1
244,1,251,244,1
244,2,55,244,1
244,3,174,244,1
244,4,251,244,1
244,5,55,244,1
244,6,190,244,1
244,7,189,244,1
244,8,183,244,1
244,9,174,244,1
244,10,157,244,1
244,11,251,244,1
244,12,127,244,1
244,13,39,244,1
244,14,59,244,1
244,15,178,244,1
244,16,217,244,1
244,17,191,244,1
244,18,115,244,1
244,19,234,244,1
244,20,191,244,1
244,21,115,244,1
244,22,235,244,1
244,23,219,244,1
244,24,123,244,1
244,25,234,244,1
244,26,217,244,1
244,27,191,244,1
244,28,247,244,1
244,29,114,244,1
244,30,179,244,1
244,31,43,244,1
244,32,77,244,1
244,33,75,244,1
244,34,71,244,1
244,35,78,244,1
244,36,75,244,1
244,37,71,244,1
244,38,94,244,1
244,39,109,244,1
244,40,199,244,1
244,41,78,244,1
244,42,77,244,1
244,43,75,244,1
244,44,143,244,1
244,45,87,244,1
244,46,139,244,1
244,47,146,244,1
244,48,212,244,1
244,49,180,244,1
244,50,116,244,1
244,51,228,244,1
244,52,180,244,1
244,53,116,244,1
244,54,229,244,1
244,55,214,244,1
244,56,124,244,1
244,57,228,244,1
244,58,212,244,1
244,59,180,244,1
244,60,248,244,1
244,61,117,244,1
244,62,184,244,1
244,63,41,244,1
245,0,173,245,1
245,1,171,245,1
245,2,167,245,1
245,3,190,245,1
245,4,235,245,1
245,5,39,245,1
245,6,174,245,1
245,7,173,245,1
245,8,167,245,1
245,9,190,245,1
245,10,141,245,1
245,11,235,245,1
245,12,223,245,1
245,13,215,245,1
245,14,91,245,1
245,15,98,245,1
245,16,218,245,1
245,17,186,245,1
245,18,122,245,1
245,19,235,245,1
245,20,190,245,1
245,21,114,245,1
245,22,234,245,1
245,23,218,245,1
245,24,122,245,1
245,25,235,245,1
245,26,216,245,1
245,27,190,245,1
245,28,253,245,1
245,29,125,245,1
245,30,181,245,1
245,31,38,245,1
245,32,125,245,1
245,33,27,245,1
245,34,215,245,1
245,35,94,245,1
245,36,91,245,1
245,37,87,245,1
245,38,78,245,1
245,39,125,245,1
245,40,215,245,1
245,41,94,245,1
245,42,93,245,1
245,43,91,245,1
245,44,47,245,1
245,45,167,245,1
245,46,235,245,1
245,47,66,245,1
245,48,215,245,1
245,49,177,245,1
245,50,125,245,1
245,51,229,245,1
245,52,181,245,1
245,53,117,245,1
245,54,228,245,1
245,55,215,245,1
245,56,125,245,1
245,57,229,245,1
245,58,213,245,1
245,59,181,245,1
245,60,242,245,1
245,61,122,245,1
245,62,190,245,1
245,63,36,245,1
246,0,189,246,1
246,1,219,246,1
246,2,23,246,1
246,3,158,246,1
246,4,155,246,1
246,5,151,246,1
246,6,158,246,1
246,7,157,246,1
246,8,151,246,1
246,9,142,246,1
246,10,189,246,1
246,11,219,246,1
246,12,207,246,1
246,13,231,246,1
246,14,43,246,1
246,15,226,246,1
246,16,219,246,1
246,17,189,246,1
246,18,113,246,1
246,19,233,246,1
246,20,185,246,1
246,21,121,246,1
246,22,233,246,1
246,23,217,246,1
246,24,121,246,1
246,25,232,246,1
246,26,219,246,1
246,27,189,246,1
246,28,252,246,1
246,29,126,246,1
246,30,178,246,1
246,31,46,246,1
246,32,109,246,1
246,33,107,246,1
246,34,103,246,1
246,35,126,246,1
246,36,43,246,1
246,37,231,246,1
246,38,126,246,1
246,39,77,246,1
246,40,231,246,1
246,41,110,246,1
246,42,109,246,1
246,43,107,246,1
246,44,63,246,1
246,45,151,246,1
246,46,155,246,1
246,47,194,246,1
246,48,214,246,1
246,49,182,246,1
246,50,118,246,1
246,51,231,246,1
246,52,178,246,1
246,53,126,246,1
246,54,231,246,1
246,55,212,246,1
246,56,126,246,1
246,57,230,246,1
246,58,214,246,1
246,59,182,246,1
246,60,243,246,1
246,61,121,246,1
246,62,185,246,1
246,63,44,246,1
247,0,141,247,1
247,1,139,247,1
247,2,135,247,1
247,3,142,247,1
247,4,139,247,1
247,5,135,247,1
247,6,142,247,1
247,7,141,247,1
247,8,135,247,1
247,9,158,247,1
247,10,173,247,1
247,11,203,247,1
247,12,111,247,1
247,13,23,247,1
247,14,75,247,1
247,15,50,247,1
247,16,216,247,1
247,17,184,247,1
247,18,120,247,1
247,19,232,247,1
247,20,184,247,1
247,21,120,247,1
247,22,232,247,1
247,23,216,247,1
247,24,120,247,1
247,25,233,247,1
247,26,218,247,1
247,27,188,247,1
247,28,246,247,1
247,29,113,247,1
247,30,180,247,1
247,31,35,247,1
247,32,93,247,1
247,33,59,247,1
247,34,247,247,1
247,35,110,247,1
247,36,59,247,1
247,37,247,247,1
247,38,110,247,1
247,39,93,247,1
247,40,247,247,1
247,41,126,247,1
247,42,125,247,1
247,43,123,247,1
247,44,159,247,1
247,45,103,247,1
247,46,251,247,1
247,47,18,247,1
247,48,213,247,1
247,49,179,247,1
247,50,127,247,1
247,51,230,247,1
247,52,179,247,1
247,53,127,247,1
247,54,230,247,1
247,55,213,247,1
247,56,127,247,1
247,57,231,247,1
247,58,215,247,1
247,59,183,247,1
247,60,249,247,1
247,61,118,247,1
247,62,191,247,1
247,63,33,247,1
248,0,93,248,1
248,1,59,248,1
248,2,247,248,1
248,3,110,248,1
248,4,59,248,1
248,5,247,248,1
248,6,110,248,1
248,7,93,248,1
248,8,247,248,1
248,9,126,248,1
248,10,125,248,1
248,11,123,248,1
248,12,159,248,1
248,13,103,248,1
248,14,251,248,1
248,15,18,248,1
248,16,213,248,1
248,17,179,248,1
248,18,127,248,1
248,19,230,248,1
248,20,179,248,1
248,21,127,248,1
248,22,230,248,1
248,23,213,248,1
248,24,127,248,1
248,25,231,248,1
248,26,215,248,1
248,27,183,248,1
248,28,249,248,1
248,29,118,248,1
248,30,191,248,1
248,31,33,248,1
248,32,141,248,1
248,33,139,248,1
248,34,135,248,1
248,35,142,248,1
248,36,139,248,1
248,37,135,248,1
248,38,142,248,1
248,39,141,248,1
248,40,135,248,1
248,41,158,248,1
248,42,173,248,1
248,43,203,248,1
248,44,111,248,1
248,45,23,248,1
248,46,75,248,1
248,47,50,248,1
248,48,216,248,1
248,49,184,248,1
248,50,120,248,1
248,51,232,248,1
248,52,184,248,1
248,53,120,248,1
248,54,232,248,1
248,55,216,248,1
248,56,120,248,1
248,57,233,248,1
248,58,218,248,1
248,59,188,248,1
248,60,246,248,1
248,61,113,248,1
248,62,180,248,1
248,63,35,248,1
249,0,109,249,1
249,1,107,249,1
249,2,103,249,1
249,3,126,249,1
249,4,43,249,1
249,5,231,249,1
249,6,126,249,1
249,7,77,249,1
249,8,231,249,1
249,9,110,249,1
249,10,109,249,1
249,11,107,249,1
249,12,63,249,1
249,13,151,249,1
249,14,155,249,1
249,15,194,249,1
249,16,214,249,1
249,17,182,249,1
249,18,118,249,1
249,19,231,249,1
249,20,178,249,1
249,21,126,249,1
249,22,231,249,1
249,23,212,249,1
249,24,126,249,1
249,25,230,249,1
249,26,214,249,1
249,27,182,249,1
249,28,243,249,1
249,29,121,249,1
249,30,185,249,1
249,31,44,249,1
249,32,189,249,1
249,33,219,249,1
249,34,23,249,1
249,35,158,249,1
249,36,155,249,1
249,37,151,249,1
249,38,158,249,1
249,39,157,249,1
249,40,151,249,1
249,41,142,249,1
249,42,189,249,1
249,43,219,249,1
249,44,207,249,1
249,45,231,249,1
249,46,43,249,1
249,47,226,249,1
249,48,219,249,1
249,49,189,249,1
249,50,113,249,1
249,51,233,249,1
249,52,185,249,1
249,53,121,249,1
249,54,233,249,1
249,55,217,249,1
249,56,121,249,1
249,57,232,249,1
249,58,219,249,1
249,59,189,249,1
249,60,252,249,1
249,61,126,249,1
249,62,178,249,1
249,63,46,249,1
250,0,125,250,1
250,1,27,250,1
250,2,215,250,1
250,3,94,250,1
250,4,91,250,1
250,5,87,250,1
250,6,78,250,1
250,7,125,250,1
250,8,215,250,1
250,9,94,250,1
250,10,93,250,1
250,11,91,250,1
250,12,47,250,1
250,13,167,250,1
250,14,235,250,1
250,15,66,250,1
250,16,215,250,1
250,17,177,250,1
250,18,125,250,1
250,19,229,250,1
250,20,181,250,1
250,21,117,250,1
250,22,228,250,1
250,23,215,250,1
250,24,125,250,1
250,25,229,250,1
250,26,213,250,1
250,27,181,250,1
250,28,242,250,1
250,29,122,250,1
250,30,190,250,1
250,31,36,250,1
250,32,173,250,1
250,33,171,250,1
250,34,167,250,1
250,35,190,250,1
250,36,235,250,1
250,37,39,250,1
250,38,174,250,1
250,39,173,250,1
250,40,167,250,1
250,41,190,250,1
250,42,141,250,1
250,43,235,250,1
250,44,223,250,1
250,45,215,250,1
250,46,91,250,1
250,47,98,250,1
250,48,218,250,1
250,49,186,250,1
250,50,122,250,1
250,51,235,250,1
250,52,190,250,1
250,53,114,250,1
250,54,234,250,1
250,55,218,250,1
250,56,122,250,1
250,57,235,250,1
250,58,216,250,1
250,59,190,250,1
250,60,253,250,1
250,61,125,250,1
250,62,181,250,1
250,63,38,250,1
251,0,77,251,1
251,1,75,251,1
251,2,71,251,1
251,3,78,251,1
251,4,75,251,1
251,5,71,251,1
251,6,94,251,1
251,7,109,251,1
251,8,199,251,1
251,9,78,251,1
251,10,77,251,1
251,11,75,251,1
251,12,143,251,1
251,13,87,251,1
251,14,139,251,1
251,15,146,251,1
251,16,212,251,1
251,17,180,251,1
251,18,116,251,1
251,19,228,251,1
251,20,180,251,1
251,21,116,251,1
251,22,229,251,1
251,23,214,251,1
251,24,124,251,1
251,25,228,251,1
251,26,212,251,1
251,27,180,251,1
251,28,248,251,1
251,29,117,251,1
251,30,184,251,1
251,31,41,251,1
251,32,157,251,1
251,33,251,251,1
251,34,55,251,1
251,35,174,251,1
251,36,251,251,1
251,37,55,251,1
251,38,190,251,1
251,39,189,251,1
251,40,183,251,1
251,41,174,251,1
251,42,157,251,1
251,43,251,251,1
251,44,127,251,1
251,45,39,251,1
251,46,59,251,1
251,47,178,251,1
251,48,217,251,1
251,49,191,251,1
251,50,115,251,1
251,51,234,251,1
251,52,191,251,1
251,53,115,251,1
251,54,235,251,1
251,55,219,251,1
251,56,123,251,1
251,57,234,251,1
251,58,217,251,1
251,59,191,251,1
251,60,247,251,1
251,61,114,251,1
251,62,179,251,1
251,63,43,251,1
252,0,29,252,1
252,1,123,252,1
252,2,183,252,1
252,3,46,252,1
252,4,123,252,1
252,5,183,252,1
252,6,62,252,1
252,7,61,252,1
252,8,55,252,1
252,9,62,252,1
252,10,61,252,1
252,11,59,252,1
252,12,31,252,1
252,13,55,252,1
252,14,123,252,1
252,15,130,252,1
252,16,209,252,1
252,17,183,252,1
252,18,123,252,1
252,19,226,252,1
252,20,183,252,1
252,21,123,252,1
252,22,227,252,1
252,23,211,252,1
252,24,115,252,1
252,25,227,252,1
252,26,211,252,1
252,27,179,252,1
252,28,241,252,1
252,29,115,252,1
252,30,183,252,1
252,31,40,252,1
252,32,205,252,1
252,33,203,252,1
252,34,199,252,1
252,35,206,252,1
252,36,203,252,1
252,37,199,252,1
252,38,222,252,1
252,39,237,252,1
252,40,71,252,1
252,41,222,252,1
252,42,237,252,1
252,43,139,252,1
252,44,239,252,1
252,45,71,252,1
252,46,203,252,1
252,47,162,252,1
252,48,220,252,1
252,49,188,252,1
252,50,124,252,1
252,51,236,252,1
252,52,188,252,1
252,53,124,252,1
252,54,237,252,1
252,55,222,252,1
252,56,116,252,1
252,57,237,252,1
252,58,222,252,1
252,59,184,252,1
252,60,254,252,1
252,61,116,252,1
252,62,188,252,1
252,63,42,252,1
253,0,45,253,1
253,1,43,253,1
253,2,39,253,1
253,3,62,253,1
253,4,107,253,1
253,5,167,253,1
253,6,46,253,1
253,7,45,253,1
253,8,39,253,1
253,9,46,253,1
253,10,45,253,1
253,11,43,253,1
253,12,191,253,1
253,13,199,253,1
253,14,27,253,1
253,15,82,253,1
253,16,210,253,1
253,17,178,253,1
253,18,114,253,1
253,19,227,253,1
253,20,182,253,1
253,21,122,253,1
253,22,226,253,1
253,23,210,253,1
253,24,114,253,1
253,25,226,253,1
253,26,210,253,1
253,27,178,253,1
253,28,251,253,1
253,29,124,253,1
253,30,177,253,1
253,31,37,253,1
253,32,253,253,1
253,33,155,253,1
253,34,87,253,1
253,35,222,253,1
253,36,219,253,1
253,37,215,253,1
253,38,206,253,1
253,39,253,253,1
253,40,87,253,1
253,41,206,253,1
253,42,253,253,1
253,43,155,253,1
253,44,79,253,1
253,45,183,253,1
253,46,171,253,1
253,47,114,253,1
253,48,223,253,1
253,49,185,253,1
253,50,117,253,1
253,51,237,253,1
253,52,189,253,1
253,53,125,253,1
253,54,236,253,1
253,55,223,253,1
253,56,117,253,1
253,57,236,253,1
253,58,223,253,1
253,59,185,253,1
253,60,244,253,1
253,61,123,253,1
253,62,186,253,1
253,63,39,253,1
254,0,61,254,1
254,1,91,254,1
254,2,151,254,1
254,3,30,254,1
254,4,27,254,1
254,5,23,254,1
254,6,30,254,1
254,7,29,254,1
254,8,23,254,1
254,9,30,254,1
254,10,29,254,1
254,11,27,254,1
254,12,175,254,1
254,13,247,254,1
254,14,107,254,1
254,15,210,254,1
254,16,211,254,1
254,17,181,254,1
254,18,121,254,1
254,19,225,254,1
254,20,177,254,1
254,21,113,254,1
254,22,225,254,1
254,23,209,254,1
254,24,113,254,1
254,25,225,254,1
254,26,209,254,1
254,27,177,254,1
254,28,250,254,1
254,29,127,254,1
254,30,182,254,1
254,31,45,254,1
254,32,237,254,1
254,33,235,254,1
254,34,231,254,1
254,35,254,254,1
254,36,171,254,1
254,37,103,254,1
254,38,254,254,1
254,39,205,254,1
254,40,103,254,1
254,41,254,254,1
254,42,205,254,1
254,43,171,254,1
254,44,95,254,1
254,45,135,254,1
254,46,219,254,1
254,47,242,254,1
254,48,222,254,1
254,49,190,254,1
254,50,126,254,1
254,51,239,254,1
254,52,186,254,1
254,53,118,254,1
254,54,239,254,1
254,55,220,254,1
254,56,118,254,1
254,57,239,254,1
254,58,220,254,1
254,59,186,254,1
254,60,245,254,1
254,61,120,254,1
254,62,189,254,1
254,63,47,254,1
255,0,13,255,1
255,1,11,255,1
255,2,7,255,1
255,3,14,255,1
255,4,11,255,1
255,5,7,255,1
255,6,14,255,1
255,7,13,255,1
255,8,7,255,1
255,9,14,255,1
255,10,13,255,1
255,11,11,255,1
255,12,15,255,1
255,13,7,255,1
255,14,11,255,1
255,15,2,255,1
255,16,208,255,1
255,17,176,255,1
255,18,112,255,1
255,19,224,255,1
255,20,176,255,1
255,21,112,255,1
255,22,224,255,1
255,23,208,255,1
255,24,112,255,1
255,25,224,255,1
255,26,208,255,1
255,27,176,255,1
255,28,240,255,1
255,29,112,255,1
255,30,176,255,1
255,31,32,255,1
255,32,221,255,1
255,33,187,255,1
255,34,119,255,1
255,35,238,255,1
255,36,187,255,1
255,37,119,255,1
255,38,238,255,1
255,39,221,255,1
255,40,119,255,1
255,41,238,255,1
255,42,221,255,1
255,43,187,255,1
255,44,255,255,1
255,45,119,255,1
255,46,187,255,1
255,47,34,255,1
255,48,221,255,1
255,49,187,255,1
255,50,119,255,1
255,51,238,255,1
255,52,187,255,1
255,53,119,255,1
255,54,238,255,1
255,55,221,255,1
255,56,119,255,1
255,57,238,255,1
255,58,221,255,1
255,59,187,255,1
255,60,255,255,1
255,61,119,255,1
255,62,187,255,1
255,63,34,255,1
